planet_name,host_star,discovery_method,discovery_year,orbital_period_days,planet_mass_earth,planet_radius_earth,equilibrium_temp_k,distance_parsecs,in_habitable_zone
TOI-5789 c,TOI-5789,Transit,,12.927748,5.0,2.86,718.0,20.4581,False
TOI-1243 b,TOI-1243,Transit,2026.0,4.6594779,7.7,2.33,450.0,43.1865,False
TOI-1269 c,TOI-1269,Transit,2026.0,9.23786144195,,2.22999162,,172.138,False
TOI-1291 b,TOI-1291,Transit,2026.0,7.1620097551,,5.63826391,,428.123,False
TOI-205 b,TOI-205,Transit,2026.0,4.25300773815,,2.50121142,,177.759,False
TOI-209 b,TOI-209,Transit,2026.0,4.37943587445,,2.3947209,,113.387,False
TOI-375 b,TOI-375,Transit,2026.0,9.45469,236.78216321,10.77183045,1373.0,396.213,False
TOI-697 b,TOI-697,Transit,2026.0,8.60788713593,,2.35859364,,93.7714,False
TOI-4588 b,TOI-4588,Transit,2026.0,13.11881173651,,2.92922558,,225.181,False
TOI-5159 b,TOI-5159,Transit,2026.0,5.83639428843,,1.54732112,,55.1788,False
TOI-5160 b,TOI-5160,Transit,2026.0,4.280773256,,2.39729851,,151.465,False
TOI-5292 A b,TOI-5292 A,Transit,2026.0,2.02191,412.85910069,12.64373023,809.0,337.095,False
TOI-5335 b,TOI-5335,Transit,2026.0,3.61365988443,,4.02422162,,331.289,False
TOI-5349 b,TOI-5349,Transit,2026.0,3.317921,127.4,10.2,719.0,188.336,False
TOI-5380 b,TOI-5380,Transit,2026.0,3.77229247873,,3.48093238,,286.781,False
TOI-5422 b,TOI-5422,Transit,2026.0,5.377219,8899.195396,9.10169233,1369.0,346.141,False
TOI-5486 b,TOI-5486,Transit,2026.0,2.02470073205,,3.96824928,,89.6811,False
TOI-5502 b,TOI-5502,Transit,2026.0,11.62592988285,,4.1287378,,248.654,False
TOI-5515 b,TOI-5515,Transit,2026.0,8.59225810839,,2.65362762,,135.459,False
TOI-5532 b,TOI-5532,Transit,2026.0,5.6539659431,,2.52763693,,90.9985,False
TOI-4029 b,TOI-4029,Transit,2026.0,5.88498234631,,6.73756618,,274.436,False
TOI-4030 b,TOI-4030,Transit,2026.0,2.50900199461,,5.8462559,,571.615,False
TOI-4156 b,TOI-4156,Transit,2026.0,4.46189034133,,2.53823825,,213.719,False
TOI-4363 b,TOI-4363,Transit,2026.0,2.11867592279,,1.76689273,,77.7751,False
TOI-4405 b,TOI-4405,Transit,2026.0,5.92143995316,,2.55505441,,155.501,False
TOI-4495 b,TOI-4495,Transit,2026.0,2.56699,7.7,2.483,1735.0,132.214,False
TOI-4511 b,TOI-4511,Transit,2026.0,10.98090968596,,2.75304932,,121.832,False
TOI-4513 b,TOI-4513,Transit,2026.0,9.76042253684,,2.34587608,,102.609,False
TOI-4529 b,TOI-4529,Transit,2026.0,5.879577,4.9,1.77,511.0,28.384,False
TOI-4552 b,TOI-4552,Transit,2026.0,0.30110032,1.83,1.11,1122.0,27.2684,False
TOI-4561 b,TOI-4561,Transit,2026.0,8.93547936706,,1.77789214,,179.008,False
TOI-4578 b,TOI-4578,Transit,2026.0,8.62392630369,,2.26974262,,182.249,False
TOI-4640 b,TOI-4640,Transit,2026.0,2.68566015238,,2.84326517,,245.089,False
TOI-4662 b,TOI-4662,Transit,2026.0,4.70343764575,,2.87998299,,111.047,False
TOI-3862 b,TOI-3862,Transit,2026.0,1.55745774,53.7,5.53,1539.0,249.02,False
TOI-3896 b,TOI-3896,Transit,2026.0,4.37730369667,,3.14949237,,181.653,False
TOI-2200 b,TOI-2200,Transit,2026.0,2.93602836512,,6.96310517,,251.245,False
TOI-2227 b,TOI-2227,Transit,2026.0,4.22175815648,,3.09885187,,165.441,False
TOI-2431 b,TOI-2431,Transit,2026.0,0.22419578,6.2,1.534,2063.0,36.0559,False
TOI-2453 b,TOI-2453,Transit,2026.0,4.44143463188,,3.24380341,,81.9043,False
TOI-2518 b,TOI-2518,Transit,2026.0,6.89797425216,,2.26838675,,160.825,False
TOI-2654 b,TOI-2654,Transit,2026.0,2.96760425926,,7.94454164,,248.964,False
TOI-1814 b,TOI-1814,Transit,2026.0,6.36861010462,,5.18536642,,362.522,False
TOI-1839 b,TOI-1839,Transit,2026.0,1.42378440907,,2.21895097,,116.086,False
TOI-1873 b,TOI-1873,Transit,2026.0,7.00572708834,,2.86356397,,182.014,False
TOI-2071 b,TOI-2071,Transit,2026.0,5.67395386982,,2.56484195,,231.311,False
TOI-2092 b,TOI-2092,Transit,2026.0,4.30325528074,,2.94892961,,176.759,False
TOI-2094 b,TOI-2094,Transit,2026.0,18.793193,,1.9,276.0,50.0248,True
TOI-2104 b,TOI-2104,Transit,2026.0,5.904370457,,1.52898127,,76.7418,False
TOI-2133 b,TOI-2133,Transit,2026.0,3.8266472,,2.37,798.0,75.1973,False
TOI-1466 b,TOI-1466,Transit,2026.0,1.87190602231,,2.46741991,,86.5783,False
TOI-1718 b,TOI-1718,Transit,2026.0,5.58703768615,,4.10824994,,52.3044,False
TOI-1722 b,TOI-1722,Transit,2026.0,9.60523206943,,4.38298108,,136.419,False
LHS 1903 c,LHS 1903,Transit,2026.0,6.226185,4.55,2.046,559.0,35.6917,False
LHS 1903 b,LHS 1903,Transit,2026.0,2.1555098,3.28,1.382,796.0,35.6917,False
LHS 1903 d,LHS 1903,Transit,2026.0,12.566287,5.96,2.5,442.0,35.6917,False
TOI-1732 b,TOI-1732,Transit,2026.0,4.11923678339,,2.49549787,,74.7599,False
TOI-1750 b,TOI-1750,Transit,2026.0,11.33727129656,,2.78943837,,162.46,False
TOI-1752 b,TOI-1752,Transit,2026.0,0.9351861,,1.693,1036.0,103.021,False
TOI-1752 c,TOI-1752,Transit,2026.0,32.71443,,2.29,291.0,103.021,True
TOI-1756 b,TOI-1756,Transit,2026.0,2.78301736297,,1.94225664,,86.7159,False
TOI-799 b,TOI-799,Transit,2026.0,5.54519139676,,2.06631784,,158.526,False
TOI-808 b,TOI-808,Transit,2026.0,9.73944854026,,2.20344362,,98.1848,False
TOI-883 b,TOI-883,Transit,2026.0,10.05771848538,,7.17166228,,102.637,False
TOI-921 b,TOI-921,Transit,2026.0,5.12871907628,,3.53409617,,294.015,False
TOI-929 b,TOI-929,Transit,2026.0,5.83015366944,,2.68983343,,114.421,False
TOI-938 b,TOI-938,Transit,2026.0,8.80733882211,,4.82401567,,215.034,False
TOI-941 b,TOI-941,Transit,2026.0,8.51460888787,,6.51165317,,263.386,False
TOI-1036 b,TOI-1036,Transit,2026.0,3.77952125496,,6.28499593,,184.015,False
TOI-1080 b,TOI-1080,Transit,2026.0,3.9652482,10.7,1.2,368.0,25.559,False
TOI-1105 b,TOI-1105,Transit,2026.0,10.86818410933,,3.05823658,,79.5225,False
TOI-1226 b,TOI-1226,Transit,2026.0,3.92880881576,,2.4101112,,257.93,False
TOI-1232 b,TOI-1232,Transit,2026.0,14.256,220.57291446,10.92875618,,328.604,False
TIC 139702105 b,TIC 139702105,Transit,2026.0,6.83601903383,,2.45316949,,91.7884,False
TIC 142589416 b,TIC 142589416,Transit,2026.0,2.09518466313,,2.67899519,,168.933,False
TIC 153919886 b,TIC 153919886,Transit,2026.0,2.10510492329,,2.70601108,,132.33,False
TIC 154870955 b,TIC 154870955,Transit,2026.0,7.9698747128,,3.09467466,,226.463,False
TIC 160113658 b,TIC 160113658,Transit,2026.0,6.72952262077,,3.49015778,,200.156,False
TIC 161045582 b,TIC 161045582,Transit,2026.0,8.85577189959,,2.24566738,,162.246,False
TIC 178172313 b,TIC 178172313,Transit,2026.0,4.3731816136,,2.80405322,,178.137,False
TIC 188624430 b,TIC 188624430,Transit,2026.0,6.21860433132,,3.64811843,,300.743,False
TIC 198190129 b,TIC 198190129,Transit,2026.0,7.94804910667,,2.92284949,,130.035,False
TIC 206466666 b,TIC 206466666,Transit,2026.0,9.10486865159,,2.14817673,,127.837,False
TIC 249022743 b,TIC 249022743,Transit,2026.0,2.25719681538,,4.79568155,,396.46,False
TIC 260969020 b,TIC 260969020,Transit,2026.0,8.48584501953,,2.22686612,,121.222,False
TIC 231949697 b,TIC 231949697,Transit,2026.0,0.90720448719,,1.52831855,,50.2408,False
HIP 54515 b,HIP 54515,Imaging,2026.0,33000.0,5625.5628039,,,82.8101,False
TIC 270471727 b,TIC 270471727,Transit,2026.0,10.45623256647,,2.75029559,,182.104,False
TOI-5789 b,TOI-5789,Radial Velocity,2026.0,2.76369,2.12,,1201.0,20.4581,False
TOI-5789 d,TOI-5789,Radial Velocity,2026.0,29.65,4.29,,545.0,20.4581,False
TOI-5789 e,TOI-5789,Radial Velocity,2026.0,62.98,11.61,,424.0,20.4581,False
KMT-2022-BLG-1818L b,KMT-2022-BLG-1818L,Microlensing,2026.0,,1271.313628,,,5300.0,False
KMT-2022-BLG-1818L c,KMT-2022-BLG-1818L,Microlensing,2026.0,,114.41822652,,,5300.0,False
GJ 3090 c,GJ 3090,Radial Velocity,2026.0,15.9407,10.0,,407.2,22.4751,False
KOINTREAU-1 b,XEST 17-036,Imaging,2026.0,,3368.9811142,,,158.618,False
KMT-2025-BLG-1616L b,KMT-2025-BLG-1616L,Microlensing,2026.0,,42.32,,,7500.0,False
HD 176986 d,HD 176986,Radial Velocity,2026.0,61.376,6.76,,363.0,27.7843,False
HD 85426 c,TOI-1774,Radial Velocity,2026.0,35.73,10.3,,640.0,53.974,False
GJ 4274 b,GJ 4274,Radial Velocity,2026.0,1.6339,2.97,,,7.23556,False
GJ 4274 c,GJ 4274,Radial Velocity,2026.0,69.57,8.39,,,7.23556,False
TOI-7384 b,TOI-7384,Transit,2026.0,6.2340258,,3.56,378.0,66.7902,False
TOI-7155 b,TOI-7155,Transit,2026.0,3.89489711981,,2.40821473,,144.751,False
TOI-7333 b,TOI-7333,Transit,2026.0,6.26449803661,,2.09469416,,157.217,False
TOI-6954 b,TOI-6954,Transit,2026.0,4.02074127419,,3.63524486,,190.042,False
TOI-5624 b,TOI-5624,Transit,2026.0,3.3903473,9.4,2.314,1136.0,101.913,False
TOI-5624 c,TOI-5624,Transit,2026.0,7.885385,4.8,2.474,857.0,101.913,False
TOI-5624 e,TOI-5624,Transit,2026.0,21.489936,8.9,3.247,613.8,101.913,False
TOI-7008 b,TOI-7008,Transit,2026.0,0.84069041367,,4.94735276,,410.467,False
TOI-7009 b,TOI-7009,Transit,2026.0,2.3206612,,3.71,872.0,184.12,False
TOI-6677 b,TOI-6677,Transit,2026.0,5.45060661625,,5.83507112,,340.52,False
TOI-6692 b,TOI-6692,Transit,2026.0,131.125,197.05361234,11.67975789,467.0,312.903,False
TOI-6699 b,TOI-6699,Transit,2026.0,5.32005926761,,2.32645266,,85.8463,False
TOI-6707 b,TOI-6707,Transit,2026.0,3.83479363758,,5.72673066,,641.467,False
TOI-6716 b,TOI-6716,Transit,2026.0,4.7185898,,0.982,369.0,18.8873,False
TIC 87422071 b,TIC 87422071,Transit,2026.0,11.364929,409.99864503,10.8615023,1110.0,384.758,False
TOI-6281 b,TOI-6281,Transit,2026.0,1.05426244177,,1.92416074,,57.7451,False
TOI-6393 b,TOI-6393,Transit,2026.0,9.53176110329,,2.75958542,,186.229,False
TOI-6080 b,TOI-6080,Transit,2026.0,8.05562348084,,3.32424168,,188.183,False
TOI-4156 c,TOI-4156,Transit,2026.0,12.82282706375,,2.92303762,,213.719,False
TOI-5916 b,TOI-5916,Transit,2026.0,2.367128,226.61165419,11.35469745,683.0,199.724,False
TOI-5926 b,TOI-5926,Transit,2026.0,3.81122794237,,7.56807148,,275.103,False
TOI-5938 b,TOI-5938,Transit,2026.0,2.260424,,3.82,1077.0,114.035,False
TOI-5788 c,TOI-5788,Transit,2026.0,16.213362,6.4,2.272,667.0,97.614,False
TOI-5788 b,TOI-5788,Transit,2026.0,6.340758,3.72,1.528,910.0,97.614,False
TOI-5595 b,TOI-5595,Transit,2026.0,5.99002553853,,4.73740402,,136.955,False
TOI-5599 b,TOI-5599,Transit,2026.0,5.43691503941,,7.1888212,,547.948,False
TOI-5605 b,TOI-5605,Transit,2026.0,5.91340454843,,2.52611303,,95.0735,False
TOI-5614 b,TOI-5614,Transit,2026.0,4.17221328949,,3.21759316,,223.016,False
TOI-5624 d,TOI-5624,Transit,2026.0,13.731468,4.9,3.584,712.6,101.913,False
TOI-5630 b,TOI-5630,Transit,2026.0,3.22118452536,,2.37117553,,134.047,False
TOI-201 d,TOI-201,Transit,2026.0,5.84889,5.8,1.39,,113.825,False
TOI-5734 b,TOI-5734,Transit,2026.0,6.1841876,9.1,2.1,688.0,32.5102,False
TOI-5777 b,TOI-5777,Transit,2026.0,6.91716177373,,3.09551273,,114.277,False
TOI-4747 b,TOI-4747,Transit,2026.0,5.21924158592,,3.95803201,,304.615,False
TOI-4898 b,TOI-4898,Transit,2026.0,2.76520470167,,3.7197954,,98.5958,False
TOI-4930 b,TOI-4930,Transit,2026.0,6.78130241498,,6.93277225,,413.757,False
TOI-5007 b,TOI-5007,Transit,2026.0,2.543371,211.03806225,11.07447293,774.0,203.352,False
TIC 290487717 b,TIC 290487717,Transit,2026.0,3.400818229,,6.63777941,,395.574,False
TIC 294329732 b,TIC 294329732,Transit,2026.0,9.7565876181,,2.07692266,,189.333,False
TIC 320419023 b,TIC 320419023,Transit,2026.0,5.26375651589,,2.77280763,,288.893,False
TIC 349520724 b,TIC 349520724,Transit,2026.0,7.94044635021,,2.82626313,,241.105,False
TIC 356227008 b,TIC 356227008,Transit,2026.0,2.96147448702,,2.39024009,,387.609,False
TIC 390586021 b,TIC 390586021,Transit,2026.0,2.74703755819,,2.86009388,,114.558,False
TIC 423703298 b,TIC 423703298,Transit,2026.0,4.03712711976,,2.77230429,,136.191,False
TIC 437041147 b,TIC 437041147,Transit,2026.0,3.82301421497,,2.21526814,,246.6,False
TIC 445839811 b,TIC 445839811,Transit,2026.0,11.1086260318,,2.47771211,,235.655,False
TOI-1839 c,TOI-1839,Transit,2026.0,4.02393854207,,2.40867246,,116.086,False
GJ 1137 c,HD 93083,Radial Velocity,2026.0,9.6412,5.12,,,28.5159,False
TIC 147027702 b,TIC 147027702,Transit,2026.0,44.40523,346.43296363,10.92875618,863.0,457.186,False
TIC 245076932 b,TIC 245076932,Transit,2026.0,21.61389,162.09248757,10.87271128,845.0,303.96,False
TOI-5624 f,TOI-5624,Transit Timing Variations,2026.0,45.37,13.0,,478.5,101.913,False
TIC 183374187 b,TIC 183374187,Transit,2026.0,5.05907,177.98390792,14.03364384,1379.0,1208.75,False
TOI-375 c,TOI-375,Radial Velocity,2026.0,115.5,669.34662514,,596.0,396.213,False
TOI-375 d,TOI-375,Radial Velocity,2026.0,297.9,445.59542661,,434.0,396.213,False
KMT-2024-BLG-0176L b,KMT-2024-BLG-0176L,Microlensing,2026.0,,241.54958932,,,8340.0,False
KMT-2024-BLG-0349L b,KMT-2024-BLG-0349L,Microlensing,2026.0,,3769.44490702,,,5750.0,False
KMT-2024-BLG-1870L b,KMT-2024-BLG-1870L,Microlensing,2026.0,,336.89811142,,,5480.0,False
KMT-2024-BLG-2087L b,KMT-2024-BLG-2087L,Microlensing,2026.0,,1395.26670673,,,7190.0,False
GJ 887 d,GJ 887,Radial Velocity,2026.0,50.77,6.1,,241.0,3.28679,True
GJ 887 e,GJ 887,Radial Velocity,2026.0,4.4249,1.46,,544.0,3.28679,False
HD 164604 c,HD 164604,Radial Velocity,2026.0,5387.0,3019.3698665,,,39.3633,False
LHS 1903 e,LHS 1903,Transit,2026.0,29.31773,5.79,1.732,333.0,35.6917,False
KOINTREAU-3 b,ISO-Oph 96,Imaging,2026.0,,1080.6165838,,,140.563,False
KOINTREAU-4 b,2MASS J16262785-2625152,Imaging,2026.0,,4862.7746271,,,145.434,False
TOI-4336 A c,TOI-4336 A,Transit,2026.0,7.587266,1.55,1.251,399.5,22.5455,False
DMPP-2 c,DMPP-2,Radial Velocity,2026.0,3.168,51.79,,,137.94,False
DMPP-2 d,DMPP-2,Radial Velocity,2026.0,16.491,91.79,,,137.94,False
DMPP-6 b,DMPP-6,Radial Velocity,2026.0,7.6027,5.8,,,54.6303,False
DMPP-6 c,DMPP-6,Radial Velocity,2026.0,36.441,13.47,,,54.6303,False
DMPP-7 b,DMPP-7,Radial Velocity,2026.0,4.984,61.39,,,101.386,False
DMPP-8 b,DMPP-8,Radial Velocity,2026.0,62.915,81.09,,,76.1335,False
DMPP-9 b,DMPP-9,Radial Velocity,2026.0,12.733,14.43,,,109.539,False
KMT-2020-BLG-0202L b,KMT-2020-BLG-0202L,Microlensing,2026.0,,3902.93283796,,,3840.0,False
KMT-2022-BLG-1551L b,KMT-2022-BLG-1551L,Microlensing,2026.0,,940.77208472,,,6900.0,False
KMT-2023-BLG-0466L b,KMT-2023-BLG-0466L,Microlensing,2026.0,,1032.94232275,,,6800.0,False
KMT-2025-BLG-0121L b,KMT-2025-BLG-0121L,Microlensing,2026.0,,2469.52672239,,,6200.0,False
HD 68475 b,HD 68475,Radial Velocity,2026.0,7832.0,1639.99458012,,,33.4297,False
HD 100508 b,HD 100508,Radial Velocity,2026.0,5681.0,381.3940884,,,32.7548,False
HD 48265 c,HD 48265,Radial Velocity,2026.0,10418.0,1414.33641115,,,90.5446,False
HD 114386 c,HD 114386,Radial Velocity,2026.0,444.0,117.59651059,,,27.9243,False
KMT-2016-BLG-1337L b,KMT-2016-BLG-1337L,Microlensing,2026.0,,88.99195396,,,6920.0,False
KMT-2021-BLG-0852L b,KMT-2021-BLG-0852L,Microlensing,2026.0,,155.73591943,,,7230.0,False
KMT-2024-BLG-2005L b,KMT-2024-BLG-2005L,Microlensing,2026.0,,50.85254512,,,7720.0,False
KMT-2025-BLG-0481L b,KMT-2025-BLG-0481L,Microlensing,2026.0,,187.51876013,,,7980.0,False
TOI-1232 c,TOI-1232,Transit Timing Variations,2026.0,30.356,58.48042689,,,328.604,False
WISPIT 2 c,WISPIT 2,Imaging,2026.0,,3178.28407,17.93436912,2050.0,134.907,False
TIC 18942729 b,TIC 18942729,Transit,2026.0,0.99817838064,,2.00021315,,115.169,False
TIC 24750448 b,TIC 24750448,Transit,2026.0,3.59159193029,,2.43722231,,178.146,False
TIC 24750448 c,TIC 24750448,Transit,2026.0,10.14385270726,,3.09028272,,178.146,False
TIC 32032563 b,TIC 32032563,Transit,2026.0,13.83460487791,,3.47739942,,507.858,False
TIC 34085383 b,TIC 34085383,Transit,2026.0,3.47793368523,,3.91982296,,149.12,False
TIC 38825265 b,TIC 38825265,Transit,2026.0,3.31336980985,,2.18869476,,165.638,False
TIC 38828280 b,TIC 38828280,Transit,2026.0,4.85558984762,,2.62701629,,286.415,False
TIC 62895484 b,TIC 62895484,Transit,2026.0,2.83985434327,,3.49391667,,294.857,False
TIC 65612701 b,TIC 65612701,Transit,2026.0,10.22467974953,,5.07802804,,151.624,False
TIC 67686059 b,TIC 67686059,Transit,2026.0,3.52163529551,,2.59125922,,249.203,False
TIC 77319217 b,TIC 77319217,Transit,2026.0,7.54830765124,,3.10879526,,267.62,False
TIC 77552382 b,TIC 77552382,Transit,2026.0,3.51025904942,,5.69176189,,373.415,False
TIC 86380416 b,TIC 86380416,Transit,2026.0,6.0408643461,,2.4123612,,244.68,False
TIC 88692598 b,TIC 88692598,Transit,2026.0,2.64909436758,,1.81295951,,73.5258,False
TIC 117642575 b,TIC 117642575,Transit,2026.0,4.94459060181,,2.82716337,,188.758,False
TOI-2992 b,TOI-2992,Transit,2025.0,3.007812,1058.36859531,13.75341932,1726.0,542.026,False
TOI-3135 b,TOI-3135,Transit,2025.0,3.7065585,327.36325921,13.65253849,1292.0,221.673,False
TOI-3160 A b,TOI-3160 A,Transit,2025.0,3.971281,378.21580433,13.7646283,1539.0,567.678,False
TOI-3288 b,TOI-3288,Transit,2025.0,1.4338647,536.17652261,12.24020692,973.0,200.5,False
TOI-3464 b,TOI-3464,Transit,2025.0,3.6515568,397.28550875,13.7646283,1693.0,597.774,False
TOI-3474 b,TOI-3474,Transit,2025.0,3.8795105,193.87532827,14.67255574,1451.0,420.123,False
TOI-3486 b,TOI-3486,Transit,2025.0,2.21778105,99.16246298,10.5700688,1190.0,154.715,False
TOI-3493 b,TOI-3493,Transit,2025.0,8.1594667,8.97,3.22,1102.0,96.7224,False
TOI-3523 A b,TOI-3523 A,Transit,2025.0,2.30458952,435.42491759,15.9727975,1984.0,645.294,False
TOI-3593 b,TOI-3593,Transit,2025.0,3.8212867,565.73456446,11.02963701,1170.0,226.63,False
TOI-3682 b,TOI-3682,Transit,2025.0,3.3462406,69.28659273,12.80065596,1657.0,404.211,False
WASP-194 b,WASP-194,Transit,2025.0,3.183387,373.13054982,15.47960235,1693.0,476.831,False
TOI-3837 b,TOI-3837,Transit,2025.0,11.88865,187.51876013,10.87271128,1178.0,311.705,False
TOI-3856 b,TOI-3856,Transit,2025.0,2.04360352,171.62733978,13.59649359,1544.0,314.443,False
TOI-3877 b,TOI-3877,Transit,2025.0,4.123596,99.7981198,11.67975789,1445.0,493.77,False
TOI-3980 b,TOI-3980,Transit,2025.0,3.6089254,187.51876013,14.4595851,1621.0,486.721,False
TOI-2169 A b,TOI-2169 A,Transit,2025.0,8.2148282,329.58805806,12.50922246,1364.0,351.487,False
TOI-2267 c,TOI-2267 A,Transit,2025.0,3.4950412,,1.14,374.0,,False
TOI-2267 b,TOI-2267 A,Transit,2025.0,2.28909,,1.0,424.0,,False
TOI-2322 c,TOI-2322,Transit,2025.0,20.225528,18.1,1.874,496.8,59.861,False
TOI-2322 b,TOI-2322,Transit,2025.0,11.30717,2.31,0.994,603.1,59.861,False
TOI-2328 b,TOI-2328,Transit,2025.0,17.10197,50.85254512,9.97599282,842.0,231.782,False
TOI-2345 b,TOI-2345,Transit,2025.0,1.0528573,3.49,1.504,1478.0,81.6541,False
TOI-2345 c,TOI-2345,Transit,2025.0,21.064302,7.27,2.451,544.0,81.6541,False
TOI-2346 b,TOI-2346,Transit,2025.0,3.3312029,394.10722468,16.11851425,1689.0,437.484,False
TOI-2382 b,TOI-2382,Transit,2025.0,4.6612061,235.19302118,12.25141591,1426.0,434.92,False
TOI-2407 b,TOI-2407,Transit,2025.0,2.702969,,4.26,705.0,92.4366,False
TOI-2449 b,TOI-2449,Transit,2025.0,106.14468,222.0,11.24,400.0,156.786,False
TOI-2719 b,TOI-2719,Transit,2025.0,3.37594,,5.98,1710.0,588.368,False
NGTS-31 b,NGTS-31,Transit,2025.0,4.162734,355.96781584,18.04645893,1410.0,497.376,False
TOI-1803 c,TOI-1803,Transit,2025.0,12.885779,8.0,4.29,588.0,119.24,False
TOI-1803 b,TOI-1803,Transit,2025.0,6.293287,10.32,2.99,747.0,119.24,False
TOI-1846 b,TOI-1846,Transit,2025.0,3.9306737,,1.792,568.1,47.2496,False
TOI-2005 b,TOI-2005,Transit,2025.0,17.305904,2034.1018048,11.99360935,,328.475,False
TOI-2031 A b,TOI-2031 A,Transit,2025.0,5.71548654,254.2627256,14.20177855,1358.0,276.105,False
TOI-2093 c,TOI-2093,Transit,2025.0,53.81149,15.8,2.3,329.0,82.7982,False
TOI-1346 c,TOI-1346,Transit,2025.0,5.502558,,2.23,928.0,115.45,False
TOI-1346 b,TOI-1346,Transit,2025.0,1.7622538,,2.39,1324.0,115.45,False
TOI-1438 b,TOI-1438,Transit,2025.0,5.13967,9.4,3.04,971.0,110.513,False
TOI-1438 c,TOI-1438,Transit,2025.0,9.428089,10.6,2.75,794.0,110.513,False
TOI-1453 c,TOI-1453,Transit,2025.0,6.5886982,2.95,2.224,819.8,78.7415,False
TOI-1453 b,TOI-1453,Transit,2025.0,4.3135225,2.32,1.173,944.2,78.7415,False
TOI-1648 b,TOI-1648,Transit,2025.0,7.331602,7.4,2.54,799.0,69.835,False
TOI-1743 b,TOI-1743,Transit,2025.0,4.266046,,1.83,485.0,41.2758,False
TOI-880 c,TOI-880,Transit,2025.0,6.3872703,,4.95,805.0,60.6679,False
TOI-912 b,TOI-912,Transit,2025.0,4.6780691,5.1,1.93,551.0,26.1072,False
TOI-1011 b,TOI-1011,Transit,2025.0,2.470498,4.04,1.45,,52.62,False
TOI-1117 b,TOI-1117,Transit,2025.0,2.22816,8.9,2.46,1538.0,167.598,False
TOI-283 b,TOI-283,Transit,2025.0,17.61745,6.54,2.34,661.0,82.7013,False
TOI-333 b,TOI-333,Transit,2025.0,3.7852503,20.1,4.26,1445.0,352.269,False
TOI-512 b,TOI-512,Transit,2025.0,7.18886,3.57,1.54,1009.0,67.3975,False
TOI-521 b,TOI-521,Transit,2025.0,1.54285047,5.3,1.98,794.0,60.9425,False
TOI-756 b,TOI-756,Transit,2025.0,1.2392495,9.83,2.81,934.0,86.1759,False
HD 101581 b,HIP 56998,Transit,2025.0,4.46569,,0.956,834.0,12.7781,False
TOI-6303 b,TOI-6303,Transit,2025.0,9.485236,2493.0,11.59,541.0,152.219,False
TOI-6324 b,TOI-6324,Transit,2025.0,0.279221,1.17,1.059,1216.0,20.5488,False
TOI-6330 b,TOI-6330,Transit,2025.0,6.8500246,3179.0,10.89,495.0,139.042,False
TOI-6420 b,TOI-6420,Transit,2025.0,6.961508,2606.1929374,11.93756445,1213.0,634.712,False
TOI-6448 b,TOI-6448,Transit,2025.0,14.844261,,8.47398941,745.0,386.879,False
TOI-6478 b,TOI-6478,Transit,2025.0,34.005019,,4.6,204.4,38.6057,True
TOI-6109 b,TOI-6109,Transit,2025.0,5.690476,,4.8704,,151.738,False
TOI-6628 b,TOI-6628,Transit,2025.0,18.18424,235.19302118,10.98480109,833.0,320.527,False
TOI-6109 c,TOI-6109,Transit,2025.0,8.538878,,4.8326,,151.738,False
WASP-149 b,WASP-149,Transit,2025.0,1.332813,314.96795134,15.24421375,1855.0,211.73,False
WASP-155 b,WASP-155,Transit,2025.0,3.110413,276.8285425,13.45077684,1468.0,399.63,False
WASP-102 b,WASP-102,Transit,2025.0,2.709813,197.68926915,14.90794433,1671.0,535.689,False
TOI-6223 b,TOI-6223,Transit,2025.0,3.855219,,5.07,714.0,133.122,False
TOI-5817 b,TOI-5817,Transit,2025.0,15.61031,10.3,3.08,950.0,80.7542,False
TOI-5882 b,TOI-5882,Transit,2025.0,7.148972,6995.40323807,11.46678726,1515.0,416.104,False
TOI-6000 b,TOI-6000,Transit,2025.0,0.448959,,0.94,1120.0,75.7664,False
Proxima Cen d,Proxima Cen,Radial Velocity,2025.0,5.12338,0.26,,282.0,1.30119,True
TOI-6038 A b,TOI-6038 A,Transit,2025.0,5.8267311,78.5,6.41,1439.0,179.147,False
TOI-6041 b,TOI-6041,Transit,2025.0,26.04945,28.9,4.55,605.6,72.4731,False
TOI-5786 b,TOI-5786,Transit,2025.0,12.779107,73.0,8.54,1040.0,192.475,False
TOI-5795 b,TOI-5795,Transit,2025.0,6.1406325,23.66,5.62,1136.78,156.53,False
TOI-5800 b,TOI-5800,Transit,2025.0,2.6278838,9.5,2.46,1108.0,42.9052,False
TOI-5573 b,TOI-5573,Transit,2025.0,8.79758977,112.0,9.75,528.0,186.562,False
TOI-5592 b,TOI-5592,Transit,2025.0,2.6085846,285.72773789,17.14974047,1789.0,597.026,False
TOI-5716 b,TOI-5716,Transit,2025.0,6.7663,,0.96,400.0,39.4122,False
TOI-5728 b,TOI-5728,Transit,2025.0,11.49761,,1.31,382.0,54.7045,False
TOI-5736 b,TOI-5736,Transit,2025.0,0.64899,,1.56,1311.0,92.3604,False
WASP-116 b,WASP-116,Transit,2025.0,6.6132,203.41018048,13.67495645,1414.0,559.243,False
TOI-4734 b,TOI-4734,Transit,2025.0,6.235633,61.65871096,10.9175472,1468.0,563.068,False
TOI-4773 b,TOI-4773,Transit,2025.0,1.7452851,1687.66884117,15.22179579,2255.0,492.888,False
TOI-4794 b,TOI-4794,Transit,2025.0,3.5658116,308.29355479,14.35870428,1673.0,543.008,False
TOI-4940 b,TOI-4940,Transit,2025.0,25.867811,89.0,6.61,643.0,345.659,False
TOI-4961 b,TOI-4961,Transit,2025.0,7.479182,572.0911326,12.34108775,919.0,213.073,False
TOI-5027 b,TOI-5027,Transit,2025.0,10.24368,642.01338214,10.76062147,1056.0,204.429,False
TOI-5108 b,TOI-5108,Transit,2025.0,6.753581,32.0,6.6,1180.0,130.919,False
TOI-5143 c,TOI-5143,Transit,2025.0,5.2097118,,16.25302201,,181.38,False
TOI-5181 A b,TOI-5181 A,Transit,2025.0,3.8922295,330.54154328,13.34989601,1585.0,480.155,False
WASP-188 b,WASP-188,Transit,2025.0,5.748916,458.6263913,14.81827249,1666.0,675.281,False
TOI-5210 b,TOI-5210,Transit,2025.0,4.5661061,81.99972901,10.72699453,1286.0,302.086,False
TOI-5261 b,TOI-5261,Transit,2025.0,4.1509768,3651.84839643,11.60129502,1244.0,377.054,False
WASP-154 b,WASP-154,Transit,2025.0,3.811678,198.96058278,10.76062147,994.0,215.501,False
TOI-5300 b,TOI-5300,Transit,2025.0,2.262196,190.6970442,9.86390302,1043.0,162.51,False
TOI-5322 b,TOI-5322,Transit,2025.0,5.4233207,184.02264765,16.6117094,1350.0,476.899,False
TOI-5340 b,TOI-5340,Transit,2025.0,4.9394392,270.15414595,15.07607904,1566.0,532.629,False
TOI-5350 b,TOI-5350,Transit,2025.0,7.581367,2094.48920213,12.41955062,1195.0,277.419,False
WASP-197 b,WASP-197,Transit,2025.0,5.167228,403.32424848,14.44837612,1665.0,483.675,False
TOI-5386 A b,TOI-5386 A,Transit,2025.0,3.62156552,155.10026262,14.70618268,1488.0,394.486,False
TOI-5489 b,TOI-5489,Transit,2025.0,3.15222,,1.4,624.0,45.0907,False
WASP-195 b,WASP-195,Transit,2025.0,5.051928,33.05415433,10.31226224,1522.0,484.852,False
TOI-4155 b,TOI-4155,Transit,2025.0,3.320729,,3.21,1255.0,240.737,False
HD 35843 c,HD 35843,Transit,2025.0,46.9622,11.32,2.54,479.0,69.6026,False
TOI-4214 b,TOI-4214,Transit,2025.0,3.4913885,165.27077164,10.68215861,1642.0,346.881,False
TOI-4364 b,TOI-4364,Transit,2025.0,5.424019,,2.01,488.0,43.9662,False
TOI-4465 b,TOI-4465,Transit,2025.0,101.94054,1872.00931723,14.01122587,427.0,121.139,False
TOI-4487 A b,TOI-4487 A,Transit,2025.0,3.9540709,397.28550875,14.60530185,1639.0,479.145,False
Ross 176 b,Ross 176,Transit,2025.0,5.0066338,4.57,1.84,682.0,46.4488,False
TOI-4507 b,TOI-4507,Transit,2025.0,104.61611,20.0,8.2,,178.26,False
TOI-4666 b,TOI-4666,Transit,2025.0,2.9089165,155.41809102,12.53164042,695.0,154.749,False
TOI-2876 b,TOI-2876,Transit,2025.0,6.2996431,54.03082919,9.6397234,929.0,225.744,False
TOI-2886 b,TOI-2886,Transit,2025.0,1.60200105,444.9597698,18.6405349,1978.0,413.673,False
TOI-2969 b,TOI-2969,Transit,2025.0,1.8237146,368.68095212,12.32987877,1186.0,163.996,False
TOI-2986 b,TOI-2986,Transit,2025.0,3.2783662,96.61983573,9.292245,1622.0,563.149,False
TOI-2989 b,TOI-2989,Transit,2025.0,3.122832,953.485221,12.55405838,1001.0,195.795,False
TOI-2076 e,TOI-2076,Transit,2025.0,3.0223753,4.7,1.301,1110.0,41.9091,False
HD 87816 b,HD 87816,Radial Velocity,2025.0,484.17,2142.16346318,,,133.233,False
HD 87816 c,HD 87816,Radial Velocity,2025.0,7596.0,3877.5065654,,,133.233,False
HD 94890 b,HD 94890,Radial Velocity,2025.0,824.61,676.97450691,,,61.7012,False
HD 94890 c,HD 94890,Radial Velocity,2025.0,2492.19,2831.85110637,,,61.7012,False
HD 102888 b,HD 102888,Radial Velocity,2025.0,252.06,1808.44363583,,,126.484,False
TOI-6695 c,TOI-6695,Radial Velocity,2025.0,242.4,460.85119015,,415.0,282.536,False
TIC 434398831 b,TIC 434398831,Transit,2025.0,3.685504,,3.51,1250.0,217.011,False
TIC 434398831 c,TIC 434398831,Transit,2025.0,6.210291,,5.63,1050.0,217.011,False
KMT-2017-BLG-2197L b,KMT-2017-BLG-2197L,Microlensing,2025.0,,2809.60311788,,,7800.0,False
KMT-2022-BLG-1790L b,KMT-2022-BLG-1790L,Microlensing,2025.0,,549.84314411,,,6480.0,False
KMT-2022-BLG-2076L b,KMT-2022-BLG-2076L,Microlensing,2025.0,,279.68899816,,,5570.0,False
KMT-2023-BLG-2209L b,KMT-2023-BLG-2209L,Microlensing,2025.0,,254.2627256,,,5570.0,False
TOI-1117 c,TOI-1117,Radial Velocity,2025.0,4.579,8.78,,1210.0,167.598,False
TOI-1117 d,TOI-1117,Radial Velocity,2025.0,8.665,10.71,,978.0,167.598,False
Kepler-725 c,Kepler-725,Transit Timing Variations,2025.0,207.541,9.7,,268.0,758.469,True
TIC 88785435 b,TIC 88785435,Transit,2025.0,10.508843,,5.03,635.0,122.386,False
TWA 7 b,TWA 7,Imaging,2025.0,,108.06165838,,316.0,33.9958,False
KOI-134 c,KOI-134,Transit Timing Variations,2025.0,33.95,69.92224954,,,1159.21,False
L 98-59 f,L 98-59,Radial Velocity,2025.0,23.064,2.8,,285.0,10.6194,True
TOI-201 c,TOI-201,Transit Timing Variations,2025.0,2890.0,4990.0,10.4,,113.825,False
HD 135344 A b,HD 135344 A,Imaging,2025.0,,3178.28407,16.25302201,1585.0,141.595,False
MOA-2022-BLG-091L b,MOA-2022-BLG-091L,Microlensing,2025.0,,1141.00398113,,,4250.0,False
KMT-2024-BLG-1209L b,KMT-2024-BLG-1209L,Microlensing,2025.0,,839.06699448,,,3930.0,False
BEBOP-3 b,BEBOP-3,Radial Velocity,2025.0,547.0,177.34825111,,,119.052,False
OGLE-2015-BLG-1609L b,OGLE-2015-BLG-1609L,Microlensing,2025.0,,76.27881768,,,3300.0,False
GJ 9773 b,GJ 9773,Radial Velocity,2025.0,2965.0,172.580825,,,15.9211,False
GJ 508.2 b,GJ 508.2,Radial Velocity,2025.0,5300.0,587.98255295,,,16.6374,False
MOA-2022-BLG-033L b,MOA-2022-BLG-033L,Microlensing,2025.0,,12.15,,,1840.0,False
KMT-2023-BLG-0119L b,KMT-2023-BLG-0119L,Microlensing,2025.0,,83.7,,,5410.0,False
KMT-2023-BLG-1896L b,KMT-2023-BLG-1896L,Microlensing,2025.0,,16.35,,,5490.0,False
HD 224018 b,HD 224018,Radial Velocity,2025.0,10.6413,4.1,0.91,968.0,105.48,False
HD 224018 c,HD 224018,Transit,2025.0,36.57669,10.4,2.42,641.0,105.48,False
HD 224018 d,HD 224018,Transit,2025.0,138.0731,4.2,2.4,411.0,105.48,False
K2-73 c,K2-73,Radial Velocity,2025.0,1000.0,1142.0,,186.1,269.183,True
HIP 41378 g,HIP 41378,Radial Velocity,2025.0,64.067,6.81,,,106.289,False
HD 28471 b,HD 28471,Radial Velocity,2025.0,3.1649,3.72,,1377.0,43.6455,False
HD 28471 c,HD 28471,Radial Velocity,2025.0,6.1245,5.72,,1066.0,43.6455,False
HD 28471 d,HD 28471,Radial Velocity,2025.0,11.681,4.91,,945.0,43.6455,False
TOI-7041 b,TOI-7041,Transit,2025.0,9.691,114.41822652,11.43316031,,439.52,False
TOI-5489 c,TOI-5489,Transit,2025.0,4.92126,,1.28,536.0,45.0907,False
TOI-7149 b,TOI-7149,Transit,2025.0,2.65206166,224.0,13.2,593.0,126.126,False
TOI-7166 b,TOI-7166,Transit,2025.0,12.92063621,,2.01,249.0,35.4153,True
HD 86728 b,HD 86728,Radial Velocity,2025.0,31.1515,9.43,,,14.9202,False
HD 73344 c,HD 73344,Radial Velocity,2025.0,65.94,118.54999581,,,35.26,False
HD 73344 d,HD 73344,Radial Velocity,2025.0,5823.0,810.46243785,,,35.26,False
HD 20794 f,HD 20794,Radial Velocity,2025.0,647.6,5.82,,,6.00278,False
Gaia-4 b,Gaia-4,Astrometry,2025.0,571.3,3750.3752026,,,73.4829,False
Gaia-5 b,Gaia-5,Astrometry,2025.0,358.62,6633.07885409,,,41.1813,False
Gl 725 A b,Gl 725 A,Radial Velocity,2025.0,11.2201,2.78,,,3.5214,False
KOBE-1 b,KOBE-1,Radial Velocity,2025.0,8.5399,8.8,,594.4,23.9718,False
KOBE-1 c,KOBE-1,Radial Velocity,2025.0,29.671,12.4,,392.5,23.9718,False
GJ 2126 b,GJ 2126,Radial Velocity,2025.0,272.7,413.1769291,,,38.129,False
TOI-2015 c,TOI-2015,Transit Timing Variations,2025.0,5.582796,8.91,,448.0,47.3444,False
Barnard c,Barnard's star,Radial Velocity,2025.0,4.1244,0.335,,400.0,1.82655,False
Barnard d,Barnard's star,Radial Velocity,2025.0,2.3402,0.263,,483.0,1.82655,False
Barnard e,Barnard's star,Radial Velocity,2025.0,6.7392,0.193,,340.0,1.82655,False
GJ 3998 d,GJ 3998,Radial Velocity,2025.0,41.78,6.07,,,18.1459,False
NGTS-35 b,NGTS-35,Transit,2025.0,25.241192,152.0,10.9,451.0,183.078,False
TOI-6695 b,TOI-6695,Transit,2025.0,80.389,66.74396547,9.52763359,599.0,282.536,False
AU Mic e,AU Mic,Radial Velocity,2025.0,33.11,21.1,,,9.7221,False
GJ 341 b,GJ 341,Transit,2025.0,7.57686,4.0,0.88,,10.454,False
TOI-6894 b,TOI-6894,Transit,2025.0,3.37077196,53.39517238,9.5836785,417.9,73.8131,False
HD 101581 c,HIP 56998,Transit,2025.0,6.20401,,0.99,747.0,12.7781,False
Kepler-279 e,Kepler-279,Transit,2025.0,98.3531,56.0,,,1037.4,False
Kepler-289 e,Kepler-289,Transit,2025.0,330.0716,17.4,,,704.438,False
KOI-134 b,KOI-134,Transit,2025.0,67.1277,346.43296363,12.03844527,659.0,1159.21,False
TOI-2267 d,TOI-2267 B,Transit,2025.0,2.0344671,,1.77,422.0,,False
CWISEP J193518.59-154620.3 b,CWISEP J193518.59-154620.3,Imaging,2025.0,,4926.3403085,,390.0,14.43,False
WISPIT 1 b,WISPIT 1,Imaging,2025.0,,3305.4154328,,,230.007,False
WISPIT 1 c,WISPIT 1,Imaging,2025.0,,1684.4905571,,,230.007,False
WISPIT 2 b,WISPIT 2,Imaging,2025.0,,1541.46777395,,,134.907,False
GJ 536 c,GJ 536,Radial Velocity,2025.0,32.761,5.89,,290.5,10.4092,True
TOI-2141 c,TOI-2141,Radial Velocity,2025.0,5.4624,6.14,,1095.0,77.682,False
TOI-2141 d,TOI-2141,Radial Velocity,2025.0,60.45,14.9,,491.4,77.682,False
KMT-2024-BLG-0404L b,KMT-2024-BLG-0404L,Microlensing,2025.0,,8657.64580668,,,7210.0,False
KMT-2024-BLG-0404L c,KMT-2024-BLG-0404L,Microlensing,2025.0,,17.3,,,7210.0,False
TOI-5799 c,TOI-5799,Transit,2025.0,14.010449,,1.76,337.0,27.8123,False
TOI-1203 b,TOI-1203,Radial Velocity,2025.0,4.1572888,3.51,1.52,1361.2,64.9943,False
TOI-1203 c,TOI-1203,Radial Velocity,2025.0,13.0766,5.46,,,64.9943,False
TOI-1203 e,TOI-1203,Radial Velocity,2025.0,204.59,42.1,,,64.9943,False
NGTS-32 b,NGTS-32,Transit,2025.0,3.31211,181.16219199,15.91675259,1750.0,837.457,False
HD 143811 AB b,HD 143811 A,Imaging,2025.0,117000.0,1938.7532827,15.69257298,,136.608,False
HD 23079 c,HD 23079,Radial Velocity,2025.0,5.748913,8.26,,,33.4591,False
HD 196067 c,HD 196067,Radial Velocity,2025.0,4.601088,10.4,,,39.9346,False
TOI-2093 b,TOI-2093,Radial Velocity,2025.0,12.836,10.6,,535.0,82.7982,False
HIP 18606 b,HIP 18606,Radial Velocity,2025.0,674.94,244.72787339,,,47.0288,False
HIP 111909 b,HIP 111909,Radial Velocity,2025.0,487.08,384.57237247,,,88.077,False
HIP 111909 c,HIP 111909,Radial Velocity,2025.0,893.63,257.44100967,,,88.077,False
55 Cnc B b,55 Cnc B,Radial Velocity,2025.0,6.7994,3.5,,,12.4773,False
55 Cnc B c,55 Cnc B,Radial Velocity,2025.0,33.747,5.3,,,12.4773,False
GJ 251 c,GJ 251,Radial Velocity,2025.0,53.647,3.88,,216.0,5.58057,True
TOI-7510 b,TOI-7510,Transit,2025.0,11.530869,18.1,7.31,878.0,249.006,False
TOI-7510 c,TOI-7510,Transit,2025.0,22.5687423,131.0,10.81,702.0,249.006,False
TOI-7510 d,TOI-7510,Transit,2025.0,48.864468,190.0,10.52,542.4,249.006,False
TOI-756 c,TOI-756,Radial Velocity,2025.0,149.4,1287.20504835,,194.0,86.1759,True
BEBOP-4 AB b,BEBOP-4 A,Radial Velocity,2025.0,1823.5,8358.8871041,,,234.294,False
KMT-2023-BLG-0548L b,KMT-2023-BLG-0548L,Microlensing,2025.0,,1086.97315194,,,6830.0,False
KMT-2023-BLG-0830L b,KMT-2023-BLG-0830L,Microlensing,2025.0,,17.79839079,,,7250.0,False
KMT-2023-BLG-0949L b,KMT-2023-BLG-0949L,Microlensing,2025.0,,1900.61387386,,,6060.0,False
KMT-2024-BLG-1281L b,KMT-2024-BLG-1281L,Microlensing,2025.0,,19.06970442,,,7180.0,False
KMT-2024-BLG-2059L b,KMT-2024-BLG-2059L,Microlensing,2025.0,,6.99222495,,,6070.0,False
KMT-2024-BLG-2242L b,KMT-2024-BLG-2242L,Microlensing,2025.0,,13.98444991,,,7620.0,False
TOI-1422 c,TOI-1422,Radial Velocity,2025.0,34.5633,14.0,2.61,628.0,155.141,False
TOI-1472 c,TOI-1472,Radial Velocity,2025.0,15.5381747,21.13,3.334,662.0,121.84,False
TOI-6041 c,TOI-6041,Radial Velocity,2025.0,88.0,77.9,,403.5,72.4731,False
V2376 Ori b,V2376 Ori,Imaging,2025.0,,6356.56814,87.20586985,2100.0,,False
HD 128717 b,HD 128717,Astrometry,2025.0,3420.0,6293.0024586,,,73.636,False
NGTS-34 b,NGTS-34,Transit,2025.0,43.12655,19.1,3.65,624.0,120.475,False
KMT-2024-BLG-1005L b,KMT-2024-BLG-1005L,Microlensing,2025.0,,6674.396547,,,6950.0,False
TOI-1266 d,TOI-1266,Transit Timing Variations,2025.0,32.509,3.68,,288.0,36.0118,True
BD+05 4868 A b,BD+05 4868 A,Transit,2025.0,1.271869,6.2,,1820.0,43.5687,False
ZTF J1230-2655 b,ZTF J1230-2655,Transit,2025.0,0.23597766,7024.0077947,13.78704626,,186.69,False
ZTF J1828+2308 b,ZTF J1828+2308,Transit,2025.0,0.1120067,6356.56814,11.13051784,,201.827,False
KMT-2019-BLG-0578L b,KMT-2019-BLG-0578L,Microlensing,2025.0,,381.3940884,,,7300.0,False
KMT-2021-BLG-0736L b,KMT-2021-BLG-0736L,Microlensing,2025.0,,21.0,,,7000.0,False
G 268-110 b,G 268-110,Radial Velocity,2025.0,1.43263,1.52,,534.0,,False
G 192-15 b,G 192-15,Radial Velocity,2025.0,2.27476,1.03,,453.6,9.53114,False
G 192-15 c,G 192-15,Radial Velocity,2025.0,1219.0,14.3,,55.9,9.53114,False
G 261-6 b,G 261-6,Radial Velocity,2025.0,5.4536,1.37,,322.3,10.6267,False
Gl 410 b,Gl 410,Radial Velocity,2025.0,6.02,8.4,,,11.9324,False
Kepler-139 f,Kepler-139,Transit Timing Variations,2025.0,355.0,36.0,,,391.038,False
TOI-771 c,TOI-771,Radial Velocity,2025.0,7.61,2.87,,365.0,25.2788,False
OGLE-2016-BLG-0007L b,OGLE-2016-BLG-0007L,Microlensing,2025.0,14200.0,1.32,,,4300.0,False
AT2021ueyL b,AT2021ueyL,Microlensing,2025.0,4168.69,425.89006538,,,1040.0,False
K2-157 c,K2-157,Radial Velocity,2025.0,25.942,30.8,,587.0,298.373,False
K2-157 d,K2-157,Radial Velocity,2025.0,66.5,23.3,,429.1,298.373,False
HD 35843 b,HD 35843,Radial Velocity,2025.0,9.8991,5.84,,,69.6026,False
TOI-771 b,TOI-771,Transit,2024.0,2.3260155,2.47,1.36,543.0,25.2788,False
TOI-782 b,TOI-782,Transit,2024.0,8.0240015,19.1,2.734,435.0,52.5122,False
HD 73344 b,HD 73344,Transit,2024.0,15.611,10.48,2.884,911.0,35.26,False
TOI-2107 b,TOI-2107,Transit,2024.0,2.4545467,263.79757781,13.57407563,1397.0,236.705,False
TOI-2120 b,TOI-2120,Transit,2024.0,5.7998164,6.8,2.122,384.0,32.1755,False
TOI-2128 b,TOI-2128,Transit,2024.0,16.34136,4.5,2.08874836,780.53,36.578,False
TOI-1301.01,TOI-1301,Transit,2024.0,6.096407209,,2.477,,90.8693,False
TOI-1347 b,TOI-1347,Transit,2024.0,0.84742346,11.1,1.8,1400.0,147.476,False
TOI-1347 c,TOI-1347,Transit,2024.0,4.841962,6.4,1.6,1000.0,147.476,False
TOI-1386 b,TOI-1386,Transit,2024.0,25.8401,45.8,6.2163865,615.03,146.858,False
TOI-1410.01,TOI-1410,Transit,2024.0,1.21687,12.5,3.10083009,1236.7,72.7512,False
TOI-1437 b,TOI-1437,Transit,2024.0,18.840942,9.6,2.24,,103.297,False
TOI-1439 b,TOI-1439,Transit,2024.0,27.644,38.5,4.2427861,748.4,230.306,False
TOI-1443 b,TOI-1443,Transit,2024.0,23.540678,30.0,2.30381001,520.66,85.8034,False
TOI-1448 b,TOI-1448,Transit,2024.0,8.112245,19.5,2.749,426.0,73.3345,False
TOI-1450 A b,TOI-1450 A,Transit,2024.0,2.0439274,1.258,1.13,722.0,22.4467,False
TOI-1451 b,TOI-1451,Transit,2024.0,16.537944,15.2,2.61143902,723.33,91.9362,False
TOI-1467 b,TOI-1467,Transit,2024.0,5.97114713,,1.92,,37.4418,False
TOI-1472 b,TOI-1472,Transit,2024.0,6.36338574,18.05,4.058,891.0,121.84,False
TOI-1630.01,TOI-1630,Transit,2024.0,12.055734733,,2.417,,66.0929,False
TOI-1659.01,TOI-1659,Transit,2024.0,5.877556328,,2.255,,122.494,False
TOI-1669 c,TOI-1669,Transit,2024.0,2.6800535,13.0,2.2963977,1285.16,111.276,False
TOI-1683.01,TOI-1683,Transit,2024.0,3.0575356,,2.6382,929.25,51.1884,False
TOI-1691 b,TOI-1691,Transit,2024.0,16.736888935,,3.66,,111.445,False
TOI-1716.01,TOI-1716,Transit,2024.0,8.082376554,,3.143,,104.158,False
TOI-1723 b,TOI-1723,Transit,2024.0,13.727012643,,3.435,,100.727,False
TOI-1739 b,TOI-1739,Transit,2024.0,8.303341406,,1.946,,70.9819,False
TOI-1742 b,TOI-1742,Transit,2024.0,21.269084,9.7,2.36507598,694.09,72.8871,False
TOI-1744.01,TOI-1744,Transit,2024.0,22.341702927,,2.68,,114.39,False
TOI-1751 b,TOI-1751,Transit,2024.0,37.46852,19.5,2.9507845,651.64,113.335,False
TOI-1753 b,TOI-1753,Transit,2024.0,5.3846104,16.6,2.47852533,1005.43,226.671,False
TOI-1758 b,TOI-1758,Transit,2024.0,20.705074685,,3.62,,96.6215,False
TOI-1768.01,TOI-1768,Transit,2024.0,7.337703649,,3.453,,157.597,False
TOI-1772.01,TOI-1772,Transit,2024.0,8.054246874,,2.905,,97.7562,False
TOI-815 b,TOI-815,Transit,2024.0,11.197259,7.6,2.94,686.0,59.7117,False
TOI-871 b,TOI-871,Transit,2024.0,14.362565,,1.664,621.0,68.0473,False
TOI-880.02,TOI-880,Transit,2024.0,2.57571,,2.19,1085.0,60.6679,False
TOI-907.01,TOI-907,Transit,2024.0,4.5849129,,9.6158851,1846.6,312.529,False
TOI-1135 b,TOI-1135,Transit,2024.0,8.0277327,58.79825529,9.91994792,1171.0,114.048,False
TOI-1173 b,TOI-1173,Transit,2024.0,7.06466,27.4,9.19,868.0,132.353,False
TOI-1174 b,TOI-1174,Transit,2024.0,8.953487683,,2.562,,94.6375,False
TOI-1180 b,TOI-1180,Transit,2024.0,9.686760378,,3.072,,72.0238,False
TOI-1184 b,TOI-1184,Transit,2024.0,5.748433803,,2.39,,58.5946,False
TOI-1199 b,TOI-1199,Transit,2024.0,3.671463,75.96098927,10.5140239,1486.0,248.427,False
TOI-1244 b,TOI-1244,Transit,2024.0,6.400316483,,2.467,,102.551,False
TOI-1248 b,TOI-1248,Transit,2024.0,4.3601561,27.4,6.8084859,952.09,168.735,False
TOI-1249 b,TOI-1249,Transit,2024.0,13.079151,11.9,3.2710301,726.89,139.49,False
TOI-1269 b,TOI-1269,Transit,2024.0,4.2529913,6.4,2.40144286,1004.9,172.138,False
TOI-1273 b,TOI-1273,Transit,2024.0,4.631296,70.55790635,11.09689089,1211.0,177.118,False
TOI-1279 b,TOI-1279,Transit,2024.0,9.61419,10.6,2.66146528,759.0,107.055,False
TOI-1294 b,TOI-1294,Transit,2024.0,3.915292,63.9,10.12369881,1392.74,332.648,False
TOI-1295 b,TOI-1295,Transit,2024.0,3.1968838,451.31633794,15.69257298,2360.0,388.227,False
TOI-128.01,TOI-128,Transit,2024.0,4.9404681,,2.21898,1344.51,68.4727,False
TOI-238 b,TOI-238,Transit,2024.0,1.273099,3.37,1.559,1378.0,80.5407,False
TOI-260 b,TOI-260,Transit,2024.0,13.475853,4.23,1.71,493.0,20.1852,False
TOI-286 b,TOI-286,Transit,2024.0,4.5117244,4.53,1.42,979.0,59.2293,False
TOI-286 c,TOI-286,Transit,2024.0,39.361826,3.72,1.88,475.0,59.2293,False
TOI-329 b,TOI-329,Transit,2024.0,5.70439,40.4,4.94057819,1213.02,284.388,False
TOI-406.01,TOI-406,Transit,2024.0,13.175682,6.57,2.08,368.0,31.0597,False
TOI-406 c,TOI-406,Transit,2024.0,3.307441,2.08,1.32,584.0,31.0597,False
TOI-480 b,TOI-480,Transit,2024.0,6.866196,20.8,2.85372018,1198.94,54.5306,False
TOI-654.01,TOI-654,Transit,2024.0,1.527561,8.71,2.378,794.0,57.7553,False
TOI-663 b,TOI-663,Transit,2024.0,2.598902,4.45,2.27,674.0,64.2308,False
TOI-663 c,TOI-663,Transit,2024.0,4.6955507,3.65,2.26,553.0,64.2308,False
TOI-663 d,TOI-663,Transit,2024.0,7.1027268,5.2,1.92,482.0,64.2308,False
TOI-757 b,TOI-757,Transit,2024.0,17.46819,10.5,2.5,641.0,60.3418,False
TOI-762 A b,TOI-762 A,Transit,2024.0,3.4716826,79.77493016,8.33948164,555.4,98.4458,False
TOI-5301 b,TOI-5301,Transit,2024.0,5.858858,1182.32167404,13.09208946,1648.0,629.161,False
TOI-5319 b,TOI-5319,Transit,2024.0,4.07853,,2.83,695.0,61.171,False
TOI-5388.01,TOI-5388,Transit,2024.0,2.5946748,2.2,0.99,488.0,18.5226,False
TOI-4153 b,TOI-4153,Transit,2024.0,4.6174141,365.50266805,16.11851425,1669.0,423.84,False
TOI-4336 A b,TOI-4336 A,Transit,2024.0,16.336351,3.33,2.137,309.4,22.5455,True
TOI-4379 b,TOI-4379,Transit,2024.0,3.25352,353.74301699,16.69017226,,645.158,False
TOI-4438 b,TOI-4438,Transit,2024.0,7.44628,5.4,2.52,435.0,30.0346,False
TOI-4443.01,TOI-4443,Transit,2024.0,1.8498567,,1.7193265,1638.82,56.0739,False
TOI-4495 c,TOI-4495,Transit,2024.0,5.18553,23.2,4.03,1365.0,132.214,False
TOI-4504 c,TOI-4504,Transit,2024.0,82.97213,1197.32317485,11.09689089,,342.605,False
TOI-4504 b,TOI-4504,Transit,2024.0,2.42614,,2.691,,342.605,False
TOI-4515 b,TOI-4515,Transit,2024.0,15.266446,637.0,12.17,705.0,193.499,False
TOI-4559 b,TOI-4559,Transit,2024.0,3.965991,,1.415,554.16,31.6354,False
TOI-4602.01,TOI-4602,Transit,2024.0,3.9812091,,2.550449,1380.27,63.0637,False
TOI-4633 c,TOI-4633,Transit,2024.0,271.9445,123.0,3.2,,95.2016,False
TOI-4638.01,TOI-4638,Transit,2024.0,10.283918787,,2.933,,168.248,False
TOI-2981 b,TOI-2981,Transit,2024.0,3.601501,638.0,13.4,1358.0,527.789,False
TOI-3071 b,TOI-3071,Transit,2024.0,1.266938,68.2,7.16,2155.0,485.219,False
NGTS-27 b,NGTS-27,Transit,2024.0,3.3704181,188.47224535,15.64773706,1783.0,942.122,False
TOI-3261 b,TOI-3261,Transit,2024.0,0.8831331,30.3,3.82,1722.0,300.141,False
TOI-3321 b,TOI-3321,Transit,2024.0,3.6525145,176.07693748,15.55806521,1616.0,285.895,False
TOI-3353.01,TOI-3353,Transit,2024.0,4.6657965,,2.6667555,1264.36,78.7577,False
TOI-3568 b,TOI-3568,Transit,2024.0,4.417965,26.4,5.3,899.0,197.906,False
TOI-3894 b,TOI-3894,Transit,2024.0,4.33454,260.61929374,15.27784069,1531.0,417.365,False
TOI-3919 b,TOI-3919,Transit,2024.0,7.433234,1233.17421916,12.31866979,1198.0,604.591,False
TOI-2211.01,TOI-2211,Transit,2024.0,3.092686757,,1.561,,70.2932,False
TOI-2266 b,TOI-2266,Transit,2024.0,2.326318,,1.54,550.0,51.6004,False
TOI-2274 b,TOI-2274,Transit,2024.0,2.67963,,2.45,771.46,48.876,False
TOI-2295 b,TOI-2295,Transit,2024.0,30.033302,278.09985612,16.47720163,747.0,126.279,False
TOI-2368 b,TOI-2368,Transit,2024.0,5.1750073,206.58846455,10.83908434,1000.0,210.915,False
TOI-2374 b,TOI-2374,Transit,2024.0,4.31361,56.64,6.81,885.0,134.655,False
TOI-2379 b,TOI-2379,Transit,2024.0,5.4693827,1830.69162432,11.72459381,624.0,211.247,False
TOI-2384 b,TOI-2384,Transit,2024.0,2.13570304,624.85064816,11.48920522,889.7,191.51,False
TOI-2420 b,TOI-2420,Transit,2024.0,5.842641,294.62693329,15.02003414,1571.6,435.174,False
TOI-2447 b,TOI-2447,Transit,2024.0,69.33684,124.90656395,9.60609646,414.0,148.987,False
TOI-2458 b,TOI-2458,Transit,2024.0,3.73659,13.31,2.83,1509.4,112.958,False
TOI-2485 b,TOI-2485,Transit,2024.0,11.23479,766.60211768,12.1393261,1134.0,397.953,False
TOI-2529 b,TOI-2529,Transit,2024.0,64.5949,743.71847238,11.54525012,636.0,296.271,False
TOI-2537 b,TOI-2537,Transit,2024.0,94.1022,415.40172795,11.25381662,338.0,184.986,False
TOI-2580 b,TOI-2580,Transit,2024.0,3.39775,200.23189641,17.37392009,2410.0,379.253,False
TOI-2714 b,TOI-2714,Transit,2024.0,2.499387,228.0,13.72,1603.0,597.873,False
TOI-2768 b,TOI-2768,Transit,2024.0,1.50801,,2.63,855.0,78.4525,False
TOI-1775 b,TOI-1775,Transit,2024.0,10.2405549,96.0,8.04728896,707.89,149.234,False
TOI-1776 b,TOI-1776,Transit,2024.0,2.799868,1.4,1.21612741,1269.21,44.647,False
TOI-1777.01,TOI-1777,Transit,2024.0,14.650111974,,2.246,,79.7665,False
HD 77946 b,HD 77946,Transit,2024.0,6.527363,10.9,2.89646124,1128.86,99.451,False
TOI-1782.01,TOI-1782,Transit,2024.0,4.987641028,,2.368,,95.2649,False
TOI-1782.02,TOI-1782,Transit,2024.0,1.829024227,,1.839,,95.2649,False
TOI-1794 b,TOI-1794,Transit,2024.0,8.765528,8.7,3.29701268,992.91,155.791,False
TOI-1798.01,TOI-1798,Transit,2024.0,8.021522331,,2.448,,113.181,False
TOI-1798.02,TOI-1798,Transit,2024.0,0.437811822,,1.464,,113.181,False
TOI-1799 b,TOI-1799,Transit,2024.0,7.094570865,,1.642,,62.1274,False
TOI-1806.01,TOI-1806,Transit,2024.0,15.1454693,,3.4095367,337.47,55.5211,False
TOI-1823 b,TOI-1823,Transit,2024.0,38.8,67.4,7.5406241,423.63,71.6456,False
TOI-1824 b,TOI-1824,Transit,2024.0,22.808533,16.0,2.7438269,528.67,59.4314,False
TOI-1836 b,TOI-1836,Transit,2024.0,20.380799,38.45723725,8.00321222,966.0,191.649,False
TOI-1836 c,TOI-1836,Transit,2024.0,1.7727471,8.0,2.59987579,2007.6,191.649,False
TOI-1855 b,TOI-1855,Transit,2024.0,1.36414864,360.09958513,18.49481816,1701.0,176.833,False
TOI-1883 b,TOI-1883,Transit,2024.0,4.50638,,5.65,524.92,115.369,False
TOI-1898 b,TOI-1898,Transit,2024.0,45.52234,129.0,9.39553231,674.54,79.6682,False
TOI-1994 b,TOI-1994,Transit,2024.0,4.0337142,7024.0077947,13.67495645,2290.0,515.603,False
TOI-2019 b,TOI-2019,Transit,2024.0,15.3444,34.4,5.33275337,917.46,198.007,False
TOI-2068 b,TOI-2068,Transit,2024.0,7.768915,,1.821,520.62,52.9328,False
TOI-2088 b,TOI-2088,Transit,2024.0,124.72997,37.0,3.6831179,300.33,126.46,True
2MASS J03590986+2009361 b,2MASS J03590986+2009361,Imaging,2024.0,,5720.911326,,2369.0,117.435,False
ITG 15 b,ITG 15 A,Imaging,2024.0,,6674.396547,,2601.0,136.37,False
G 196-3 b,G 196-3,Imaging,2024.0,,8263.538582,,1670.0,21.7912,False
2MASS J11011926-7732383 b,2MASS J11011926-7732383,Imaging,2024.0,,8899.195396,,2677.0,,False
HIP 77900 b,HIP 77900,Imaging,2024.0,,6674.396547,,2507.0,150.862,False
TIC 139270665 b,TIC 139270665,Transit,2024.0,23.624,147.15455244,7.22979255,703.0,189.875,False
TIC 139270665 c,TIC 139270665,Radial Velocity,2024.0,1010.0,1554.18091023,,200.0,189.875,True
SPECULOOS-3 b,SPECULOOS-3,Transit,2024.0,0.71912603,,0.977,553.0,,False
TOI-1224 b,TOI-1224,Transit,2024.0,4.1782745,,2.104,541.0,37.3312,False
TOI-1224 c,TOI-1224,Transit,2024.0,17.945466,,2.884,,37.3312,False
UCAC3 113-933 b,UCAC3 113-933,Imaging,2024.0,,6674.396547,,,52.5829,False
UCAC4 328-061594 b,UCAC4 328-061594,Imaging,2024.0,,6674.396547,,,39.9089,False
GJ 900 b,GJ 900 A,Imaging,2024.0,,3496.112477,,,20.8065,False
NGTS-26 b,NGTS-26,Transit,2024.0,4.5199279,92.80589484,14.88552637,1331.0,1093.69,False
TOI-1450 A c,TOI-1450 A,Transit,2024.0,5.0688,1.527,,533.0,22.4467,False
MOA-2022-BLG-563L b,MOA-2022-BLG-563L,Microlensing,2024.0,,127.1313628,,,6530.0,False
KMT-2023-BLG-0469L b,KMT-2023-BLG-0469L,Microlensing,2024.0,,39.41072247,,,7070.0,False
KMT-2023-BLG-0735L b,KMT-2023-BLG-0735L,Microlensing,2024.0,,38.77506565,,,6390.0,False
TOI-4527.01,TOI-4527,Transit,2024.0,0.3994445,,0.9086617,1362.93,18.1037,False
OGLE-2023-BLG-0836L b,OGLE-2023-BLG-0836L,Microlensing,2024.0,,1385.73185452,,,5120.0,False
TIC 365102760 b,TIC 365102760,Transit,2024.0,4.21285367,19.2,6.21,,555.546,False
KMT-2023-BLG-1431L b,KMT-2023-BLG-1431L,Microlensing,2024.0,,13.6,,,6800.0,False
OGLE-2014-BLG-0221L b,OGLE-2014-BLG-0221L,Microlensing,2024.0,,1382.55357045,,,3680.0,False
HD 48948 b,HD 48948,Radial Velocity,2024.0,7.34013,4.88,,957.0,16.9043,False
HD 48948 c,HD 48948,Radial Velocity,2024.0,38.06,7.27,,553.0,16.9043,False
HD 48948 d,HD 48948,Radial Velocity,2024.0,151.92,10.59,,349.0,16.9043,False
TIC 241249530 b,TIC 241249530,Transit,2024.0,165.7719,1582.78546686,13.29385111,,324.448,False
TOI-6651 b,TOI-6651,Transit,2024.0,5.056973,61.0,5.09,1493.0,212.128,False
TIC 393818343 b,TIC 393818343,Transit,2024.0,16.24921,1379.37528638,12.18416202,805.5,93.7345,False
TOI-1386 c,TOI-1386,Radial Velocity,2024.0,232.0,75.2,,,146.858,False
TOI-238 c,TOI-238,Radial Velocity,2024.0,8.465651,6.7,2.18,696.0,80.5407,False
TOI-815 c,TOI-815,Transit,2024.0,34.976145,23.5,2.62,469.0,59.7117,False
TOI-6383 A b,TOI-6383 A,Transit,2024.0,1.79058695,331.0,11.29,745.0,171.319,False
NGTS-33 b,NGTS-33,Transit,2024.0,2.827972,1153.71711741,18.38272835,1991.0,437.855,False
TOI-6054.01,TOI-6054,Transit,2024.0,7.501428,12.5,2.64,1360.0,79.407,False
TOI-6054.02,TOI-6054,Transit,2024.0,12.563636,9.3,2.82,1143.0,79.407,False
TOI-6086 b,TOI-6086,Transit,2024.0,1.3888725,,1.18,634.0,31.4566,False
TOI-6130 b,TOI-6130,Transit,2024.0,2.392679,333.71982735,14.3474953,1750.0,220.882,False
Gliese 12 b,Gliese 12,Transit,2024.0,12.761418,0.95,0.93,,12.21,False
TOI-6255 b,TOI-6255,Transit,2024.0,0.23818244,1.44,1.079,,20.3167,False
TOI-6002 b,TOI-6002,Transit,2024.0,10.904821,,1.65,321.4,32.0266,False
TOI-6008 b,TOI-6008,Transit,2024.0,0.8574347,4.0,1.03,707.0,23.1008,False
TOI-6016 b,TOI-6016,Transit,2024.0,4.023687,371.85923619,13.67495645,1890.0,364.715,False
TOI-6029 b,TOI-6029,Transit,2024.0,5.7987,519.64944544,14.39233122,,603.119,False
TOI-6034 b,TOI-6034,Transit,2024.0,2.576184,254.0,11.92,714.0,117.992,False
TOI-5799 b,TOI-5799,Transit,2024.0,4.164507,,1.733,505.0,27.8123,False
TOI-5616 b,TOI-5616,Transit,2024.0,2.002849,624.0,10.78,939.0,390.415,False
TOI-5634 A b,TOI-5634 A,Transit,2024.0,2.2035373,588.0,10.42,837.0,306.144,False
TOI-5688 A b,TOI-5688 A,Transit,2024.0,2.94815527,124.0,10.3,742.0,226.318,False
LHS 1678 d,LHS 1678,Transit,2024.0,4.9652229,,0.981,,19.8782,False
TOI-5713 b,TOI-5713,Transit,2024.0,10.441989,,1.77,347.2,40.8668,False
TOI-5720 b,TOI-5720,Transit,2024.0,1.4344555,4.3,1.09,708.0,35.8256,False
TOI-5726.01,TOI-5726,Transit,2024.0,5.491125215,,2.554,,108.848,False
Wolf 327 b,Wolf 327,Transit,2024.0,0.5734745,2.53,1.24,996.0,28.5321,False
NGTS-30 b,NGTS-30,Transit,2024.0,98.29838,305.11527072,10.40193409,500.0,238.377,False
TOI-4914 b,TOI-4914,Transit,2024.0,10.60057,227.0,12.87,894.0,299.89,False
BD-14 3065 b,BD-14 3065 A,Transit,2024.0,4.2889731,3932.0,21.59,2001.0,589.423,False
TOI-4994 b,TOI-4994,Transit,2024.0,21.491984,88.99195396,8.54124329,717.6,329.304,False
TOI-5005 b,TOI-5005,Transit,2024.0,6.3085044,32.7,6.25,1040.0,207.891,False
TOI-5076 b,TOI-5076,Transit,2024.0,23.443162,16.14568308,3.48935569,550.0,82.857,False
TOI-5082.01,TOI-5082,Transit,2024.0,4.240122,,2.54811,1164.91,43.1406,False
TOI-5110 b,TOI-5110,Transit,2024.0,30.158577,921.7023803,11.98240037,976.0,392.259,False
TOI-5218 b,TOI-5218,Transit,2024.0,4.291452,657.0,9.86,783.0,377.483,False
TOI-5232 b,TOI-5232,Transit,2024.0,4.0966692,743.71847238,12.778238,1772.0,609.388,False
K2-419 A b,K2-419 A,Transit,2024.0,20.35847252,196.0,10.55,377.0,268.685,False
GJ 1289 b,GJ 1289,Radial Velocity,2024.0,111.74,6.27,,150.0,8.35147,False
KMT-2017-BLG-0849L b,KMT-2017-BLG-0849L,Microlensing,2024.0,,6.39,,,7220.0,False
KMT-2017-BLG-1057L b,KMT-2017-BLG-1057L,Microlensing,2024.0,,23.5,,,6500.0,False
KMT-2017-BLG-2331L b,KMT-2017-BLG-2331L,Microlensing,2024.0,,171.0,,,8030.0,False
OGLE-2017-BLG-0364L b,OGLE-2017-BLG-0364L,Microlensing,2024.0,,75.8,,,7860.0,False
TIC 46432937 b,TIC 46432937,Transit,2024.0,1.44044527,1017.0509024,13.31626907,872.0,90.5369,False
TOI-1294 c,TOI-1294,Radial Velocity,2024.0,159.9,147.0,,,332.648,False
TOI-1410 c,TOI-1410,Radial Velocity,2024.0,47.56,27.0,,,72.7512,False
Gaia22dkvL b,Gaia22dkvL,Microlensing,2024.0,,187.83658854,,,1270.0,False
TOI-1408 c,TOI-1408,Transit Timing Variations,2024.0,2.1664,7.6,2.22,,139.484,False
GJ 238 b,GJ 238,Transit,2024.0,1.7446999,,0.566,758.0,15.2142,False
HD 118203 c,HD 118203,Radial Velocity,2024.0,5103.0,3747.19691853,,,92.2589,False
OGLE-2017-BLG-0448L b,OGLE-2017-BLG-0448L,Microlensing,2024.0,,15.6,,,7530.0,False
TIC 4672985 b,TIC 4672985,Transit,2024.0,69.048,4049.13390518,11.5004142,517.2,253.385,False
HD 21520 b,HD 21520,Transit,2024.0,25.1292,17.7,2.697,637.0,79.208,False
HD 222237 b,HD 222237,Radial Velocity,2024.0,14892.0,1649.52943233,,,11.4469,False
TOI-4562 c,TOI-4562,Transit Timing Variations,2024.0,3990.0,1833.86990839,,,339.605,False
HIP 67522 c,HIP 67522,Transit,2024.0,14.334892,,7.93595834,917.0,127.28,False
Barnard b,Barnard's star,Radial Velocity,2024.0,3.1542,0.299,,438.0,1.82655,False
OGLE-2016-BLG-1598L b,OGLE-2016-BLG-1598L,Microlensing,2024.0,,120.77479466,,,5910.0,False
OGLE-2016-BLG-1800L b,OGLE-2016-BLG-1800L,Microlensing,2024.0,,823.17557413,,,6480.0,False
MOA-2016-BLG-526L b,MOA-2016-BLG-526L,Microlensing,2024.0,,14.93793513,,,6930.0,False
KMT-2016-BLG-2321L b,KMT-2016-BLG-2321L,Microlensing,2024.0,,301.93698665,,,3580.0,False
KMT-2023-BLG-1866L b,KMT-2023-BLG-1866L,Microlensing,2024.0,,2.63,,,6210.0,False
HD 75898 c,HD 75898,Radial Velocity,2024.0,6717.0,2698.36317543,,,78.0505,False
Kepler-158 d,Kepler-158,Transit,2024.0,0.645088,,0.43,,315.177,False
Kepler-963 c,Kepler-963,Transit,2024.0,0.919783,,0.6,,771.494,False
Kepler-879 c,Kepler-879,Transit,2024.0,0.646716,,0.4,,802.672,False
Kepler-1489 c,Kepler-1489,Transit,2024.0,0.680741,,0.51,,1283.05,False
KOI-4978 b,KOI-4978,Transit,2024.0,0.941967,,0.7,,936.341,False
Kepler-51 e,Kepler-51,Transit Timing Variations,2024.0,264.284,5.4,,,783.831,False
TOI-2458 c,TOI-2458,Radial Velocity,2024.0,16.553,10.22,,,112.958,False
KMT-2021-BLG-2609L b,KMT-2021-BLG-2609L,Microlensing,2024.0,,10.17050902,,,7480.0,False
KMT-2022-BLG-0303L b,KMT-2022-BLG-0303L,Microlensing,2024.0,,163.04597279,,,6570.0,False
KMT-2024-BLG-1044L b,KMT-2024-BLG-1044L,Microlensing,2024.0,,7.75,,,7140.0,False
KMT-2022-BLG-2286L b,KMT-2022-BLG-2286L,Microlensing,2024.0,,6038.739733,,,7320.0,False
KMT-2023-BLG-1743L b,KMT-2023-BLG-1743L,Microlensing,2024.0,,6356.56814,,,7130.0,False
TOI-4504 d,TOI-4504,Transit Timing Variations,2024.0,40.5634,450.23572136,,,342.605,False
WASP-132 d,WASP-132,Radial Velocity,2024.0,1816.6,1639.99458012,,107.0,122.91,False
K2-360 c,EPIC 201595106,Radial Velocity,2024.0,9.79692,15.23,,912.0,232.1,False
TOI-2295 c,TOI-2295,Radial Velocity,2024.0,966.5,1783.01736327,,234.9,126.279,True
TOI-2537 c,TOI-2537,Radial Velocity,2024.0,1920.0,2297.89938261,,123.1,184.986,False
HD 134606 b,HD 134606,Radial Velocity,2024.0,12.089,9.09,,,26.7909,False
HD 134606 c,HD 134606,Radial Velocity,2024.0,58.883,11.31,,,26.7909,False
HD 134606 d,HD 134606,Radial Velocity,2024.0,966.5,44.8,,,26.7909,False
HD 134606 e,HD 134606,Radial Velocity,2024.0,4.3203,2.34,,,26.7909,False
HD 134606 f,HD 134606,Radial Velocity,2024.0,26.915,5.63,,,26.7909,False
Teegarden's Star d,Teegarden's Star,Radial Velocity,2024.0,26.13,0.82,,159.0,3.83078,False
HS Psc b,HS Psc,Radial Velocity,2024.0,3.986,464.02947422,,,37.6604,False
NGC 2682 Sand 1429 b,NGC 2682 Sand 1429,Radial Velocity,2024.0,77.48,572.0911326,,683.0,852.793,False
CI Tau c,CI Tau,Radial Velocity,2024.0,25.2,1144.1822652,,,157.998,False
HD 104067 c,HD 104067,Radial Velocity,2024.0,13.8992,13.2,,,20.3632,False
M62H b,M62H,Pulsar Timing,2024.0,0.132935028,785.03616529,,,,False
OGLE-2017-BLG-0640L b,OGLE-2017-BLG-0640L,Microlensing,2024.0,,514.88201934,,,6630.0,False
OGLE-2017-BLG-1275L b,OGLE-2017-BLG-1275L,Microlensing,2024.0,,1875.1876013,,,7690.0,False
OGLE-2017-BLG-1237L b,OGLE-2017-BLG-1237L,Microlensing,2024.0,,1207.7479466,,,6030.0,False
IRAS 04125+2902 b,IRAS 04125+2902,Transit,2024.0,8.834978,,10.73820351,854.0,159.244,False
HIP 39017 b,HIP 39017,Imaging,2024.0,31000.0,7500.7504052,,,66.3217,False
KMT-2023-BLG-0416L b,KMT-2023-BLG-0416L,Microlensing,2024.0,,13.03096469,,,5900.0,False
KMT-2023-BLG-1454L b,KMT-2023-BLG-1454L,Microlensing,2024.0,,200.23189641,,,7220.0,False
KMT-2023-BLG-1642L b,KMT-2023-BLG-1642L,Microlensing,2024.0,,343.25467956,,,6980.0,False
2MASS J11550485-7919108 b,2MASS J11550485-7919108,Imaging,2024.0,,6356.56814,,2506.0,100.862,False
2MASS J21252752-8138278 b,2MASS J21252752-8138278,Imaging,2024.0,,3813.940884,,1616.0,34.1154,False
Kepler-1660 AB b,Kepler-1660 A,Eclipse Timing Variations,2023.0,239.5044,1586.59940774,,,1188.54,False
EPIC 229004835 b,EPIC 229004835,Transit,2023.0,16.141132,10.4,2.332,804.0,121.971,False
Kepler-763 d,Kepler-763,Transit,2023.0,6.50327035,,1.67,804.0,962.459,False
TOI-1811 b,TOI-1811,Transit,2023.0,3.7130765,308.9292116,11.14172682,962.2,128.23,False
TOI-1853 b,TOI-1853,Transit,2023.0,1.2436258,73.2,3.46,1479.0,165.105,False
TOI-1859 b,TOI-1859,Transit,2023.0,63.48347,,9.75181321,,224.385,False
TOI-1937 A b,TOI-1937 A,Transit,2023.0,0.94667944,638.83509807,13.97759893,2097.0,415.135,False
TOI-2000 c,TOI-2000,Transit,2023.0,9.127055,81.7,8.14,1038.0,175.713,False
TOI-2000 b,TOI-2000,Transit,2023.0,3.09833,11.0,2.7,1488.0,175.713,False
TOI-2010 b,TOI-2010,Transit,2023.0,141.834025,408.7273314,11.81426566,400.2,109.19,False
TOI-2015 b,TOI-2015,Transit,2023.0,3.348237,9.2,3.309,530.9,47.3444,False
TOI-2084 b,TOI-2084,Transit,2023.0,6.0784247,,2.47,527.0,114.549,False
TOI-2095 b,TOI-2095,Transit,2023.0,17.66484,4.1,1.25,347.0,41.9176,False
TOI-2095 c,TOI-2095,Transit,2023.0,28.17232,7.4,1.33,297.0,41.9176,True
TOI-2096 b,TOI-2096,Transit,2023.0,3.1190633,,1.243,445.0,48.4809,False
TOI-2096 c,TOI-2096,Transit,2023.0,6.38784,,1.914,349.0,48.4809,False
TOI-2134 b,TOI-2134,Transit,2023.0,9.2292005,9.13,2.69,666.0,22.6202,False
TOI-2134 c,TOI-2134,Transit,2023.0,95.5,41.89,7.27,306.0,22.6202,True
TOI-2141 b,TOI-2141,Transit,2023.0,18.261608,20.1,3.147,728.0,77.682,False
TOI-2145 b,TOI-2145,Transit,2023.0,10.261128,1805.26535176,12.24020692,,224.731,False
TOI-2152 A b,TOI-2152,Transit,2023.0,3.3773512,899.45439181,14.35870428,1802.0,303.006,False
TOI-1408 b,TOI-1408,Transit,2023.0,4.42587,593.0,25.0,,139.484,False
TOI-1416 b,TOI-1416,Transit,2023.0,1.0697568,3.48,1.62,1517.0,55.0135,False
TOI-1420 b,TOI-1420,Transit,2023.0,6.9561063,25.1,11.89,957.0,201.918,False
HD 235088 b,HD 235088,Transit,2023.0,7.4341325,4.15,1.982,,41.1706,False
TOI-1470 b,TOI-1470,Transit,2023.0,2.527093,7.32,2.18,734.0,51.9503,False
HIP 9618 b,HIP 9618,Transit,2023.0,20.772858,8.3,3.82838127,640.88,67.5478,False
HIP 9618 c,HIP 9618,Transit,2023.0,52.56363,7.0,3.42855926,470.31,67.5478,False
HD 6061 b,HD 6061,Transit,2023.0,5.2549,10.0,2.42763557,1075.31,67.6203,False
TOI-1680 b,TOI-1680,Transit,2023.0,4.8026345,,1.466,404.0,37.2209,False
TOI-1694 b,TOI-1694,Transit,2023.0,3.770107,31.3,5.3422266,943.19,124.68,False
TOI-1736 b,TOI-1736,Transit,2023.0,7.073076,12.3,3.18175535,1099.79,88.9482,False
TOI-836 b,TOI-836,Transit,2023.0,3.81673,4.53,1.704,871.0,27.5024,False
TOI-858 B b,TOI-858 B,Transit,2023.0,3.2797178,349.6112477,14.06727078,1529.0,250.489,False
TOI-904 b,TOI-904,Transit,2023.0,10.8772,,2.426,429.43,46.0891,False
TOI-904 c,TOI-904,Transit,2023.0,83.9997,,2.167,217.26,46.0891,True
TOI-908 b,TOI-908,Transit,2023.0,3.183792,16.137,3.186,1317.0,175.748,False
LHS 475 b,LHS 475,Transit,2023.0,2.029088,,0.991,586.0,12.4814,False
TOI-913 b,TOI-913,Transit,2023.0,11.098644,,2.4528,712.01,65.1769,False
TOI-1052 b,TOI-1052,Transit,2023.0,9.139703,16.9,2.87,1135.0,129.804,False
TOI-1194 b,TOI-1194,Transit,2023.0,2.3106446,120.0,8.71664516,1264.29,149.667,False
TOI-1221 b,TOI-1221,Transit,2023.0,91.68278,1112.3994245,2.91,440.0,138.411,False
HD 135694 b,HD 135694,Transit,2023.0,15.923475568,,2.857,,73.8713,False
TOI-139 b,TOI-139,Transit,2023.0,11.07085,,2.4566,561.17,42.4061,False
TOI-181 b,TOI-181,Transit,2023.0,4.532,46.1687,6.9559,895.1,96.2338,False
TOI-199 b,TOI-199,Transit,2023.0,104.854,54.03082919,9.07927437,,102.27,False
TOI-244 b,TOI-244,Transit,2023.0,7.397225,2.68,1.52,458.0,22.0337,False
TOI-262 b,TOI-262,Transit,2023.0,11.14529,,2.07,584.0,43.932,False
HIP 8152 b,HIP 8152,Transit,2023.0,10.751014,8.9,2.53625843,794.96,101.694,False
HIP 8152 c,HIP 8152,Transit,2023.0,19.60562,10.7,2.52442508,650.68,101.694,False
TOI-332 b,TOI-332,Transit,2023.0,0.777038,57.2,3.2,1871.0,222.852,False
TOI-444 b,TOI-444,Transit,2023.0,17.9636,,2.77,609.0,57.3973,False
HD 15906 b,HD 15906,Transit,2023.0,10.924709,,2.24,668.0,45.5621,False
TOI-470 b,TOI-470,Transit,2023.0,12.19148,,4.34,660.0,130.46,False
HD 25463 b,HD 25463,Transit,2023.0,7.0491423,8.7,2.54535814,1198.46,45.6181,False
HD 25463 c,HD 25463,Transit,2023.0,3.04405,4.3,1.36354953,1585.57,45.6181,False
TOI-615 b,TOI-615,Transit,2023.0,4.6615983,138.25535705,18.97680433,1666.0,360.408,False
TOI-622 b,TOI-622,Transit,2023.0,6.402513,96.30200732,9.2362001,1388.0,123.297,False
Kepler-1991 c,Kepler-1991,Transit,2023.0,22.79020351,,2.57,634.0,855.82,False
TOI-669 b,TOI-669,Transit,2023.0,3.945152,10.0,2.58606487,1124.85,142.867,False
TOI-672 b,TOI-672,Transit,2023.0,3.633581,50.9,5.31,699.5,66.9071,False
TOI-700 e,TOI-700,Transit,2023.0,27.80978,,0.953,,31.1265,False
TOI-715 b,TOI-715,Transit,2023.0,19.288004,,1.55,234.0,42.4048,True
TOI-733 b,TOI-733,Transit,2023.0,4.884765,5.72,1.992,1055.8,75.2092,False
TOI-778 b,TOI-778,Transit,2023.0,4.633611,878.0,15.4,1561.0,161.743,False
TOI-784 b,HD 307842,Transit,2023.0,2.7970365,9.67,1.93,,64.5997,False
Kepler-1990 b,Kepler-1990,Transit,2023.0,1.73513619,,3.27,1554.0,392.739,False
TOI-4791 b,TOI-4791,Transit,2023.0,4.28088,734.18362017,12.44196858,1472.0,328.802,False
TOI-4860 b,TOI-4860,Transit,2023.0,1.5227591,86.7,8.7,694.0,80.1423,False
TOI-5126 b,TOI-5126,Transit,2023.0,5.4588385,,4.74,1442.0,160.414,False
TOI-5126 c,TOI-5126,Transit,2023.0,17.8999,,3.86,971.0,160.414,False
Kepler-297 d,Kepler-297,Transit,2023.0,150.0189511,,32.6,325.0,692.14,False
TOI-5205 b,TOI-5205,Transit,2023.0,1.630757,343.0,11.6,737.0,86.4493,False
TOI-5293 A b,TOI-5293 A,Transit,2023.0,2.930289,170.4,11.9,675.0,162.229,False
TOI-5344 b,TOI-5344,Transit,2023.0,3.792622,130.94530368,10.60369574,689.0,138.367,False
TOI-5398 c,TOI-5398,Transit,2023.0,4.77271,11.8,3.52,1242.0,130.855,False
TOI-4010 d,TOI-4010,Transit,2023.0,14.70886,38.15,6.18,650.0,177.504,False
TOI-4010 b,TOI-4010,Transit,2023.0,1.348335,11.0,3.02,1441.0,177.504,False
TOI-4087 b,TOI-4087,Transit,2023.0,3.1774835,232.01473711,13.04725353,1458.0,301.676,False
TOI-4127 b,TOI-4127,Transit,2023.0,56.3987,743.71847238,12.07,556.0,319.632,False
TOI-4145 A b,TOI-4145 A,Transit,2023.0,4.0664428,136.66621501,13.30506009,1074.0,205.387,False
TOI-4184 b,TOI-4184,Transit,2023.0,4.9019804,,2.43,412.0,69.3649,False
TOI-4201 b,TOI-4201,Transit,2023.0,3.5819194,788.21444936,13.67495645,725.0,189.011,False
TOI-4308 b,TOI-4308,Transit,2023.0,9.151201,,2.4189,763.05,108.932,False
TOI-4342 b,TOI-4342,Transit,2023.0,5.5382592,7.3,2.329,639.0,61.5204,False
TOI-4342 c,TOI-4342,Transit,2023.0,10.688662,4.8,2.349,514.0,61.5204,False
TOI-4377 b,TOI-4377,Transit,2023.0,4.378081,304.1617855,15.10970598,,455.82,False
TOI-4406 b,TOI-4406,Transit,2023.0,30.08364,95.3485221,11.2089807,904.0,261.834,False
TOI-4463 A b,TOI-4463 A,Transit,2023.0,2.8807198,252.35575516,13.26022417,1395.0,173.117,False
TOI-4551 b,TOI-4551,Transit,2023.0,9.95581,473.56432643,11.85910158,,215.986,False
TOI-4562 b,TOI-4562,Transit,2023.0,225.1064,,,,339.605,False
TOI-4582 b,TOI-4582,Transit,2023.0,31.034,168.44905571,10.53644186,,383.846,False
TOI-4600 b,TOI-4600,Transit,2023.0,82.6869,959.84178914,6.8,347.0,216.056,False
TOI-4603 b,TOI-4603,Transit,2023.0,7.24599,4096.80816623,11.67975789,1677.0,225.643,False
TOI-4641 b,TOI-4641,Transit,2023.0,22.09341,1229.99593509,8.18255591,,86.3501,False
TOI-2796 b,TOI-2796,Transit,2023.0,4.8084983,139.84449908,17.26183028,1205.0,350.343,False
TOI-2803 A b,TOI-2803 A,Transit,2023.0,1.96229325,309.88269682,18.11371281,1893.0,494.818,False
TOI-2818 b,TOI-2818,Transit,2023.0,4.039709,225.65816897,15.27784069,1376.0,312.674,False
TOI-2842 b,TOI-2842,Transit,2023.0,3.5514058,117.59651059,12.84549188,1471.0,460.995,False
TOI-2977 b,TOI-2977,Transit,2023.0,2.3505614,533.95172376,13.15934334,1544.0,,False
TOI-3023 b,TOI-3023,Transit,2023.0,3.9014971,197.05361234,16.43236571,1596.0,389.916,False
TOI-3082 b,TOI-3082,Transit,2023.0,1.926907,,3.6621,1032.78,113.048,False
TOI-3235 b,TOI-3235,Transit,2023.0,2.59261842,211.35589065,11.39953337,604.0,72.811,False
TOI-3364 b,TOI-3364,Transit,2023.0,5.8768918,530.77343969,12.22899794,1264.0,277.899,False
TOI-3688 A b,TOI-3688 A,Transit,2023.0,3.246075,311.47183886,13.08088048,1534.0,396.378,False
Kepler-896 c,Kepler-896,Transit,2023.0,29.5422566,,3.15,515.0,2334.93,False
TOI-3785 b,TOI-3785,Transit,2023.0,4.6747373,14.95,5.14,582.0,79.7634,False
TOI-3807 b,TOI-3807,Transit,2023.0,2.8989727,330.54154328,18.49481816,1646.0,421.745,False
TOI-3819 b,TOI-3819,Transit,2023.0,3.2443141,352.78953177,13.13692538,1633.0,558.141,False
TOI-3912 b,TOI-3912,Transit,2023.0,3.4936264,129.03833324,14.28024141,1512.0,465.992,False
TOI-3976 A b,TOI-3976 A,Transit,2023.0,6.607662,55.61997123,12.27383387,1295.0,516.087,False
TOI-3984 A b,TOI-3984 A,Transit,2023.0,4.353326,44.0,7.9,563.0,108.883,False
TOI-4010 c,TOI-4010,Transit,2023.0,5.414654,20.31,5.93,907.0,177.504,False
TOI-2154 b,TOI-2154,Transit,2023.0,3.8240801,292.40213444,16.28664896,1580.0,296.46,False
TOI-2194 b,TOI-2194,Transit,2023.0,15.337597,,1.9892,590.88,19.5711,False
Kepler-1987 d,Kepler-1987,Transit,2023.0,5.644914154,,2.66,744.0,595.683,False
TOI-2338 b,TOI-2338,Transit,2023.0,22.65398,1900.61387386,11.2089807,799.0,313.996,False
TOI-2364 b,TOI-2364,Transit,2023.0,4.0197517,71.51139158,8.60849718,1091.0,219.614,False
TOI-2373 b,TOI-2373,Transit,2023.0,13.33668,2955.8041851,10.42435205,860.0,508.686,False
TOI-2416 b,TOI-2416,Transit,2023.0,8.275479,953.485221,9.86390302,1080.0,557.733,False
TOI-2459 b,TOI-2459,Transit,2023.0,19.104718,,2.9531,445.01,36.6113,False
TOI-2497 b,TOI-2497,Transit,2023.0,10.655669,1531.93292174,11.14172682,1595.0,285.289,False
TOI-2498 b,TOI-2498,Transit,2023.0,3.738252,34.62,6.06,1443.0,275.265,False
TOI-2524 b,TOI-2524,Transit,2023.0,7.18585,203.41018048,11.2089807,1100.0,438.842,False
TOI-2525 b,TOI-2525,Transit,2023.0,23.2856,26.69758619,8.67575106,,395.398,False
TOI-2525 c,TOI-2525,Transit,2023.0,49.2519,208.8132634,10.13291855,,395.398,False
TOI-2583 A b,TOI-2583 A,Transit,2023.0,4.5207265,79.45710175,14.4595851,1456.0,566.189,False
TOI-2587 A b,TOI-2587 A,Transit,2023.0,5.45664,69.28659273,12.07207221,1445.0,373.675,False
TOI-2589 b,TOI-2589,Transit,2023.0,61.6277,1112.3994245,12.10569916,592.0,200.273,False
TOI-2641 b,TOI-2641,Transit,2023.0,4.880974,122.6817651,18.10250383,1387.0,344.045,False
TOI-1801 b,TOI-1801,Transit,2023.0,10.64387,5.738,2.079,493.7,30.6796,False
HD 167677 b,HD 167677,Radial Velocity,2023.0,1820.0,905.81095995,,,54.3258,False
HD 89839 b,HD 89839,Radial Velocity,2023.0,3391.2,1196.9,,,57.3063,False
HD 165131 b,HD 165131,Radial Velocity,2023.0,2342.6,5943.3912109,,,57.4263,False
HD 15906 c,HD 15906,Transit,2023.0,21.583298,,2.93,532.0,45.5621,False
TOI-4010 e,TOI-4010,Radial Velocity,2023.0,762.0,692.0,,174.0,177.504,False
GJ 328 c,GJ 328,Radial Velocity,2023.0,241.8,21.4,,,20.5266,False
HIP 54597 b,HIP 54597,Radial Velocity,2023.0,3274.0,762.7881768,,,39.7429,False
BD-210397 b,BD-210397,Radial Velocity,2023.0,1891.0,214.0,,,23.7324,False
BD-210397 c,BD-210397,Radial Velocity,2023.0,6240.0,1525.5763536,,,23.7324,False
HD 74698 b,HD 74698,Radial Velocity,2023.0,15.017,23.0,,,52.0648,False
HD 74698 c,HD 74698,Radial Velocity,2023.0,3449.0,126.0,,,52.0648,False
HD 94771 b,HD 94771,Radial Velocity,2023.0,2164.0,169.0,,,57.7807,False
TOI-2018 b,TOI-2018,Transit,2023.0,7.435583,9.2,2.268,,27.9956,False
rho CrB e,rho CrB,Radial Velocity,2023.0,12.904,3.71,,,17.4671,False
HD 22946 d,HD 22946,Transit,2023.0,47.42489,26.57,2.607,546.0,62.7792,False
HIP 81208 C b,HIP 81208 C,Imaging,2023.0,104100.0,4703.8604236,,2050.0,147.533,False
MOA-2022-BLG-249L b,MOA-2022-BLG-249L,Microlensing,2023.0,,4.83,,,2000.0,False
DMPP-4 b,DMPP-4,Radial Velocity,2023.0,3.4982,12.2,,,25.3284,False
TOI-1470 c,TOI-1470,Transit,2023.0,18.08816,7.24,2.47,373.0,51.9503,False
GJ 367 c,GJ 367,Radial Velocity,2023.0,11.5301,4.13,,,9.41263,False
GJ 367 d,GJ 367,Radial Velocity,2023.0,34.369,6.03,,,9.41263,False
HN Lib b,HN Lib,Radial Velocity,2023.0,36.116,5.46,,234.4,6.24442,True
TOI-1052 c,TOI-1052,Radial Velocity,2023.0,35.806,34.3,,719.0,129.804,False
HD 6860 b,HD 6860,Radial Velocity,2023.0,663.87,8981.83078182,,,61.12469,False
HD 112300 b,HD 112300,Radial Velocity,2023.0,466.63,5031.22368281,,,62.07324,False
HD 36384 b,HD 36384,Radial Velocity,2023.0,490.0,2097.6674862,,,209.309,False
MWC 758 c,MWC 758,Imaging,2023.0,,,,500.0,159.537,False
TOI-4600 c,TOI-4600,Transit,2023.0,482.8191,2946.26933289,9.42,191.0,216.056,True
Wolf 1069 b,Wolf 1069,Radial Velocity,2023.0,15.564,1.26,,250.1,9.58341,True
L 363-38 b,L 363-38,Radial Velocity,2023.0,8.781,4.67,,330.0,10.2295,False
AF Lep b,AF Lep,Imaging,2023.0,8905.0,1147.36054927,,,26.8564,False
TIC 279401253 b,TIC 279401253,Transit,2023.0,76.8,1951.46641898,11.2089807,,285.584,False
TIC 279401253 c,TIC 279401253,Transit,2023.0,155.3,2548.98382414,,,285.584,False
HD 169142 b,HD 169142,Imaging,2023.0,,953.485221,,,113.6,False
HD 18438 b,HD 18438,Radial Velocity,2023.0,803.0,6674.396547,,,224.146,False
TOI-1338 c,TOI-1338 A,Radial Velocity,2023.0,215.79,75.4,,,399.017,False
KMT-2021-BLG-0712L b,KMT-2021-BLG-0712L,Microlensing,2023.0,,38.19,,,3090.0,False
KMT-2021-BLG-0909L b,KMT-2021-BLG-0909L,Microlensing,2023.0,,400.46379282,,,6480.0,False
KMT-2021-BLG-2478L b,KMT-2021-BLG-2478L,Microlensing,2023.0,,286.0455663,,,2970.0,False
KMT-2021-BLG-1105L b,KMT-2021-BLG-1105L,Microlensing,2023.0,,413.1769291,,,4540.0,False
K2-415 b,K2-415,Transit,2023.0,4.0179694,7.5,1.015,412.4,21.8182,False
WASP-84 c,WASP-84,Transit,2023.0,1.4468849,15.2,1.95,1329.0,100.588,False
PZ Tel b,PZ Tel,Imaging,2023.0,44000.0,8581.366989,,,47.0648,False
HIP 99770 b,HIP 99770,Imaging,2023.0,,5403.082919,,,40.0765,False
Kepler-68 e,Kepler-68,Radial Velocity,2023.0,3455.0,86.4493267,,,144.166,False
Kepler-454 d,Kepler-454,Radial Velocity,2023.0,4073.0,734.18362017,,,230.869,False
K2-312 c,HD 80653,Radial Velocity,2023.0,921.2,1719.45168187,,,109.86,False
Kepler-10 d,Kepler-10,Radial Velocity,2023.0,151.06,12.0,,387.0,185.506,False
K2-2016-BLG-0005L b,K2-2016-BLG-0005L,Microlensing,2023.0,4700.0,349.6112477,,,5200.0,False
WISE J033605.05-014350.4 b,WISE J033605.05-014350.4,Imaging,2023.0,2560.0,2622.08435775,,325.0,,False
GJ 1151 c,GJ 1151,Radial Velocity,2023.0,389.7,10.62,,,8.03625,False
TOI-1669 b,TOI-1669,Radial Velocity,2023.0,500.0,191.0,,,111.276,False
TOI-1694 c,TOI-1694,Radial Velocity,2023.0,393.1,297.0,,,124.68,False
KMT-2017-BLG-1194L b,KMT-2017-BLG-1194L,Microlensing,2023.0,,3.54,,,4240.0,False
KMT-2017-BLG-0428L b,KMT-2017-BLG-0428L,Microlensing,2023.0,,5.59,,,5400.0,False
KMT-2019-BLG-1806L b,KMT-2019-BLG-1806L,Microlensing,2023.0,,4.67,,,6640.0,False
KMT-2017-BLG-1003L b,KMT-2017-BLG-1003L,Microlensing,2023.0,,5.19,,,7090.0,False
KMT-2019-BLG-1367L b,KMT-2019-BLG-1367L,Microlensing,2023.0,,4.08,,,4670.0,False
OGLE-2017-BLG-1806L b,OGLE-2017-BLG-1806L,Microlensing,2023.0,,5.27,,,6400.0,False
KMT-2016-BLG-1105L b,KMT-2016-BLG-1105L,Microlensing,2023.0,,2.32,,,5080.0,False
TOI-5803 b,TOI-5803,Transit,2023.0,5.38305,,3.2732,678.87,84.0126,False
TOI-5678 b,TOI-5678,Transit,2023.0,47.73022,20.0,4.91,513.0,165.393,False
TOI-5704 b,TOI-5704,Transit,2023.0,3.771116,,3.2274,949.07,89.637,False
Kepler-2000 b,Kepler-2000,Transit,2023.0,6.383159135,,2.73,530.0,320.588,False
BD+37 3172 b,BD+37 3172,Radial Velocity,2023.0,1887.76,3368.9811142,,,454.251,False
BD+42 2315 b,BD+42 2315,Radial Velocity,2023.0,123.05,174.80562385,,,610.715,False
TOI-2443 b,TOI-2443,Transit,2023.0,15.66858,4.8,2.363,519.0,23.9258,False
Kepler-48 f,Kepler-48,Radial Velocity,2023.0,5219.681854,298.5809968,,,306.738,False
Kepler-100 e,Kepler-100,Radial Velocity,2023.0,60.888588,24.14271827,,,304.645,False
Kepler-139 e,Kepler-139,Radial Velocity,2023.0,2047.635373,426.1158152,,,391.038,False
KMT-2021-BLG-1150L b,KMT-2021-BLG-1150L,Microlensing,2023.0,,279.68899816,,,3800.0,False
TOI-198 b,TOI-198,Transit,2023.0,10.215213,3.17,1.36,456.0,23.7262,False
HD 73256 c,HD 73256,Radial Velocity,2023.0,2690.0,5085.254512,,,36.708,False
HD 75302 b,HD 75302,Radial Velocity,2023.0,4356.0,1716.2733978,,,30.3288,False
HD 108202 b,HD 108202,Radial Velocity,2023.0,2990.0,953.485221,,,38.6846,False
HD 135625 b,HD 135625,Radial Velocity,2023.0,4055.0,731.0053361,,,56.518,False
HD 185283 b,HD 185283,Radial Velocity,2023.0,4060.0,413.1769291,,,31.395,False
GJ 9404 b,GJ 9404,Radial Velocity,2023.0,13.4586,11.9,,,23.8839,False
HIP 29442 c,TOI-469,Radial Velocity,2023.0,3.5379559,4.5,1.551,1123.0,68.192,False
HIP 29442 d,TOI-469,Radial Velocity,2023.0,6.429575,5.14,1.538,920.0,68.192,False
KMT-2021-BLG-2010L b,KMT-2021-BLG-2010L,Microlensing,2023.0,,340.07639549,,,7090.0,False
KMT-2022-BLG-0371L b,KMT-2022-BLG-0371L,Microlensing,2023.0,,82.63538582,,,7140.0,False
KMT-2022-BLG-1013L b,KMT-2022-BLG-1013L,Microlensing,2023.0,,98.52680617,,,7710.0,False
HD 99492 c,HD 99492,Radial Velocity,2023.0,95.233,17.9,,,18.2038,False
75 Cet c,75 Cet,Radial Velocity,2023.0,2051.62,289.85950718,,,82.9613,False
HIP 113103 b,HIP 113103,Transit,2023.0,7.610303,,1.829,721.0,46.2122,False
HIP 113103 c,HIP 113103,Transit,2023.0,14.245648,,2.4,585.0,46.2122,False
HAT-P-2 c,HAT-P-2,Radial Velocity,2023.0,8500.0,3400.7639549,,,127.774,False
TOI-199 c,TOI-199,Transit Timing Variations,2023.0,273.69,88.99195396,,,102.27,False
Kepler-1978 b,Kepler-1978,Transit,2023.0,10.84969477,,2.67,676.0,865.512,False
HIP 66074 b,HIP 66074,Astrometry,2023.0,310.9,1589.142035,,,35.4438,False
Kepler-1513 c,Kepler-1513,Transit Timing Variations,2023.0,841.4,84.54235626,,,349.247,False
GJ 724 b,GJ 724,Radial Velocity,2023.0,5.101284,10.75,,611.0,16.9658,False
GJ 3988 b,GJ 3988,Radial Velocity,2023.0,6.9442,3.69,,348.0,9.9105,False
TOI-1736 c,TOI-1736,Radial Velocity,2023.0,571.25,2441.0,,,88.9482,False
AU Mic d,AU Mic,Transit Timing Variations,2023.0,12.73596,1.053,,,9.7221,False
GJ 806 b,GJ 806,Transit,2023.0,0.9263237,1.9,1.331,940.0,12.0445,False
GJ 806 c,GJ 806,Radial Velocity,2023.0,6.64064,5.8,,490.0,12.0445,False
HD 110067 b,HD 110067,Transit,2023.0,9.113678,5.69,2.2,800.0,32.1585,False
HD 110067 c,HD 110067,Transit,2023.0,13.673694,6.3,2.388,699.0,32.1585,False
HD 110067 d,HD 110067,Transit,2023.0,20.519617,8.52,2.852,602.0,32.1585,False
HD 110067 e,HD 110067,Transit,2023.0,30.793091,3.9,1.94,533.0,32.1585,False
HD 110067 f,HD 110067,Transit,2023.0,41.05854,5.04,2.601,489.0,32.1585,False
HD 110067 g,HD 110067,Transit,2023.0,54.76992,8.4,2.607,440.0,32.1585,False
HD 88986 b,HD 88986,Radial Velocity,2023.0,146.05,17.2,2.49,460.0,33.2673,False
HD 112570 b,HD 112570,Radial Velocity,2023.0,2615.0,1086.97315194,,,101.166,False
HD 154391 b,HD 154391,Radial Velocity,2023.0,5163.0,2892.2385037,,,100.947,False
LHS 3154 b,LHS 3154,Radial Velocity,2023.0,3.71778,13.15,,,15.7606,False
TOI-544 c,TOI-544,Radial Velocity,2023.0,50.089,21.5,,,41.1166,False
KMT-2021-BLG-1547L b,KMT-2021-BLG-1547L,Microlensing,2023.0,,467.20775829,,,5070.0,False
KMT-2021-BLG-1770L b,KMT-2021-BLG-1770L,Microlensing,2023.0,,6674.396547,,,6920.0,False
HD 63433 d,HD 63433,Transit,2023.0,4.209075,,1.073,1040.0,22.4035,False
OGLE-2019-BLG-1180L b,OGLE-2019-BLG-1180L,Microlensing,2023.0,,555.24622703,,,6070.0,False
KMT-2018-BLG-0885L b,KMT-2018-BLG-0885L,Microlensing,2023.0,,9217.023803,,,6890.0,False
KMT-2019-BLG-0297L b,KMT-2019-BLG-0297L,Microlensing,2023.0,,6038.739733,,,3090.0,False
KMT-2019-BLG-0335L b,KMT-2019-BLG-0335L,Microlensing,2023.0,,6674.396547,,,7710.0,False
WASP-193 b,WASP-193,Transit,2023.0,6.2463475,35.59678158,14.78464554,1250.0,362.087,False
LP 791-18 d,LP 791-18,Transit,2023.0,2.75485,0.91,1.032,,26.4927,False
KMT-2022-BLG-0440L b,KMT-2022-BLG-0440L,Microlensing,2023.0,,15.4,,,3500.0,False
KMT-2019-BLG-0298L b,KMT-2019-BLG-0298L,Microlensing,2023.0,,575.26941667,,,6710.0,False
KMT-2019-BLG-1216L b,KMT-2019-BLG-1216L,Microlensing,2023.0,,29.87587026,,,2740.0,False
KMT-2019-BLG-2783L b,KMT-2019-BLG-2783L,Microlensing,2023.0,,368.68095212,,,5910.0,False
OGLE-2019-BLG-0249L b,OGLE-2019-BLG-0249L,Microlensing,2023.0,,2262.93825784,,,6370.0,False
OGLE-2019-BLG-0679L b,OGLE-2019-BLG-0679L,Microlensing,2023.0,,1061.54687938,,,5630.0,False
HD 207496 b,HD 207496,Transit,2023.0,6.441008,6.1,2.25,743.0,23.606,False
K2-416 b,K2-416,Transit,2023.0,13.102,1652.7077164,2.66,447.0,120.311,False
K2-417 b,K2-417,Transit,2023.0,6.535,699.2224954,3.31,558.0,94.0424,False
MOA-2020-BLG-208L b,MOA-2020-BLG-208L,Microlensing,2023.0,,46.0,,,7490.0,False
Kepler-1976 b,Kepler-1976,Transit Timing Variations,2023.0,4.959319244,,12.21,1103.0,1314.51,False
Kepler-1980 b,Kepler-1980,Transit,2023.0,33.0257179,,2.21,564.0,1709.4,False
Kepler-2001 b,Kepler-2001,Transit,2023.0,1.090011003,,1.04,1402.0,776.55,False
Kepler-1126 c,Kepler-1126,Transit,2023.0,199.66876,,1.45,305.0,635.736,True
Kepler-1801 c,Kepler-1801,Transit,2023.0,116.583183,,2.91,371.0,839.332,False
Kepler-1989 b,Kepler-1989,Transit,2023.0,10.161023528,,4.62,904.0,1252.13,False
Kepler-1981 b,Kepler-1981,Transit,2023.0,453.54212,,9.23,390.0,659.395,False
Kepler-311 d,Kepler-311,Transit,2023.0,232.040326,,2.05,327.0,778.654,False
Kepler-1052 c,Kepler-1052,Transit,2023.0,180.921729,,2.3,302.0,943.444,True
Kepler-1834 c,Kepler-1834,Transit,2023.0,0.766691517,,1.22,1541.0,500.395,False
Kepler-1491 c,Kepler-1491,Transit,2023.0,61.569765,,2.44,530.0,2065.59,False
Kepler-1518 c,Kepler-1518,Transit,2023.0,9.6310258,,2.9,1094.0,903.51,False
Kepler-347 d,Kepler-347,Transit,2023.0,85.517344,,3.04,482.0,1298.88,False
Kepler-549 d,Kepler-549,Transit,2023.0,24.61480613,,4.2,586.0,635.145,False
Kepler-1999 b,Kepler-1999,Transit,2023.0,8.7396758,,3.29,577.0,701.255,False
Kepler-1993 b,Kepler-1993,Transit,2023.0,26.6565737,,4.15,903.0,1031.91,False
Kepler-1859 c,Kepler-1859,Transit,2023.0,3.59645081,,1.66,1327.0,1331.25,False
Kepler-1610 c,Kepler-1610,Transit,2023.0,44.9851885,,2.09,433.0,864.331,False
Kepler-1988 b,Kepler-1988,Transit,2023.0,11.49500229,,1.53,1105.0,513.426,False
Kepler-1986 b,Kepler-1986,Transit,2023.0,19.5489666,,1.89,579.0,912.085,False
Kepler-880 c,Kepler-880,Transit,2023.0,11.8061737,,2.87,1407.0,601.324,False
Kepler-1471 c,Kepler-1471,Transit,2023.0,11.6044881,,1.88,841.0,978.678,False
Kepler-1997 b,Kepler-1997,Transit,2023.0,26.7575866,,2.28,660.0,1502.34,False
Kepler-1487 c,Kepler-1487,Transit,2023.0,35.8007112,,7.97,991.0,1014.62,False
Kepler-1984 b,Kepler-1984,Transit,2023.0,1.992812339,,6.81,675.0,,False
Kepler-1921 c,Kepler-1921,Transit,2023.0,3.15722086,,1.41,1791.0,928.989,False
Kepler-58 e,Kepler-58,Transit,2023.0,4.45814897,,1.61,1212.0,969.252,False
Kepler-290 d,Kepler-290,Transit,2023.0,0.764017553,,0.86,1589.0,694.627,False
Kepler-1669 d,Kepler-1669,Transit,2023.0,4.72941177,,1.22,669.0,543.444,False
Kepler-864 c,Kepler-864,Transit,2023.0,2.42150341,,1.62,1532.0,2022.9,False
Kepler-865 c,Kepler-865,Transit,2023.0,6.20920207,,0.89,914.0,586.137,False
Kepler-2000 c,Kepler-2000,Transit,2023.0,20.6180348,,1.57,359.0,320.588,False
Kepler-1894 c,Kepler-1894,Transit,2023.0,5.05368985,,1.21,1007.0,935.191,False
Kepler-1992 b,Kepler-1992,Transit,2023.0,15.6112238,,0.91,637.0,532.955,False
Kepler-1983 b,Kepler-1983,Transit,2023.0,7.32851947,,2.33,807.0,424.428,False
Kepler-1977 b,Kepler-1977,Transit,2023.0,4.53702121,,1.66,798.0,592.711,False
Kepler-139 d,Kepler-139,Transit,2023.0,7.305699922,4.65807623,1.695,,391.038,False
Kepler-1990 c,Kepler-1990,Transit,2023.0,4.06844957,,0.98,1170.0,392.739,False
Kepler-656 c,Kepler-656,Transit,2023.0,5.25449393,,1.41,975.0,890.352,False
Kepler-1814 c,Kepler-1814,Transit,2023.0,0.626281766,,1.76,1711.0,726.346,False
Kepler-1162 c,Kepler-1162,Transit,2023.0,59.284064,,1.81,401.0,940.211,False
Kepler-1181 c,Kepler-1181,Transit,2023.0,8.93484887,,1.83,1124.0,938.417,False
Kepler-1982 b,Kepler-1982,Transit,2023.0,3.82315697,,0.77,1282.0,558.855,False
Kepler-1994 b,Kepler-1994,Transit,2023.0,4.61225043,,0.51,1032.0,241.991,False
Kepler-619 d,Kepler-619,Transit,2023.0,11.67894236,,4.17,830.0,900.678,False
Kepler-1869 c,Kepler-1869,Transit,2023.0,1.716828304,,0.74,1455.0,113.025,False
Kepler-1985 b,Kepler-1985,Transit,2023.0,3.42064689,,2.27,1129.0,,False
Kepler-1987 c,Kepler-1987,Transit,2023.0,3.64830183,,1.33,860.0,595.683,False
Kepler-1987 b,Kepler-1987,Transit,2023.0,2.345863002,,1.23,997.0,595.683,False
Kepler-949 c,Kepler-949,Transit,2023.0,20.99757968,,2.97,582.0,486.105,False
Kepler-975 c,Kepler-975,Transit,2023.0,5.05821338,,10.69,1168.0,426.088,False
Kepler-416 d,Kepler-416,Transit,2023.0,3.07644709,,1.61,1253.0,690.819,False
Kepler-1996 b,Kepler-1996,Transit,2023.0,32.376183,,2.26,392.0,440.561,False
Kepler-763 c,Kepler-763,Transit,2023.0,4.09667624,,1.42,938.0,962.459,False
Kepler-784 c,Kepler-784,Transit,2023.0,17.157236,,1.55,844.0,1303.72,False
Kepler-1991 b,Kepler-1991,Transit,2023.0,13.26079792,,1.47,760.0,855.82,False
Kepler-1987 e,Kepler-1987,Transit,2023.0,8.74292005,,1.92,643.0,595.683,False
Kepler-164 e,Kepler-164,Transit,2023.0,94.886902,,4.24,429.0,890.758,False
KOI-2513.01,KOI-2513,Transit,2023.0,19.00547,7310.053361,2.80224517,,1369.87,False
Kepler-1998 b,Kepler-1998,Transit,2023.0,3.03267135,,0.6,1187.0,340.965,False
Kepler-1996 c,Kepler-1996,Transit,2023.0,92.7297248,,2.81,276.0,440.561,True
Kepler-1979 b,Kepler-1979,Transit,2023.0,18.5084526,,29.33,683.0,1076.27,False
Kepler-2001 c,Kepler-2001,Transit,2023.0,14.092583189,,1.82,597.0,776.55,False
Kepler-1995 b,Kepler-1995,Transit,2023.0,73.7578875,,4.28,375.0,595.331,False
HD 29399 b,HD 29399,Radial Velocity,2022.0,892.7,498.99059899,,,44.1518,False
K2-388 b,K2-388,Transit,2022.0,6.33932,,3.9,874.0,290.495,False
K2-389 b,K2-389,Transit,2022.0,8.58289,,2.33,932.0,259.208,False
K2-389 c,K2-389,Transit,2022.0,20.851337,,2.04,,259.208,False
K2-390 b,K2-390,Transit,2022.0,3.312792,,4.662,,456.122,False
K2-391 b,K2-391,Transit,2022.0,4.622654,,1.371,,507.94,False
K2-392 b,K2-392,Transit,2022.0,15.398723,,1.85,,406.985,False
K2-370 b,K2-370,Transit,2022.0,2.14084,,3.207,,144.202,False
K2-395 b,K2-395,Transit,2022.0,4.803352,,2.597,,286.727,False
K2-395 c,K2-395,Transit,2022.0,8.491282,,3.395,,286.727,False
K2-396 b,K2-396,Transit,2022.0,0.673862,,1.579,,274.864,False
K2-397 b,K2-397,Transit,2022.0,3.572326,,2.417,,199.354,False
K2-398 b,K2-398,Transit,2022.0,6.393025,,2.274,,606.992,False
K2-398 c,K2-398,Transit,2022.0,18.787839,,5.098,,606.992,False
K2-400 b,K2-400,Transit,2022.0,3.865053,,1.163,,62.3804,False
K2-401 b,K2-401,Transit,2022.0,6.293099,,2.262,,200.727,False
K2-402 b,K2-402,Transit,2022.0,17.27474,,2.678,,523.055,False
K2-403 b,K2-403,Transit,2022.0,33.589979,,5.333,,246.599,False
K2-404 b,K2-404,Transit,2022.0,13.115365,,2.53,,121.63,False
K2-405 b,K2-405,Transit,2022.0,3.435471,,4.569,,197.234,False
K2-406 b,K2-406,Transit,2022.0,22.549406,,4.602,,85.3751,False
K2-407 b,K2-407,Transit,2022.0,4.941907,,1.283,,218.376,False
K2-407 c,K2-407,Transit,2022.0,9.22453,,1.36,,218.376,False
K2-408 b,K2-408,Transit,2022.0,20.978959,,1.677,,162.306,False
K2-409 b,K2-409,Transit,2022.0,1.908084,,2.482,,431.031,False
K2-374 b,K2-374,Transit,2022.0,4.521953,,1.593,,359.439,False
K2-374 c,K2-374,Transit,2022.0,16.43445,,2.213,,359.439,False
K2-376 b,K2-376,Transit,2022.0,5.776475,,1.736,,161.61,False
KOI-984 b,KOI-984,Transit,2022.0,4.2881785,,4.3,1022.0,252.667,False
K2-368 d,K2-368,Transit,2022.0,20.201085,,1.948,,206.608,False
K2-368 c,K2-368,Transit,2022.0,9.660186,,1.361,,206.608,False
K2-373 b,K2-373,Transit,2022.0,11.02066,,2.061,,229.567,False
K2-379 b,K2-379,Transit,2022.0,8.777247,,2.181,,182.207,False
K2-380 b,K2-380,Transit,2022.0,9.401312,,2.729,,249.303,False
K2-384 f,K2-384,Transit,2022.0,13.62749,,2.222,,82.6603,False
K2-384 d,K2-384,Transit,2022.0,6.679582,,1.392,,82.6603,False
K2-384 c,K2-384,Transit,2022.0,4.194766,,1.191,,82.6603,False
K2-384 e,K2-384,Transit,2022.0,9.715043,,1.345,,82.6603,False
K2-385 b,K2-385,Transit,2022.0,2.380867,,1.539,,420.819,False
K2-386 b,K2-386,Transit,2022.0,7.473223,,2.32,,428.785,False
K2-393 b,K2-393,Transit,2022.0,10.413181,,2.352,,265.914,False
K2-394 b,K2-394,Transit,2022.0,5.095717,,1.692,,98.0152,False
K2-381 c,K2-381,Transit,2022.0,16.034656,,2.0,,145.701,False
K2-387 b,K2-387,Transit,2022.0,28.735327,,7.322,,266.318,False
K2-381 b,K2-381,Transit,2022.0,7.9389334,,1.075,,145.701,False
K2-381 d,K2-381,Transit,2022.0,26.803023,,1.689,,145.701,False
K2-382 b,K2-382,Transit,2022.0,21.700156,,2.072,,278.412,False
K2-383 b,K2-383,Transit,2022.0,1.865962,,1.564,,203.788,False
mu2 Sco b,mu2 Sco,Imaging,2022.0,,4576.7290608,,,,False
HD 28109 b,HD 28109,Transit,2022.0,22.891054,6.2,2.69,867.0,139.611,False
HD 28109 c,HD 28109,Transit,2022.0,55.99712,9.2,4.13,643.0,139.611,False
HD 28109 d,HD 28109,Transit,2022.0,84.2899,5.8,3.11,561.0,139.611,False
HD 260655 b,HD 260655,Transit,2022.0,2.76953,2.14,1.24,709.0,10.0055,False
HD 260655 c,HD 260655,Transit,2022.0,5.70588,3.09,1.533,557.0,10.0055,False
HD 33142 d,HD 33142,Radial Velocity,2022.0,89.9,63.5656814,,,121.375,False
HD 19615 b,HD 19615,Radial Velocity,2022.0,402.0,2701.5414595,,,265.155,False
HD 150010 b,HD 150010,Radial Velocity,2022.0,562.0,762.7881768,,,144.49,False
HD 174205 b,HD 174205,Radial Velocity,2022.0,582.0,1334.8793094,,,234.027,False
TOI-3714 b,TOI-3714,Transit,2022.0,2.154849,222.4798849,11.32107051,750.0,112.71,False
TOI-3629 b,TOI-3629,Transit,2022.0,3.936551,82.63538582,8.29464572,690.0,130.091,False
TOI-4479 b,TOI-4479,Transit,2022.0,1.1589,,2.82,861.0,80.6532,False
TOI-2081 b,TOI-2081,Transit,2022.0,10.50534,,2.04,488.0,62.3446,False
TOI-1272 b,TOI-1272,Transit,2022.0,3.31599,27.0,4.13204907,975.0,137.572,False
TOI-1272 c,TOI-1272,Radial Velocity,2022.0,8.6811,21.7,,,137.572,False
KOI-984 c,KOI-984,Transit Timing Variations,2022.0,21.512,209.8,,597.0,252.667,False
TOI-5153 b,TOI-5153,Transit,2022.0,20.33003,1036.12060682,11.88151954,906.0,390.484,False
NGTS-20 b,NGTS-20,Transit,2022.0,54.18915,947.12865286,11.99360935,688.0,382.898,False
HIP 21152 b,HIP 21152,Imaging,2022.0,22000.0,7627.881768,,1300.0,43.4073,False
TOI-1422 b,TOI-1422,Transit,2022.0,12.99894,9.5,3.83,870.0,155.141,False
CoRoT-7 d,CoRoT-7,Radial Velocity,2022.0,8.966,17.142,,,159.906,False
CoRoT-35 b,CoRoT-35,Transit,2022.0,3.22748,349.6112477,18.83108758,1747.0,1123.21,False
CoRoT-36 b,CoRoT-36,Transit,2022.0,5.616531,216.12331676,15.80466279,1567.0,925.958,False
GJ 3929 c,GJ 3929,Radial Velocity,2022.0,15.04,5.71,,317.0,15.8095,False
HD 93963 A b,HD 93963 A,Transit,2022.0,1.0376109,2.8,1.46954368,1842.23,82.3432,False
HD 93963 A c,HD 93963 A,Transit,2022.0,3.6451389,18.4,3.11976057,1212.45,82.3432,False
TOI-2180 b,TOI-2180,Transit,2022.0,260.79,875.61726129,11.32107051,348.0,116.685,False
OGLE-2018-BLG-0383L b,OGLE-2018-BLG-0383L,Microlensing,2022.0,,6.4,,,7700.0,False
LTT 1445 A c,LTT 1445 A,Transit,2022.0,3.1239035,1.54,1.147,508.0,6.86929,False
TOI-1064 b,TOI-1064,Transit,2022.0,6.443868,13.5,2.587,784.0,68.0726,False
TOI-1064 c,TOI-1064,Transit,2022.0,12.226574,2.5,2.651,634.0,68.0726,False
HD 22532 b,HD 22532,Radial Velocity,2022.0,872.6,673.79622284,,,161.183,False
HD 64121 b,HD 64121,Radial Velocity,2022.0,623.0,813.64072192,,,129.966,False
HD 69123 b,HD 69123,Radial Velocity,2022.0,1193.3,966.19835728,,,75.116,False
TOI-2184 b,TOI-2184,Transit,2022.0,6.90683,206.58846455,11.39953337,,788.317,False
TOI-1268 b,TOI-1268,Transit,2022.0,8.1577094,96.4,9.1,918.9,109.557,False
TOI-2337 b,TOI-2337,Transit,2022.0,2.99432,508.5254512,10.08808263,,536.046,False
TOI-4329 b,TOI-4329,Transit,2022.0,2.9223,143.02278315,16.81347105,,717.128,False
TOI-2669 b,TOI-2669,Transit,2022.0,6.2034,193.87532827,19.72780603,,393.443,False
TOI-206 b,TOI-206,Transit,2022.0,0.7363104,,1.3,910.0,47.7465,False
TOI-500 b,TOI-500,Transit,2022.0,0.548177,1.42,1.166,1617.0,47.3924,False
TOI-544 b,TOI-544,Transit,2022.0,1.548352,2.89,2.018,999.0,41.1166,False
TOI-833 b,TOI-833,Transit,2022.0,1.0418777,,1.27,1118.0,41.7148,False
TOI-1075 b,TOI-1075,Transit,2022.0,0.6047328,9.95,1.791,1323.0,61.4592,False
TOI-1411 b,TOI-1411,Transit,2022.0,1.4520527,2.0,1.19880592,976.4,32.4778,False
TOI-1442 b,TOI-1442,Transit,2022.0,0.4090677,,1.17,1072.0,41.1659,False
TOI-1693 b,TOI-1693,Transit,2022.0,1.7666957,,1.41,764.0,30.7947,False
TOI-1860 b,TOI-1860,Transit,2022.0,1.0662107,,1.31,1885.0,45.864,False
TOI-2260 b,TOI-2260,Transit,2022.0,0.3524728,,1.62,2609.0,101.251,False
TOI-2411 b,TOI-2411,Transit,2022.0,0.7826942,,1.68,1355.0,59.5362,False
TOI-2427 b,TOI-2427,Transit,2022.0,1.3060011,,1.8,1117.0,28.5147,False
TOI-2445 b,TOI-2445,Transit,2022.0,0.3711281,,1.25,1060.0,48.582,False
GJ 3929 b,GJ 3929,Transit,2022.0,2.616235,1.75,1.09,568.0,15.8095,False
TOI-1759 b,TOI-1759,Transit,2022.0,18.85019,10.8,3.14,443.0,40.0654,False
KMT-2021-BLG-0912L b,KMT-2021-BLG-0912L,Microlensing,2022.0,,2.81,,,5560.0,False
KMT-2018-BLG-1988L b,KMT-2018-BLG-1988L,Microlensing,2022.0,,5.56,,,4150.0,False
K2-384 b,K2-384,Transit,2022.0,2.231527,,1.076,,82.6603,False
K2-396 c,K2-396,Transit,2022.0,25.76051,,3.124,,274.864,False
HD 73583 b,HD 73583,Transit,2022.0,6.398042,10.2,2.79,714.0,31.5666,False
HD 73583 c,HD 73583,Transit,2022.0,18.87974,9.7,2.39,498.0,31.5666,False
TOI-1670 b,TOI-1670,Transit,2022.0,10.98462,41.31769291,2.06,1062.0,168.067,False
TOI-1670 c,TOI-1670,Transit,2022.0,40.74976,200.23189641,11.06326395,684.0,168.067,False
HD 191939 e,HD 191939,Radial Velocity,2022.0,101.12,112.2,,390.0,53.6089,False
TOI-2236 b,TOI-2236,Transit,2022.0,3.5315902,502.16888306,14.36991326,1688.0,355.59,False
TOI-2421 b,TOI-2421,Transit,2022.0,4.3474032,105.83685953,10.36830715,1534.0,327.927,False
TOI-2545 b,TOI-2545,Transit,2022.0,7.994037,,2.75,,107.118,False
TOI-2567 b,TOI-2567,Transit,2022.0,5.983944,63.88350981,10.92875618,1352.0,504.775,False
TOI-2570 b,TOI-2570,Transit,2022.0,2.9887615,260.61929374,13.64132951,1431.0,361.857,False
TOI-1820 b,TOI-1820,Transit,2022.0,4.860674,731.0053361,12.778238,1375.0,248.504,False
TOI-2025 b,TOI-2025,Transit,2022.0,8.8720982,1144.1822652,11.89272852,1166.0,335.985,False
TOI-2048 b,TOI-2048,Transit,2022.0,13.79019,,2.61,,116.567,False
TOI-1452 b,TOI-1452,Transit,2022.0,11.06201,4.82,1.672,326.0,30.5212,False
TOI-1468 c,TOI-1468,Transit,2022.0,15.532477,4.1,2.126,338.1,24.7399,False
TOI-1468 b,TOI-1468,Transit,2022.0,1.8805201,3.04,1.401,683.5,24.7399,False
TOI-1695 b,TOI-1695,Transit,2022.0,3.1342791,6.36,1.9,698.0,45.1309,False
TOI-969 b,TOI-969,Transit,2022.0,1.8237305,9.1,2.765,941.0,77.2554,False
HD 109833 b,HD 109833,Transit,2022.0,9.188526,,2.888,,79.5561,False
HD 109833 c,HD 109833,Transit,2022.0,13.900148,,2.59,,79.5561,False
TOI-1136 d,TOI-1136,Transit,2022.0,12.5199,8.35,,843.0,84.5362,False
TOI-1136 c,TOI-1136,Transit,2022.0,6.2574,6.32,,1062.0,84.5362,False
TOI-1136 f,TOI-1136,Transit,2022.0,26.321,9.7,,658.0,84.5362,False
TOI-1136 e,TOI-1136,Transit,2022.0,18.801,6.07,,737.0,84.5362,False
HD 56414 b,HD 56414,Transit,2022.0,29.04992,,3.71,1133.0,272.217,False
TOI-1238 c,TOI-1238,Transit,2022.0,3.294736,8.32,2.11,695.0,70.7145,False
TOI-1238 b,TOI-1238,Transit,2022.0,0.764597,3.76,1.21,1133.0,70.7145,False
TOI-1288 b,TOI-1288,Transit,2022.0,2.6998279,44.1,4.96846551,1203.44,114.865,False
GJ 3090 b,GJ 3090,Transit,2022.0,2.85310198,4.52,2.18,723.0,22.4751,False
HD 18599 b,HD 18599,Transit,2022.0,4.1374354,24.1,2.6,,38.5653,False
TOI-277 b,TOI-277,Transit,2022.0,3.994,,2.65,,64.6692,False
TOI-411 c,HD 22946,Transit,2022.0,9.573083,9.72,2.328,931.0,62.7792,False
TOI-411 b,HD 22946,Transit,2022.0,4.040295,13.71,1.362,1241.0,62.7792,False
TOI-712 b,TOI-712,Transit,2022.0,9.531361,,2.049,650.0,58.6212,False
TOI-712 c,TOI-712,Transit,2022.0,51.69906,,2.701,369.9,58.6212,False
TOI-712 d,TOI-712,Transit,2022.0,84.8396,,2.474,313.6,58.6212,False
HD 191939 f,HD 191939,Radial Velocity,2022.0,2898.0,915.34581216,,,53.6089,False
OGLE-2014-BLG-0319L b,OGLE-2014-BLG-0319L,Microlensing,2022.0,,181.16219199,,,7730.0,False
TOI-1227 b,TOI-1227,Transit,2022.0,27.36397,,9.57246952,,100.641,False
AB Aur b,AB Aur,Imaging,2022.0,,2860.455663,,,162.127,False
TOI-620 b,TOI-620,Transit,2022.0,5.0988179,,3.76,603.6,33.0231,False
GJ 514 b,GJ 514,Radial Velocity,2022.0,140.43,5.2,,202.0,7.61778,True
Kepler-451 c,2MASS J19383260+4603591,Eclipse Timing Variations,2022.0,1460.0,511.70373527,,,396.332,False
Kepler-451 d,2MASS J19383260+4603591,Eclipse Timing Variations,2022.0,43.0,559.37799632,,,396.332,False
pi Men d,HD 39091,Radial Velocity,2022.0,124.64,13.38,,,18.2702,False
TYC 2187-512-1 b,TYC 2187-512-1,Radial Velocity,2022.0,691.9,104.88337431,,,15.4744,False
TOI-1246 b,TOI-1246,Transit,2022.0,4.30744,8.1,3.01,955.0,169.422,False
TOI-1246 c,TOI-1246,Transit,2022.0,5.904137,9.1,2.45109846,862.49,169.422,False
TOI-1246 d,TOI-1246,Transit,2022.0,18.654874,5.4,3.43139739,587.77,169.422,False
TOI-1246 e,TOI-1246,Transit,2022.0,37.92548,14.5,3.5141875,463.98,169.422,False
TOI-1696 b,TOI-1696,Transit,2022.0,2.500311,48.8,3.09,489.0,64.9172,False
TOI-2136 b,TOI-2136,Transit,2022.0,7.851928,6.37,2.19,395.0,33.3631,False
HIP 94235 b,HIP 94235,Transit,2022.0,7.713057,379.0,3.0,1060.0,58.5146,False
TOI-1710 b,TOI-1710,Transit,2022.0,24.283377,22.4,5.20315158,602.99,81.2271,False
HD 103891 b,HD 103891,Radial Velocity,2022.0,1919.0,457.67290608,,,55.5213,False
HD 105779 b,HD 105779,Radial Velocity,2022.0,2412.0,203.41018048,,,55.2411,False
TOI-500 c,TOI-500,Radial Velocity,2022.0,6.6356,5.03,,,47.3924,False
TOI-500 d,TOI-500,Radial Velocity,2022.0,26.233,33.12,,,47.3924,False
TOI-500 e,TOI-500,Radial Velocity,2022.0,61.3,15.05,,,47.3924,False
TOI-1181 b,TOI-1181,Transit,2022.0,2.103189,374.71969185,17.02644168,,302.819,False
TOI-1516 b,TOI-1516,Transit,2022.0,2.056014,1004.33776612,15.24421375,,247.054,False
TOI-2046 b,TOI-2046,Transit,2022.0,1.4971842,731.0053361,16.14093221,,289.668,False
WASP-132 c,WASP-132,Transit,2022.0,1.01153624,6.26,1.841,1329.0,122.91,False
Kepler-1656 c,Kepler-1656,Radial Velocity,2022.0,1919.0,126.4,,,185.875,False
Gaia-1 b,Gaia-1,Transit,2022.0,3.052524,533.95172376,13.77583728,,363.66,False
Gaia-2 b,Gaia-2,Transit,2022.0,3.6915224,259.66580852,14.81827249,,209.229,False
TOI-1107 b,TOI-1107,Transit,2022.0,4.0782387,1064.72516345,14.57167491,1728.0,281.314,False
Ross 508 b,Ross 508,Radial Velocity,2022.0,10.77,4.0,,,11.2103,False
HD 83443 c,HD 83443,Radial Velocity,2022.0,8241.0,476.7426105,,,40.8991,False
HIP 948 b,HIP 948,Radial Velocity,2022.0,24955.45756,6547.2651842,,,34.8523,False
OGLE-2019-BLG-1470L AB c,OGLE-2019-BLG-1470L A,Microlensing,2022.0,,699.2224954,,,5900.0,False
HD 184010 b,HD 184010,Radial Velocity,2022.0,286.6,98.52680617,,,60.7993,False
HD 184010 c,HD 184010,Radial Velocity,2022.0,484.3,95.3485221,,,60.7993,False
HD 184010 d,HD 184010,Radial Velocity,2022.0,836.4,143.02278315,,,60.7993,False
KIC 3526061 b,KIC 3526061,Radial Velocity,2022.0,3552.0,5768.58558705,,,401.229,False
NGTS-21 b,NGTS-21,Transit,2022.0,1.5433897,750.07504052,14.90794433,1357.0,592.891,False
KMT-2021-BLG-1898L b,KMT-2021-BLG-1898L,Microlensing,2022.0,,232.01473711,,,6900.0,False
HD 3167 e,HD 3167,Radial Velocity,2022.0,96.63,8.41,,,47.2899,False
HD 23472 f,HD 23472,Transit,2022.0,12.1621839,0.77,1.137,630.0,39.0341,False
HD 23472 d,HD 23472,Transit,2022.0,3.97664,0.55,0.75,909.0,39.0341,False
HD 23472 e,HD 23472,Transit,2022.0,7.90754,0.72,0.818,723.0,39.0341,False
TOI-1260 d,TOI-1260,Transit,2022.0,16.608164,11.84,3.12,499.0,73.5977,False
OGLE-2019-BLG-0362L b,OGLE-2019-BLG-0362L,Microlensing,2022.0,,1036.12060682,,,5830.0,False
KMT-2021-BLG-0171L b,KMT-2021-BLG-0171L,Microlensing,2022.0,,11.2,,,4600.0,False
KMT-2021-BLG-1689L b,KMT-2021-BLG-1689L,Microlensing,2022.0,,46.0,,,7200.0,False
GJ 896 A b,GJ 896 A,Astrometry,2022.0,284.39,718.29219982,,,6.26022,False
LP 890-9 c,LP 890-9,Transit,2022.0,8.457463,25.3,1.367,272.0,32.4298,True
HD 105618 b,HD 105618,Radial Velocity,2022.0,10.02245,25.42627256,,,70.0837,False
HD 105618 c,HD 105618,Radial Velocity,2022.0,77114.07158,8419.59232984,,,70.0837,False
HD 109988 b,HD 109988,Radial Velocity,2022.0,17132.15854,6935.33366915,,,42.5279,False
HD 110537 b,HD 110537,Radial Velocity,2022.0,24469.67342,8612.83200129,,,45.0858,False
HD 11112 b,HD 11112,Radial Velocity,2022.0,17244.90764,2598.56505563,,,44.3804,False
HD 111232 c,HD 111232,Radial Velocity,2022.0,26472.44623,5740.93451564,,,28.9571,False
HD 11343 c,HIP 8541,Radial Velocity,2022.0,228.53731,255.53403923,,,155.121,False
HD 11505 b,HD 11505,Radial Velocity,2022.0,32669.22247,2510.52658689,,,38.9679,False
HD 11506 d,HD 11506,Radial Velocity,2022.0,26500.0,4068.2036096,,,51.261,False
HD 122562 c,HD 122562,Radial Velocity,2022.0,84.96276,73.10053361,,,53.2528,False
HD 125271 b,HD 125271,Radial Velocity,2022.0,14901.99295,3465.60094993,,,39.3466,False
HD 127506 b,HD 127506,Radial Velocity,2022.0,65.78395,27.333243,,,22.5279,False
HD 135872 b,HD 135872,Radial Velocity,2022.0,2422.32597,1744.56012602,,,82.4251,False
HD 136118 b,HD 136118,Radial Velocity,2022.0,1187.59765,4164.18778851,,,51.4359,False
HD 13724 c,HD 13724,Radial Velocity,2022.0,142.22895,50.85254512,,,43.465,False
HD 140901 b,HD 140901,Radial Velocity,2022.0,9.02378,15.57359194,,,15.2528,False
HD 140901 c,HD 140901,Radial Velocity,2022.0,14386.0,572.0911326,,,15.2528,False
HD 142 A d,HD 142,Radial Velocity,2022.0,108.45299,82.63538582,,,26.1853,False
HD 144899 b,HD 144899,Radial Velocity,2022.0,40.43914,20.34101805,,,115.665,False
HD 149806 b,HD 149806,Radial Velocity,2022.0,16521.52778,4003.68444298,,,20.2727,False
HD 151450 b,HD 151450,Radial Velocity,2022.0,21.89288,38.45723725,,,43.6002,False
HD 151450 c,HD 151450,Radial Velocity,2022.0,18144.76236,1636.18063924,,,43.6002,False
HD 153557 b,HD 153557,Radial Velocity,2022.0,7.29903,20.34101805,,,17.9412,False
HD 153557 c,HD 153557,Radial Velocity,2022.0,15.27018,17.48056238,,,17.9412,False
HD 153557 d,HD 153557,Radial Velocity,2022.0,40654.64809,8725.66108578,,,17.9412,False
HD 155918 b,HD 155918,Radial Velocity,2022.0,1.87567,7.62788177,,,27.561,False
HD 155918 c,HD 155918,Radial Velocity,2022.0,17202.19446,1878.04805696,,,27.561,False
HD 156098 b,HD 156098,Radial Velocity,2022.0,21.85849,15.89142035,,,48.249,False
HD 156098 c,HD 156098,Radial Velocity,2022.0,7841.5839,1661.6069118,,,48.249,False
TOI-5174 b,TOI-5174,Transit,2022.0,12.214286,,5.351,,197.243,False
TOI-5238 b,TOI-5238,Transit,2022.0,4.872171,,5.22,,290.646,False
TOI-5398 b,TOI-5398,Transit,2022.0,10.590547,58.7,10.3,947.0,130.855,False
TOI-5542 b,TOI-5542,Transit,2022.0,75.12375,419.53349724,11.30986153,441.0,348.849,False
TOI-4137 b,TOI-4137,Transit,2022.0,3.8016122,457.67290608,13.57407563,1570.0,334.993,False
NGTS-24 b,NGTS-24,Transit,2022.0,3.4678796,165.27077164,13.60770257,1499.0,683.062,False
LP 890-9 b,LP 890-9,Transit,2022.0,2.7299025,13.2,1.32,396.0,32.4298,False
HD 20329 b,HD 20329,Transit,2022.0,0.926118,7.42,1.72,2141.0,63.6796,False
TOI-3331 A b,TOI-3331 A,Transit,2022.0,2.0180231,721.47048389,12.97999965,1488.0,217.193,False
TOI-3540 A b,TOI-3540 A,Transit,2022.0,3.119999,375.03752026,23.53885947,1498.0,,False
TOI-3693 b,TOI-3693,Transit,2022.0,9.088516,324.18497514,12.59889431,801.0,176.436,False
TOI-3757 b,TOI-3757,Transit,2022.0,3.438753,85.3,12.0,759.0,181.139,False
TOI-3884 b,TOI-3884,Transit,2022.0,4.5445828,32.59,6.43,441.0,43.1448,False
TOI-2158 b,TOI-2158,Transit,2022.0,8.60077,260.61929374,10.76062147,1188.0,198.473,False
TOI-2193 A b,TOI-2193 A,Transit,2022.0,2.1225735,298.75870258,19.83989584,1763.0,337.064,False
TOI-2196 b,TOI-2196,Transit,2022.0,1.1947268,26.0,3.51,1860.0,259.947,False
TOI-2207 b,TOI-2207,Transit,2022.0,8.001968,203.41018048,11.1529358,1259.0,373.345,False
MOA-2019-BLG-008L b,MOA-2019-BLG-008L,Microlensing,2022.0,,5720.911326,,,2700.0,False
HD 206893 c,HD 206893,Imaging,2022.0,2290.0,3527.8953177,,,40.7583,False
TOI-1136 b,TOI-1136,Transit,2022.0,4.1727,3.5,,1216.0,84.5362,False
TOI-1136 g,TOI-1136,Transit,2022.0,39.545,5.6,,574.0,84.5362,False
KMT-2017-BLG-0673L b,KMT-2017-BLG-0673L,Microlensing,2022.0,,1166.43025369,,,5080.0,False
KMT-2019-BLG-0414L b,KMT-2019-BLG-0414L,Microlensing,2022.0,,1452.47581999,,,4410.0,False
GJ 1002 b,GJ 1002,Radial Velocity,2022.0,10.3465,1.08,,230.9,4.84867,True
GJ 1002 c,GJ 1002,Radial Velocity,2022.0,21.202,1.36,,181.7,4.84867,True
KMT-2021-BLG-0240L b,KMT-2021-BLG-0240L,Microlensing,2022.0,,66.74396547,,,6600.0,False
KMT-2021-BLG-1077L b,KMT-2021-BLG-1077L,Microlensing,2022.0,,69.92224954,,,8240.0,False
KMT-2021-BLG-1077L c,KMT-2021-BLG-1077L,Microlensing,2022.0,,79.45710175,,,8240.0,False
MOA-2020-BLG-135L b,MOA-2020-BLG-135L,Microlensing,2022.0,,11.3,,,7900.0,False
Kepler-138 e,Kepler-138,Transit Timing Variations,2022.0,38.23,0.43,,292.0,66.8624,True
TOI-1288 c,TOI-1288,Radial Velocity,2022.0,416.0,85.7,,,114.865,False
OGLE-2019-BLG-0468L b,OGLE-2019-BLG-0468L,Microlensing,2022.0,,1090.15143601,,,4400.0,False
OGLE-2019-BLG-0468L c,OGLE-2019-BLG-0468L,Microlensing,2022.0,,3248.20631954,,,4400.0,False
HD 168863 b,HD 168863,Radial Velocity,2022.0,14773.93272,2154.87659946,,,39.8979,False
HD 16905 b,HD 16905,Radial Velocity,2022.0,10256.0,3591.4609991,,,39.7401,False
HD 18143 b,HD 18143,Radial Velocity,2022.0,10.2851,10.80616584,,,22.5243,False
HD 18143 c,HD 18143,Radial Velocity,2022.0,28982.41764,3177.64841319,,,22.5243,False
HD 188641 b,HD 188641,Radial Velocity,2022.0,14583.81038,9333.03117155,,,64.3399,False
HD 190228 b,HD 190228,Radial Velocity,2022.0,1143.59858,1598.67688721,,,62.7146,False
HD 194490 b,HD 194490,Radial Velocity,2022.0,13092.18348,3561.90295725,,,80.2349,False
HD 199509 b,HD 199509,Radial Velocity,2022.0,99.62167,43.22466335,,,24.3056,False
HD 204313 e,HD 204313,Radial Velocity,2022.0,7325.64666,4868.17771002,,,47.7945,False
HD 205158 b,HD 205158,Radial Velocity,2022.0,25.33798,124.58873554,,,86.6159,False
HD 213519 b,HD 213519,Radial Velocity,2022.0,11.12214,9.2170238,,,41.0014,False
HD 217786 c,HD 217786,Radial Velocity,2022.0,2.52221,7.31005336,,,55.4847,False
HD 217958 b,HD 217958,Radial Velocity,2022.0,2560.19774,166.54208527,,,61.7957,False
HD 25912 b,HD 25912,Radial Velocity,2022.0,41.83156,38.13940884,,,49.1661,False
HD 25912 c,HD 25912,Radial Velocity,2022.0,26308.65619,5252.75008249,,,49.1661,False
HD 28185 c,HD 28185,Radial Velocity,2022.0,9090.0,1906.970442,,,39.3809,False
HD 28192 b,HD 28192,Radial Velocity,2022.0,14.23283,99.7981198,,,49.8063,False
HD 29985 b,HD 29985,Radial Velocity,2022.0,20608.14049,1739.47487151,,,31.2707,False
HD 43197 c,HD 43197,Radial Velocity,2022.0,9295.9735,2500.67390628,,,62.4112,False
HD 457 b,HD 457,Radial Velocity,2022.0,20324.58153,8445.3364308,,,55.0375,False
HD 56957 b,HD 56957,Radial Velocity,2022.0,5859.08992,1880.90851263,,,61.4925,False
HD 62364 b,HD 62364,Radial Velocity,2022.0,5138.0,5965.63919939,,,53.112,False
HD 62364 c,HD 62364,Radial Velocity,2022.0,74839.94555,7923.46218651,,,53.112,False
HD 62549 b,HD 62549,Radial Velocity,2022.0,14306.88519,2707.58019923,,,49.3305,False
HD 72659 c,HD 72659,Radial Velocity,2022.0,35500.0,6165.8710958,,,51.8949,False
HD 73267 c,HD 73267,Radial Velocity,2022.0,17071.78045,1630.77755632,,,50.4093,False
HD 80883 b,HD 80883,Radial Velocity,2022.0,6383.78352,1748.0562385,,,34.6011,False
HD 80913 b,HD 80913,Radial Velocity,2022.0,10839.83341,7505.2000029,,,61.3603,False
HD 81817 c,HD 81817,Radial Velocity,2022.0,622.97802,7185.78245386,,,269.126,False
HD 86065 b,HD 86065,Radial Velocity,2022.0,25775.78859,2877.30056857,,,40.3661,False
HD 88072 b,HD 88072,Radial Velocity,2022.0,18538.79293,2511.79790052,,,35.9098,False
HD 93351 b,HD 93351,Radial Velocity,2022.0,2.45946,3.49611248,,,56.163,False
HD 93351 c,HD 93351,Radial Velocity,2022.0,14010.2941,4154.01727949,,,56.163,False
HD 97037 b,HD 97037,Radial Velocity,2022.0,6449.08337,6707.76852973,,,32.413,False
GJ 2030 b,GJ 2030,Radial Velocity,2022.0,2.38129,4.76742611,,,37.0788,False
GJ 2030 c,GJ 2030,Radial Velocity,2022.0,25533.11353,4069.15709482,,,37.0788,False
GJ 3222 b,GJ 3222,Radial Velocity,2022.0,10.66669,11.44182265,,,18.23817,False
GJ 680 b,GJ 680,Radial Velocity,2022.0,17281.66514,7977.4930157,,,9.67315,False
GJ 9714 b,GJ 9714,Radial Velocity,2022.0,19240.75467,2988.54051102,,,20.5121,False
HD 115404 A b,HD 115404 A,Radial Velocity,2022.0,10.49488,30.82935548,,,10.9816,False
HD 115404 A c,HD 115404 A,Radial Velocity,2022.0,15319.22517,3279.67133183,,,10.9816,False
HD 12235 b,HD 12235,Radial Velocity,2022.0,4.36305,10.48833743,,,31.7627,False
HD 12235 c,HD 12235,Radial Velocity,2022.0,36336.70679,3135.69506346,,,31.7627,False
HD 203387 b,HD 203387,Radial Velocity,2022.0,512.5352,1106.04285636,,,61.7477,False
HD 203387 c,HD 203387,Radial Velocity,2022.0,2481.07227,2378.9456264,,,61.7477,False
HIP 19976 b,HIP 19976,Radial Velocity,2022.0,50.65905,21.61233168,,,40.2707,False
HIP 35965 b,HIP 35965,Radial Velocity,2022.0,26125.56497,2589.98368864,,,50.1677,False
HIP 55507 b,HIP 55507,Radial Velocity,2022.0,5138.43727,2585.53409095,,,25.4893,False
K2-378 b,K2-378,Transit,2022.0,2.060438,,2.88,,687.973,False
K2-377 b,K2-377,Transit,2022.0,12.832235,,1.693,,195.149,False
KOI-7913 b,KOI-7913 A,Transit,2022.0,24.278553,,2.34,,271.277,False
K2-366 b,K2-366,Transit,2022.0,15.937039,,2.359,,185.947,False
K2-367 b,K2-367,Transit,2022.0,20.645099,,2.413,,176.965,False
K2-368 b,K2-368,Transit,2022.0,5.025598,,1.332,,206.608,False
K2-369 b,K2-369,Transit,2022.0,5.761612,,1.313,,185.55,False
EPIC 206317286 c,EPIC 206317286,Transit,2022.0,17.515472,,2.094,,314.35,False
K2-371 b,K2-371,Transit,2022.0,3.114905,,13.024,,442.813,False
K2-372 b,K2-372,Transit,2022.0,9.844077,,2.945,,463.88,False
K2-375 b,K2-375,Transit,2022.0,14.453895,,2.243,,696.1,False
Kepler-1972 c,Kepler-1972,Transit,2022.0,11.3295,2.11,0.868,,287.339,False
KOI-7368 b,KOI-7368,Transit,2022.0,6.8430344,,2.22,,264.995,False
K2-365 b,K2-365,Transit,2022.0,23.448172,,2.906,,187.222,False
Kepler-1972 b,Kepler-1972,Transit,2022.0,7.54425,2.02,0.802,,287.339,False
KOI-4777.01,KOI-4777,Transit,2022.0,0.412,99.2,0.51,1180.0,172.245,False
K2-99 c,K2-99,Radial Velocity,2022.0,522.2,2669.7586188,,390.0,519.229,False
OGLE-2018-BLG-1367L b,OGLE-2018-BLG-1367L,Microlensing,2022.0,,301.93698665,,,5370.0,False
OGLE-2018-BLG-0932L b,OGLE-2018-BLG-0932L,Microlensing,2022.0,,282.86728223,,,6620.0,False
OGLE-2018-BLG-1212L b,OGLE-2018-BLG-1212L,Microlensing,2022.0,,63.5656814,,,1550.0,False
TOI-1634 c,TOI-1634,Radial Velocity,2022.0,103.0,,,,35.2736,False
KMT-2019-BLG-0253L b,KMT-2019-BLG-0253L,Microlensing,2022.0,,9.2,,,4900.0,False
OGLE-2018-BLG-0506L b,OGLE-2018-BLG-0506L,Microlensing,2022.0,,16.3,,,5600.0,False
OGLE-2018-BLG-0516L b,OGLE-2018-BLG-0516L,Microlensing,2022.0,,20.1,,,7000.0,False
OGLE-2019-BLG-1492L b,OGLE-2019-BLG-1492L,Microlensing,2022.0,,37.1,,,5600.0,False
OGLE-2018-BLG-0977L b,OGLE-2018-BLG-0977L,Microlensing,2022.0,,6.4,,,6500.0,False
KMT-2019-BLG-0953L b,KMT-2019-BLG-0953L,Microlensing,2022.0,,15.5,,,7200.0,False
OGLE-2016-BLG-1093L b,OGLE-2016-BLG-1093L,Microlensing,2022.0,,225.65816897,,,8120.0,False
KMT-2021-BLG-1391L b,KMT-2021-BLG-1391L,Microlensing,2022.0,,4.55,,,5720.0,False
KMT-2021-BLG-1253L b,KMT-2021-BLG-1253L,Microlensing,2022.0,,19.05,,,6640.0,False
KMT-2021-BLG-1372L b,KMT-2021-BLG-1372L,Microlensing,2022.0,,61.27,,,5970.0,False
KMT-2021-BLG-0748L b,KMT-2021-BLG-0748L,Microlensing,2022.0,,143.02278315,,,6090.0,False
KMT-2019-BLG-1042L b,KMT-2019-BLG-1042L,Microlensing,2022.0,,60.38739733,,,6600.0,False
KMT-2019-BLG-1552L b,KMT-2019-BLG-1552L,Microlensing,2022.0,,1287.20504835,,,4600.0,False
KMT-2019-BLG-2974L b,KMT-2019-BLG-2974L,Microlensing,2022.0,,88.99195396,,,6100.0,False
GJ 463 b,GJ 463,Radial Velocity,2022.0,3459.0,524.09904314,,,18.3554,False
OGLE-2018-BLG-0799L b,OGLE-2018-BLG-0799L,Microlensing,2022.0,,82.63538582,,,4050.0,False
KMT-2018-BLG-0030L b,KMT-2018-BLG-0030L,Microlensing,2022.0,,460.85119015,,,6480.0,False
KMT-2018-BLG-0087L b,KMT-2018-BLG-0087L,Microlensing,2022.0,,73.10053361,,,7020.0,False
KMT-2018-BLG-0247L b,KMT-2018-BLG-0247L,Microlensing,2022.0,,670.61793877,,,6760.0,False
OGLE-2018-BLG-0298L b,OGLE-2018-BLG-0298L,Microlensing,2022.0,,44.49597698,,,6540.0,False
KMT-2018-BLG-2602L b,KMT-2018-BLG-2602L,Microlensing,2022.0,,365.50266805,,,4310.0,False
OGLE-2018-BLG-1119L b,OGLE-2018-BLG-1119L,Microlensing,2022.0,,289.22385037,,,5760.0,False
OGLE-2018-BLG-1126L b,OGLE-2018-BLG-1126L,Microlensing,2022.0,,17.79839079,,,5700.0,False
OGLE-2018-BLG-1647L b,OGLE-2018-BLG-1647L,Microlensing,2022.0,,308.29355479,,,7880.0,False
TOI-969 c,TOI-969,Radial Velocity,2022.0,1700.0,3591.4609991,,96.4,77.2554,False
OGLE-2017-BLG-1691L b,OGLE-2017-BLG-1691L,Microlensing,2022.0,,14.62010672,,,7290.0,False
KMT-2021-BLG-0320L b,KMT-2021-BLG-0320L,Microlensing,2022.0,,31.7828407,,,6950.0,False
KMT-2021-BLG-1303L b,KMT-2021-BLG-1303L,Microlensing,2022.0,,120.77479466,,,6280.0,False
KMT-2021-BLG-1554L b,KMT-2021-BLG-1554L,Microlensing,2022.0,,38.13940884,,,7680.0,False
K2-411 b,K2-411,Transit,2022.0,3.2141,,0.9898,,298.219,False
K2-413 b,K2-413,Transit,2022.0,0.8094,,0.7599,,285.162,False
K2-413 c,K2-413,Transit,2022.0,5.3301,,1.2327,,285.162,False
K2-414 c,K2-414,Transit,2022.0,6.669,,1.9287,,260.036,False
K2-414 b,K2-414,Transit,2022.0,4.3696,,1.219,,260.036,False
K2-412 b,K2-412,Transit,2022.0,5.9382,,2.116,,654.085,False
NGTS-23 b,NGTS-23,Transit,2022.0,4.0764326,194.82881349,14.20177855,1327.0,1074.95,False
NGTS-25 b,NGTS-25,Transit,2022.0,2.823093,203.09235207,11.46678726,1101.0,521.233,False
HD 191939 g,HD 191939,Radial Velocity,2022.0,284.0,13.5,,278.0,53.6089,True
HD 167768 b,HD 167768,Radial Velocity,2022.0,20.6532,270.15414595,,,107.214,False
HD 114082 b,HD 114082,Radial Velocity,2022.0,109.75,2542.627256,11.2089807,,95.3906,False
KMT-2021-BLG-0119L b,KMT-2021-BLG-0119L,Microlensing,2022.0,,1754.41280664,,,3130.0,False
KMT-2021-BLG-0192L b,KMT-2021-BLG-0192L,Microlensing,2022.0,,34.96112477,,,5120.0,False
KMT-2021-BLG-2294L b,KMT-2021-BLG-2294L,Microlensing,2022.0,,22.24798849,,,6800.0,False
EPIC 212297394 c,EPIC 212297394,Transit,2021.0,5.213965,,2.27,866.0,418.395,False
K2-349 b,K2-349,Transit,2021.0,9.032178,,1.38,518.0,453.567,False
K2-351 b,K2-351,Transit,2021.0,7.806164,,2.54,934.0,694.734,False
EPIC 212587672 c,EPIC 212587672,Transit,2021.0,23.228555,,2.32,658.0,320.07,False
Kepler-457 d,KOI-7892,Transit,2021.0,10.6906004,,2.98467257,,1072.3,False
Kepler-633 c,Kepler-633,Transit,2021.0,23.78319931,,2.296,,680.54,False
Kepler-1711 b,Kepler-1711,Transit,2021.0,21.06080055,,1.923,,590.268,False
EPIC 206024342 d,EPIC 206024342,Transit,2021.0,14.647531,,2.6,,369.888,False
EPIC 206024342 c,EPIC 206024342,Transit,2021.0,0.911724,,1.4,,369.888,False
EPIC 206042996 c,EPIC 206042996,Transit,2021.0,0.354884,,1.2,,451.769,False
K2-354 b,K2-354,Transit,2021.0,3.793306,,1.56,543.0,91.722,False
K2-330 b,K2-330,Transit,2021.0,13.774798,,2.77,969.0,160.125,False
K2-332 b,K2-332,Transit,2021.0,17.70632,,2.2,266.0,123.202,True
K2-335 b,K2-335,Transit,2021.0,12.283211,,2.21,949.0,557.993,False
K2-336 b,K2-336,Transit,2021.0,21.194733,,1.22,569.0,239.289,False
K2-337 b,K2-337,Transit,2021.0,16.273563,,2.62,850.0,421.636,False
K2-338 b,K2-338,Transit,2021.0,3.850614,,1.03,783.0,156.951,False
K2-340 b,K2-340,Transit,2021.0,29.740451,,3.36,606.0,738.136,False
K2-345 b,K2-345,Transit,2021.0,10.367437,,2.11,437.0,162.408,False
K2-346 b,K2-346,Transit,2021.0,26.201446,,2.26,450.0,105.58,False
K2-347 b,K2-347,Transit,2021.0,7.187257,,2.41,640.0,320.336,False
Kepler-1710 b,Kepler-1710,Transit,2021.0,14.91110039,,3.19744103,,305.193,False
Kepler-1922 b,Kepler-1922,Transit,2021.0,13.22259998,,2.29064904,,1344.29,False
Kepler-1923 b,Kepler-1923,Transit,2021.0,52.60969925,,1.95958179,,990.838,False
Kepler-1924 b,Kepler-1924,Transit,2021.0,15.33170033,,2.65446572,,1910.77,False
Kepler-1925 b,Kepler-1925,Transit,2021.0,46.71640015,,3.00177922,,1771.31,False
Kepler-1927 b,Kepler-1927,Transit,2021.0,73.75039673,,3.40627075,,1091.0,False
KOI-3503 b,KOI-3503,Transit,2021.0,21.185,9.2,1.19,785.0,887.064,False
KOI-1833 d,Kepler-968,Transit,2021.0,7.685,11.02,2.58,613.0,290.324,False
Kepler-1038 c,Kepler-1038,Transit,2021.0,7.127659798,,1.4162338,,584.136,False
Kepler-1722 b,Kepler-1722,Transit,2021.0,9.178569794,,2.86719266,,772.283,False
Kepler-352 d,Kepler-352,Transit,2021.0,6.887279987,,0.80628032,,252.733,False
Kepler-1073 d,Kepler-1073,Transit,2021.0,2.504760027,,1.48770949,,809.897,False
Kepler-1928 b,Kepler-1928,Transit,2021.0,19.57783,,1.992,,326.362,False
Kepler-1929 b,Kepler-1929,Transit,2021.0,59.36249924,,3.07250761,,508.201,False
Kepler-1530 d,Kepler-1530,Transit,2021.0,9.20761013,,3.27870115,,489.876,False
Kepler-1930 b,Kepler-1930,Transit,2021.0,13.02680016,,1.52955541,,275.694,False
Kepler-1931 b,Kepler-1931,Transit,2021.0,38.5760994,,2.65323514,,620.091,False
Kepler-1932 b,Kepler-1932,Transit,2021.0,0.524177015,,1.51482218,,713.733,False
Kepler-1933 b,Kepler-1933,Transit,2021.0,4.943290234,,1.17984089,,328.007,False
Kepler-1899 b,Kepler-1899,Transit,2021.0,4.095779896,,1.55098292,,711.509,False
Kepler-1904 b,Kepler-1904,Transit,2021.0,4.577020168,,1.3904994,,270.854,False
Kepler-529 d,Kepler-529,Transit,2021.0,35.86619949,,2.79502603,,799.008,False
Kepler-1926 b,Kepler-1926,Transit,2021.0,42.87770081,,2.31495961,,667.405,False
Kepler-1729 b,Kepler-1729,Transit,2021.0,4.220970154,,3.89404186,,576.181,False
Kepler-1718 b,Kepler-1718,Transit,2021.0,135.1880035,,2.5685207,,375.522,False
Kepler-1730 b,Kepler-1730,Transit,2021.0,13.81019974,,4.48524519,,1427.08,False
Kepler-607 c,Kepler-607,Transit,2021.0,39.67679977,,2.76001201,,519.122,False
KOI-3503 c,KOI-3503,Transit,2021.0,31.828,10.36,1.21,686.0,887.064,False
Kepler-1721 b,Kepler-1721,Transit,2021.0,4.592380047,,3.11856756,,641.374,False
Kepler-1726 b,Kepler-1726,Transit,2021.0,18.39629936,,2.50861954,,390.552,False
Kepler-1723 b,Kepler-1723,Transit,2021.0,39.75289917,,2.88046569,,811.278,False
Kepler-1720 b,Kepler-1720,Transit,2021.0,12.70639992,,3.21585295,,629.445,False
Kepler-1724 b,Kepler-1724,Transit,2021.0,6.45442009,,2.83677238,,1060.77,False
Kepler-1944 b,Kepler-1944,Transit,2021.0,9.842579842,,2.75971163,,1076.48,False
Kepler-1945 b,Kepler-1945,Transit,2021.0,6.080039978,,1.289,,,False
Kepler-1946 b,Kepler-1946,Transit,2021.0,3.035190105,,2.48812698,,1002.12,False
Kepler-1947 b,Kepler-1947,Transit,2021.0,6.963630199,,1.0101666,,468.771,False
Kepler-1727 b,Kepler-1727,Transit,2021.0,9.029299736,,3.17321625,,894.187,False
Kepler-1719 b,Kepler-1719,Transit,2021.0,6.149559975,,3.95000623,,905.406,False
Kepler-1948 b,Kepler-1948,Transit,2021.0,15.57129955,,1.03283226,,193.903,False
Kepler-1949 b,Kepler-1949,Transit,2021.0,2.208280087,,2.21964541,,2617.35,False
Kepler-196 d,Kepler-196,Transit,2021.0,122.0800018,,2.66065673,,451.312,False
Kepler-1950 b,Kepler-1950,Transit,2021.0,10.77690029,,1.52696349,,697.253,False
Kepler-1951 b,Kepler-1951,Transit,2021.0,20.65780067,,2.32107188,,1277.32,False
Kepler-1952 b,Kepler-1952,Transit,2021.0,27.21080017,,1.23923346,,852.062,False
Kepler-1728 b,Kepler-1728,Transit,2021.0,4.782999992,,2.95501875,,651.783,False
Kepler-1953 b,Kepler-1953,Transit,2021.0,6.245659828,,1.28574667,,605.631,False
Kepler-1600 c,Kepler-1600,Transit,2021.0,7.298049927,,1.94206512,,1030.81,False
Kepler-1954 b,Kepler-1954,Transit,2021.0,5.883430004,,1.80235934,,1373.83,False
Kepler-1955 b,Kepler-1955,Transit,2021.0,14.26519966,,1.16654878,,449.351,False
Kepler-1956 b,Kepler-1956,Transit,2021.0,5.943719864,,1.08940238,,360.468,False
Kepler-1957 b,Kepler-1957,Transit,2021.0,2.186619997,,0.94374867,,460.899,False
Kepler-1958 b,Kepler-1958,Transit,2021.0,9.328619957,,2.05124311,,1320.38,False
Kepler-1959 b,Kepler-1959,Transit,2021.0,6.38669014,,1.14315727,,479.263,False
Kepler-1960 b,Kepler-1960,Transit,2021.0,2.297940016,,1.30749704,,1527.56,False
Kepler-1961 b,Kepler-1961,Transit,2021.0,5.604710102,,1.6187808,,1042.45,False
Kepler-1962 b,Kepler-1962,Transit,2021.0,7.991459846,,1.21463929,,866.826,False
Kepler-1963 b,Kepler-1963,Transit,2021.0,1.962260008,,0.74437023,,492.847,False
Kepler-1911 b,Kepler-1911,Transit,2021.0,5.990799904,,1.011,,269.912,False
Kepler-1964 b,Kepler-1964,Transit,2021.0,2.440829992,,1.7810587,,,False
Kepler-1965 b,Kepler-1965,Transit,2021.0,41.86869812,,1.35415138,,521.791,False
Kepler-1966 b,Kepler-1966,Transit,2021.0,8.617429733,,1.10479327,,484.601,False
Kepler-1967 b,Kepler-1967,Transit,2021.0,7.281690121,,0.73022577,,249.102,False
Kepler-1968 b,Kepler-1968,Transit,2021.0,7.281099796,,1.50004034,,750.93,False
Kepler-1725 b,Kepler-1725,Transit,2021.0,16.71990013,,2.8125177,,558.652,False
Kepler-1969 b,Kepler-1969,Transit,2021.0,6.647520065,,1.68161001,,1204.54,False
Kepler-1705 b,Kepler-1705,Transit,2021.0,9.03502,4.47,2.03,,1633.49,False
Kepler-1912 b,Kepler-1912,Transit,2021.0,6.059219837,,1.35670508,,297.017,False
Kepler-1913 b,Kepler-1913,Transit,2021.0,14.1960001,,1.51852059,,876.3,False
Kepler-1914 b,Kepler-1914,Transit,2021.0,30.82789993,,2.9429803,,1621.56,False
Kepler-1915 b,Kepler-1915,Transit,2021.0,13.83539963,,3.21798413,,1514.66,False
Kepler-1468 d,Kepler-1468,Transit,2021.0,19.59059906,,3.33187146,,1899.24,False
Kepler-1916 b,Kepler-1916,Transit,2021.0,31.25429916,,2.61757235,,2055.82,False
Kepler-1917 b,Kepler-1917,Transit,2021.0,12.90240002,,1.88971288,,909.037,False
Kepler-1918 b,Kepler-1918,Transit,2021.0,47.0564003,,2.29763023,,1030.11,False
Kepler-1919 b,Kepler-1919,Transit,2021.0,37.88660049,,2.62390658,,1177.53,False
Kepler-1488 c,Kepler-1488,Transit,2021.0,6.158269882,,1.65156749,,905.825,False
Kepler-1920 b,Kepler-1920,Transit,2021.0,30.2541008,,2.95415848,,885.913,False
Kepler-1921 b,Kepler-1921,Transit,2021.0,20.03479958,,2.89459458,,928.989,False
Kepler-495 c,Kepler-495,Transit,2021.0,5.896609783,,1.21936414,,658.924,False
Kepler-501 c,Kepler-501,Transit,2021.0,3.622760057,,1.68119739,,1125.24,False
Kepler-1312 c,Kepler-1312,Transit,2021.0,1.116119981,,1.02732734,,299.104,False
Kepler-1869 b,Kepler-1869,Transit,2021.0,8.167360306,,1.11955354,,113.025,False
Kepler-1315 c,Kepler-1315,Transit,2021.0,6.566060066,,1.84398883,,480.869,False
Kepler-1321 d,Kepler-1321,Transit,2021.0,5.720920086,,2.62843782,,769.146,False
Kepler-1322 c,Kepler-1322,Transit,2021.0,6.459980011,,2.15492527,,1350.32,False
Kepler-1693 c,Kepler-1693,Transit,2021.0,5.363709927,,0.97698289,,760.065,False
Kepler-1886 b,Kepler-1886,Transit,2021.0,24.2758007,,2.58158428,,1059.51,False
Kepler-1887 b,Kepler-1887,Transit,2021.0,19.94750023,,2.92454357,,1366.18,False
Kepler-1888 b,Kepler-1888,Transit,2021.0,11.39169979,,1.32578716,,402.947,False
Kepler-1889 b,Kepler-1889,Transit,2021.0,37.30369949,,2.94360686,,1395.13,False
Kepler-1890 b,Kepler-1890,Transit,2021.0,4.820590019,,0.86867375,,529.596,False
Kepler-1891 b,Kepler-1891,Transit,2021.0,4.02229023,,1.52139156,,596.24,False
Kepler-1892 b,Kepler-1892,Transit,2021.0,6.331230164,,1.83707938,,851.595,False
Kepler-1893 b,Kepler-1893,Transit,2021.0,4.179369926,,1.70557445,,1050.72,False
Kepler-1894 b,Kepler-1894,Transit,2021.0,2.762660027,,1.20117759,,935.191,False
Kepler-1895 b,Kepler-1895,Transit,2021.0,6.070290089,,2.11934728,,984.187,False
Kepler-1896 b,Kepler-1896,Transit,2021.0,44.87020111,,3.09935997,,1732.91,False
Kepler-1897 b,Kepler-1897,Transit,2021.0,24.22030067,,2.81407954,,983.174,False
Kepler-1898 b,Kepler-1898,Transit,2021.0,4.765620232,,0.93353523,,360.921,False
Kepler-1900 b,Kepler-1900,Transit,2021.0,2.986229897,,1.62314676,,1540.43,False
Kepler-1901 b,Kepler-1901,Transit,2021.0,3.484129906,,1.47418907,,1028.37,False
Kepler-1902 b,Kepler-1902,Transit,2021.0,3.822220087,,1.17563613,,344.337,False
Kepler-1903 b,Kepler-1903,Transit,2021.0,17.0678997,,2.28642395,,1775.44,False
Kepler-1905 b,Kepler-1905,Transit,2021.0,3.42392993,,1.4460734,,1051.53,False
Kepler-1906 b,Kepler-1906,Transit,2021.0,7.362689972,,2.77615754,,1360.63,False
Kepler-1907 c,Kepler-1907,Transit,2021.0,14.86390018,,1.15547044,,292.111,False
Kepler-1907 b,Kepler-1907,Transit,2021.0,5.652450085,,0.86973029,,292.111,False
Kepler-1909 b,Kepler-1909,Transit,2021.0,2.391609907,,1.09217411,,763.662,False
Kepler-1910 b,Kepler-1910,Transit,2021.0,5.688769817,,1.184,,,False
Kepler-1717 b,Kepler-1717,Transit,2021.0,30.65279961,,2.98929758,,1008.79,False
Kepler-534 c,Kepler-534,Transit,2021.0,7.378689766,,1.227,,570.659,False
Kepler-589 c,Kepler-589,Transit,2021.0,3.52466011,,1.11727238,,612.803,False
Kepler-616 d,Kepler-616,Transit,2021.0,51.06740189,,2.653,,945.775,False
Kepler-1934 b,Kepler-1934,Transit,2021.0,1.419759989,,0.91307734,,428.514,False
Kepler-1935 b,Kepler-1935,Transit,2021.0,3.951400042,,2.50271696,,904.702,False
Kepler-1936 b,Kepler-1936,Transit,2021.0,126.5569992,,3.16615594,,871.096,False
Kepler-1937 b,Kepler-1937,Transit,2021.0,9.688599586,,3.0229133,,905.069,False
Kepler-1938 b,Kepler-1938,Transit,2021.0,13.06260014,,1.82828927,,421.152,False
Kepler-1939 b,Kepler-1939,Transit,2021.0,2.790659904,,1.16480773,,189.833,False
Kepler-1940 b,Kepler-1940,Transit,2021.0,4.950610161,,1.54732469,,798.595,False
Kepler-1941 b,Kepler-1941,Transit,2021.0,31.33510017,,2.64976949,,1494.39,False
Kepler-1942 b,Kepler-1942,Transit,2021.0,4.626049995,,2.1170287,,842.492,False
Kepler-1943 b,Kepler-1943,Transit,2021.0,4.850180149,,1.54869189,,1004.55,False
Kepler-1862 b,Kepler-1862,Transit,2021.0,16.05730057,,2.203,,1232.19,False
Kepler-1863 b,Kepler-1863,Transit,2021.0,44.99760056,,2.26309256,,865.546,False
Kepler-1864 b,Kepler-1864,Transit,2021.0,3.881510019,,0.75408365,,298.894,False
Kepler-1865 b,Kepler-1865,Transit,2021.0,2.524009943,,1.57686072,,922.255,False
Kepler-1866 b,Kepler-1866,Transit,2021.0,11.66009998,,2.08215108,,976.737,False
Kepler-1867 b,Kepler-1867,Transit,2021.0,9.887359619,,1.15985997,,680.583,False
Kepler-1311 d,Kepler-1311,Transit,2021.0,197.5110016,,9.65837605,,866.331,False
Kepler-1868 b,Kepler-1868,Transit,2021.0,211.0339966,,3.14950109,,274.18,False
Kepler-1870 b,Kepler-1870,Transit,2021.0,3.606940031,,2.10143764,,407.216,False
Kepler-1871 b,Kepler-1871,Transit,2021.0,1.952700019,,2.42172881,,854.623,False
Kepler-1872 b,Kepler-1872,Transit,2021.0,3.825910091,,2.38421141,,840.182,False
Kepler-1873 b,Kepler-1873,Transit,2021.0,0.558842003,,1.62573811,,820.957,False
Kepler-1714 b,Kepler-1714,Transit,2021.0,10.27530003,,3.26437302,,409.46,False
Kepler-1874 b,Kepler-1874,Transit,2021.0,56.57320023,,2.21110724,,408.007,False
Kepler-511 c,Kepler-511,Transit,2021.0,26.62949944,,4.20964327,,651.999,False
Kepler-1875 b,Kepler-1875,Transit,2021.0,34.45859909,,3.22686692,,1660.45,False
Kepler-1876 b,Kepler-1876,Transit,2021.0,6.99205,2.4,0.853,1299.0,259.935,False
Kepler-1877 b,Kepler-1877,Transit,2021.0,2.377569914,,0.624086,,285.312,False
Kepler-1878 b,Kepler-1878,Transit,2021.0,4.445879936,,2.92019781,,1494.3,False
Kepler-1879 b,Kepler-1879,Transit,2021.0,10.61340046,,2.06512018,,627.171,False
Kepler-1880 b,Kepler-1880,Transit,2021.0,6.309219837,,2.11686218,,611.041,False
Kepler-1881 b,Kepler-1881,Transit,2021.0,159.3939972,,2.98104391,,1057.21,False
Kepler-1882 b,Kepler-1882,Transit,2021.0,13.78730011,,1.48674404,,443.371,False
Kepler-1883 b,Kepler-1883,Transit,2021.0,103.427002,,3.25107395,,1377.61,False
Kepler-1884 b,Kepler-1884,Transit,2021.0,8.988320351,,1.81406781,,1443.09,False
Kepler-1885 b,Kepler-1885,Transit,2021.0,2.522559881,,1.51110555,,818.482,False
Kepler-1130 c,Kepler-1130,Transit,2021.0,3.266639948,,0.79239584,,249.343,False
Kepler-1130 d,Kepler-1130,Transit,2021.0,4.272250175,,0.64472273,,249.343,False
Kepler-1802 c,Kepler-1802,Transit,2021.0,33.13610077,,2.322,,636.694,False
Kepler-1802 b,Kepler-1802,Transit,2021.0,15.45020008,,1.671,,636.694,False
Kepler-381 d,Kepler-381,Transit,2021.0,8.256299973,,1.0667865,,267.323,False
Kepler-1266 c,Kepler-1266,Transit,2021.0,4.86631012,,1.68023962,,849.312,False
Kepler-394 d,Kepler-394,Transit,2021.0,5.613580227,,1.50066814,,1058.72,False
Kepler-913 c,Kepler-913,Transit,2021.0,5.939119816,,3.8580709,,991.618,False
KOI-1831 d,Kepler-324,Transit,2021.0,34.169,2.23,1.13,475.0,501.574,False
Kepler-324 e,Kepler-324,Transit,2021.0,13.97939968,,2.03862444,,501.574,False
Kepler-27 d,Kepler-27,Transit,2021.0,6.546289921,,2.7061946,,1044.36,False
Kepler-281 d,Kepler-281,Transit,2021.0,148.2720032,,5.93747806,,1745.45,False
Kepler-1793 b,Kepler-1793,Transit,2021.0,8.779999733,,3.79037518,,1189.88,False
Kepler-1090 c,Kepler-1090,Transit,2021.0,42.42720032,,3.29265785,,858.77,False
Kepler-1794 b,Kepler-1794,Transit,2021.0,9.762980461,,1.79426276,,561.229,False
Kepler-1067 c,Kepler-1067,Transit,2021.0,5.425839901,,1.74682428,,667.693,False
Kepler-1795 b,Kepler-1795,Transit,2021.0,13.36019993,,1.66301611,,,False
Kepler-1785 b,Kepler-1785,Transit,2021.0,19.58550072,,2.70422447,,745.74,False
Kepler-1796 b,Kepler-1796,Transit,2021.0,29.4557991,,2.75047868,,825.883,False
Kepler-1797 b,Kepler-1797,Transit,2021.0,23.3593998,,3.05774442,,1338.49,False
Kepler-1798 b,Kepler-1798,Transit,2021.0,16.85589981,,2.30911251,,395.196,False
Kepler-799 c,Kepler-799,Transit,2021.0,15.19419956,,2.78068551,,,False
Kepler-1822 b,Kepler-1822,Transit,2021.0,22.13339996,,2.64755943,,897.597,False
Kepler-1823 b,Kepler-1823,Transit,2021.0,21.10339928,,2.0861268,,724.971,False
Kepler-1824 b,Kepler-1824,Transit,2021.0,95.61100006,,2.38127597,,1040.1,False
Kepler-1825 b,Kepler-1825,Transit,2021.0,1.025869966,,1.42200732,,430.254,False
Kepler-1826 b,Kepler-1826,Transit,2021.0,1.615360022,,1.47519116,,336.952,False
Kepler-1827 b,Kepler-1827,Transit,2021.0,3.700619936,,1.85644292,,686.461,False
Kepler-1828 b,Kepler-1828,Transit,2021.0,10.2737999,,2.11598626,,871.81,False
Kepler-1829 b,Kepler-1829,Transit,2021.0,5.186719894,,2.47887001,,679.921,False
Kepler-1830 b,Kepler-1830,Transit,2021.0,56.49330139,,3.32992941,,1056.88,False
Kepler-1831 b,Kepler-1831,Transit,2021.0,5.78387022,,1.97019818,,1053.49,False
Kepler-1832 b,Kepler-1832,Transit,2021.0,3.138789892,,1.22719556,,486.174,False
Kepler-1833 b,Kepler-1833,Transit,2021.0,6.892129898,,1.30027362,,591.602,False
Kepler-1834 b,Kepler-1834,Transit,2021.0,4.603010178,,1.4593834,,500.395,False
Kepler-1835 b,Kepler-1835,Transit,2021.0,11.96409988,,3.53387773,,1404.38,False
Kepler-1836 b,Kepler-1836,Transit,2021.0,5.254169941,,2.55303229,,1472.62,False
Kepler-1837 b,Kepler-1837,Transit,2021.0,5.906089783,,2.06673842,,1229.18,False
Kepler-1838 b,Kepler-1838,Transit,2021.0,12.14680004,,1.66049425,,451.242,False
Kepler-1839 b,Kepler-1839,Transit,2021.0,5.056759834,,1.9493759,,1136.6,False
Kepler-1840 b,Kepler-1840,Transit,2021.0,131.1900024,,2.77771129,,513.107,False
Kepler-1715 b,Kepler-1715,Transit,2021.0,35.59730148,,4.14042267,,522.605,False
Kepler-1841 b,Kepler-1841,Transit,2021.0,25.88599968,,1.48912557,,631.7,False
Kepler-1842 b,Kepler-1842,Transit,2021.0,14.02639961,,2.35388681,,923.551,False
Kepler-1843 b,Kepler-1843,Transit,2021.0,25.54339981,,2.70909809,,784.625,False
Kepler-1844 b,Kepler-1844,Transit,2021.0,3.924510002,,3.03648191,,1804.36,False
Kepler-1845 b,Kepler-1845,Transit,2021.0,11.60649967,,2.43836702,,710.724,False
Kepler-1716 b,Kepler-1716,Transit,2021.0,35.58100128,,2.4247685,,195.439,False
Kepler-1846 b,Kepler-1846,Transit,2021.0,14.82009983,,1.76378826,,374.615,False
Kepler-1847 b,Kepler-1847,Transit,2021.0,11.12969971,,2.74516914,,1693.86,False
Kepler-1848 b,Kepler-1848,Transit,2021.0,5.604020119,,1.4088539,,309.696,False
Kepler-1849 b,Kepler-1849,Transit,2021.0,57.29290009,,2.38685349,,631.884,False
Kepler-1850 b,Kepler-1850,Transit,2021.0,1.385800004,,0.72909663,,250.199,False
Kepler-1851 b,Kepler-1851,Transit,2021.0,12.02289963,,3.90012032,,1589.81,False
Kepler-1852 b,Kepler-1852,Transit,2021.0,7.970940113,,1.88610592,,772.481,False
Kepler-1853 b,Kepler-1853,Transit,2021.0,48.88819885,,1.51862272,,562.348,False
Kepler-1854 b,Kepler-1854,Transit,2021.0,39.83110046,,2.58746104,,423.348,False
Kepler-1855 b,Kepler-1855,Transit,2021.0,0.727330983,,1.216205,,,False
Kepler-1856 b,Kepler-1856,Transit,2021.0,1.302000046,,1.73447868,,848.76,False
Kepler-1857 b,Kepler-1857,Transit,2021.0,8.94340992,,1.96065412,,853.275,False
Kepler-1858 b,Kepler-1858,Transit,2021.0,88.07160187,,2.42168247,,833.055,False
Kepler-1859 b,Kepler-1859,Transit,2021.0,2.729599953,,1.58313575,,1331.25,False
Kepler-1860 b,Kepler-1860,Transit,2021.0,12.73719978,,1.13863767,,438.703,False
Kepler-1861 b,Kepler-1861,Transit,2021.0,40.0306015,,2.20677414,,829.985,False
Kepler-1782 b,Kepler-1782,Transit,2021.0,5.756229877,,2.22927435,,305.792,False
Kepler-1784 b,Kepler-1784,Transit,2021.0,13.59049988,,2.79936489,,883.045,False
Kepler-1768 b,Kepler-1768,Transit,2021.0,15.13589954,,2.23346338,,632.766,False
Kepler-1779 b,Kepler-1779,Transit,2021.0,16.34359932,,3.03295685,,908.501,False
Kepler-1776 b,Kepler-1776,Transit,2021.0,35.01190186,,2.61157023,,690.336,False
Kepler-1709 b,Kepler-1709,Transit,2021.0,65.70459747,,3.12424875,,273.946,False
Kepler-1771 b,Kepler-1771,Transit,2021.0,88.64399719,,4.05537256,,565.752,False
Kepler-1786 b,Kepler-1786,Transit,2021.0,78.5460968,,3.16305828,,863.909,False
Kepler-1799 b,Kepler-1799,Transit,2021.0,11.9296999,,4.12801189,,2254.69,False
Kepler-1800 b,Kepler-1800,Transit,2021.0,4.562029839,,0.99679734,,350.455,False
Kepler-1801 b,Kepler-1801,Transit,2021.0,10.44089985,,2.70926154,,839.332,False
Kepler-1804 b,Kepler-1804,Transit,2021.0,12.28849983,,1.59615726,,434.456,False
Kepler-1805 b,Kepler-1805,Transit,2021.0,8.847940445,,1.54502915,,221.639,False
Kepler-1806 b,Kepler-1806,Transit,2021.0,9.033320427,,2.35560189,,978.066,False
Kepler-1807 b,Kepler-1807,Transit,2021.0,10.86060047,,2.70393215,,1299.32,False
Kepler-1808 b,Kepler-1808,Transit,2021.0,23.3404007,,3.02511302,,1022.01,False
Kepler-1809 b,Kepler-1809,Transit,2021.0,3.7572999,,1.513,,409.602,False
Kepler-1810 b,Kepler-1810,Transit,2021.0,101.1330032,,3.91815325,,1009.87,False
Kepler-1811 b,Kepler-1811,Transit,2021.0,76.42230225,,3.84829873,,1390.56,False
Kepler-1812 b,Kepler-1812,Transit,2021.0,7.165219784,,2.3249424,,1409.19,False
Kepler-1813 b,Kepler-1813,Transit,2021.0,2.818160057,,1.413,,,False
Kepler-1814 b,Kepler-1814,Transit,2021.0,2.935359955,,2.36961357,,726.346,False
Kepler-1815 b,Kepler-1815,Transit,2021.0,12.19139957,,2.7489262,,1006.63,False
Kepler-1165 c,Kepler-1165,Transit,2021.0,29.96870041,,3.36093385,,1575.2,False
Kepler-1787 b,Kepler-1787,Transit,2021.0,39.31370163,,2.31898181,,778.602,False
Kepler-1816 b,Kepler-1816,Transit,2021.0,91.50099945,,1.9679397,,437.823,False
Kepler-1817 b,Kepler-1817,Transit,2021.0,44.29919815,,2.27349126,,748.569,False
Kepler-1818 b,Kepler-1818,Transit,2021.0,4.644909859,,1.71360684,,1034.59,False
Kepler-1819 b,Kepler-1819,Transit,2021.0,16.48690033,,3.90351256,,1363.19,False
Kepler-1820 b,Kepler-1820,Transit,2021.0,31.03249931,,3.11883067,,1425.39,False
Kepler-1821 b,Kepler-1821,Transit,2021.0,16.45809937,,2.59248115,,799.699,False
Kepler-1788 b,Kepler-1788,Transit,2021.0,2.800120115,,2.37850461,,560.445,False
Kepler-1789 b,Kepler-1789,Transit,2021.0,80.23190308,,2.83137505,,611.461,False
Kepler-1790 b,Kepler-1790,Transit,2021.0,31.58889961,,3.1446145,,1070.17,False
Kepler-1791 b,Kepler-1791,Transit,2021.0,7.720860004,,3.12103321,,602.218,False
Kepler-1792 b,Kepler-1792,Transit,2021.0,4.1957798,,2.51990972,,601.029,False
Kepler-1778 b,Kepler-1778,Transit,2021.0,10.08740044,,3.01665969,,1276.29,False
Kepler-1780 b,Kepler-1780,Transit,2021.0,109.4449997,,3.60600667,,790.516,False
Kepler-1769 b,Kepler-1769,Transit,2021.0,89.1934967,,4.465,,438.412,False
Kepler-1770 b,Kepler-1770,Transit,2021.0,16.84189987,,2.84141754,,582.942,False
Kepler-1781 b,Kepler-1781,Transit,2021.0,4.88752985,,2.38091029,,962.63,False
Kepler-1774 b,Kepler-1774,Transit,2021.0,59.77080154,,3.18179549,,816.592,False
Kepler-1783 b,Kepler-1783,Transit,2021.0,8.277440071,,1.31946731,,264.078,False
Kepler-1772 b,Kepler-1772,Transit,2021.0,3.215090036,,2.68609988,,871.564,False
Kepler-487 d,Kepler-487,Transit,2021.0,2.418390036,,2.77513568,,872.343,False
Kepler-1777 b,Kepler-1777,Transit,2021.0,12.18420029,,2.13189678,,619.146,False
Kepler-1773 b,Kepler-1773,Transit,2021.0,40.80970001,,3.50469499,,681.255,False
Kepler-1775 b,Kepler-1775,Transit,2021.0,85.65399933,,3.64762153,,657.023,False
Kepler-1766 b,Kepler-1766,Transit,2021.0,105.0149994,,2.27904508,,501.229,False
Kepler-1767 b,Kepler-1767,Transit,2021.0,59.65829849,,3.01299077,,820.506,False
Kepler-1759 b,Kepler-1759,Transit,2021.0,3.720230103,,0.9037791,,385.348,False
Kepler-1760 b,Kepler-1760,Transit,2021.0,38.3260994,,2.28995546,,,False
Kepler-1761 b,Kepler-1761,Transit,2021.0,4.043540001,,1.39109603,,221.186,False
OGLE-2019-BLG-1053L b,OGLE-2019-BLG-1053L,Microlensing,2021.0,,2.48,,,6800.0,False
Kepler-1764 b,Kepler-1764,Transit,2021.0,70.46829987,,4.55527871,,1542.48,False
Kepler-1765 b,Kepler-1765,Transit,2021.0,10.41889954,,2.49508857,,764.456,False
Kepler-1762 b,Kepler-1762,Transit,2021.0,29.53910065,,2.76022913,,1663.74,False
HD 206893 b,HD 206893,Imaging,2021.0,11100.0,6197.6539365,,,40.7583,False
Kepler-1712 b,Kepler-1712,Transit,2021.0,13.81499958,,2.28372556,,156.264,False
Kepler-1763 b,Kepler-1763,Transit,2021.0,1.480280042,,1.14651332,,756.486,False
Kepler-1731 b,Kepler-1731,Transit,2021.0,21.76129913,,2.93295657,,169.948,False
Kepler-1756 b,Kepler-1756,Transit,2021.0,2.355750084,,1.47199944,,,False
Kepler-1754 b,Kepler-1754,Transit,2021.0,8.195949554,,2.43996509,,718.945,False
Kepler-1753 b,Kepler-1753,Transit,2021.0,16.00460052,,2.22678077,,707.688,False
Kepler-1752 b,Kepler-1752,Transit,2021.0,56.35850143,,4.54060463,,962.888,False
Kepler-1669 c,Kepler-1669,Transit,2021.0,1.609320045,,1.90120972,,543.444,False
Kepler-1755 b,Kepler-1755,Transit,2021.0,24.81209946,,5.91688317,,982.383,False
Kepler-1757 b,Kepler-1757,Transit,2021.0,19.65640068,,2.94660251,,807.308,False
Kepler-1758 b,Kepler-1758,Transit,2021.0,9.977210045,,2.57059831,,1588.41,False
Kepler-1744 b,Kepler-1744,Transit,2021.0,37.10110092,,3.76754004,,1091.63,False
TOI-1774.01,TOI-1774,Transit,2021.0,16.70988,8.5,2.78,824.0,53.974,False
Kepler-1746 b,Kepler-1746,Transit,2021.0,321.2120056,,8.93504475,,979.541,False
Kepler-1745 b,Kepler-1745,Transit,2021.0,3.016190052,,1.92872921,,996.105,False
Kepler-1741 b,Kepler-1741,Transit,2021.0,2.757590055,,1.273,,270.739,False
Kepler-1740 b,Kepler-1740,Transit,2021.0,8.172400475,,3.32321414,,1061.77,False
TOI-836.01,TOI-836,Transit,2021.0,8.59545,9.6,2.587,665.0,27.5024,False
TOI-1054.01,TOI-1054,Transit,2021.0,15.5077855,,2.43432,853.0,88.4343,False
TOI-1203.01,TOI-1203,Transit,2021.0,25.502672,7.39,2.918,743.6,64.9943,False
TOI-1230.01,TOI-1230,Transit,2021.0,25.05713123288,,3.23968384,688.61,143.138,False
Kepler-1743 b,Kepler-1743,Transit,2021.0,7.649710178,,1.59887007,,538.807,False
TOI-261.01,TOI-261,Transit,2021.0,3.3639254,,3.0449863,1722.49,114.495,False
TOI-261.02,TOI-261,Transit,2021.0,13.03935862135,,3.34822227,1007.53,114.495,False
TOI-469.01,TOI-469,Transit,2021.0,13.6308205,9.1,3.41,716.0,68.192,False
Kepler-1742 b,Kepler-1742,Transit,2021.0,49.47819901,,2.1782413,,669.573,False
TOI-682.01,TOI-682,Transit,2021.0,6.8392388,,3.74186,1090.0,83.1548,False
iot Dra c,iot Dra,Radial Velocity,2021.0,25000.0,4958.1231492,,,31.32832,False
KMT-2020-BLG-0414L b,KMT-2020-BLG-0414L,Microlensing,2021.0,,1.87,,,1220.0,False
KMT-2020-BLG-0414L c,KMT-2020-BLG-0414L,Microlensing,2021.0,,8581.366989,,,1220.0,False
2M0437 b,2MASS J04372171+2651014,Imaging,2021.0,,1271.313628,,1450.0,128.484,False
HATS-74 A b,HATS-74 A,Transit,2021.0,1.73185606,464.02947422,11.56766808,895.1,299.389,False
HATS-75 b,HATS-75,Transit,2021.0,2.7886556,156.05374784,9.90873894,772.3,194.964,False
HATS-76 b,HATS-76,Transit,2021.0,1.9416423,835.570882,12.09449018,939.8,385.689,False
HATS-77 b,HATS-77,Transit,2021.0,3.0876262,436.69623122,13.05846252,828.3,436.176,False
Kepler-1708 b,Kepler-1708,Transit,2021.0,737.1131,1462.0106722,9.96,,1666.69,False
Kepler-1705 c,Kepler-1705,Transit,2021.0,11.28,5.42,2.05,,1633.49,False
BD+60 1417 b,BD+60 1417,Imaging,2021.0,,4767.426105,14.68376472,1303.0,44.9543,False
HD 360 b,HD 360,Radial Velocity,2021.0,273.1,238.37130525,,,111.542,False
HD 10975 b,HD 10975,Radial Velocity,2021.0,283.8,143.02278315,,,116.506,False
HD 79181 b,HD 79181,Radial Velocity,2021.0,273.1,203.41018048,,,103.335,False
HD 99283 b,HD 99283,Radial Velocity,2021.0,310.4,308.29355479,,,111.093,False
ups Leo b,ups Leo,Radial Velocity,2021.0,385.2,162.09248757,,,52.5973,False
HD 161178 b,HD 161178,Radial Velocity,2021.0,279.3,181.16219199,,,107.188,False
HD 219139 b,HD 219139,Radial Velocity,2021.0,275.5,247.90615746,,,104.935,False
gam Psc b,gam Psc,Radial Velocity,2021.0,555.1,425.89006538,,,41.3107,False
HIP 5763 b,HIP 5763,Radial Velocity,2021.0,30.014,162.09248757,,,31.9043,False
HIP 34222 b,HIP 34222,Radial Velocity,2021.0,159.986,263.79757781,,,22.8386,False
HIP 86221 b,HIP 86221,Radial Velocity,2021.0,2.224,225.65816897,,,29.4898,False
OGLE-2019-BLG-0960L b,OGLE-2019-BLG-0960L,Microlensing,2021.0,,2.5,,,980.0,False
KMT-2021-BLG-0322L b,KMT-2021-BLG-0322L,Microlensing,2021.0,,2034.1018048,,,6600.0,False
b Cen AB b,b Cen A,Imaging,2021.0,1790000.0,3464.3296363,,,98.0935,False
KMT-2017-BLG-2509L b,KMT-2017-BLG-2509L,Microlensing,2021.0,,664.26137063,,,7040.0,False
OGLE-2017-BLG-1099L b,OGLE-2017-BLG-1099L,Microlensing,2021.0,,959.84178914,,,7250.0,False
OGLE-2019-BLG-0299L b,OGLE-2019-BLG-0299L,Microlensing,2021.0,,1976.89269154,,,5830.0,False
OGLE-2018-BLG-1185L b,OGLE-2018-BLG-1185L,Microlensing,2021.0,,8.4,,,7400.0,False
EPIC 201427007 b,EPIC 201427007,Transit,2021.0,0.72091,,1.5,,706.391,False
EPIC 212624936 b,EPIC 212624936,Transit,2021.0,0.578657,,1.2,,561.929,False
EPIC 220492298 b,EPIC 220492298,Transit,2021.0,0.762406,,0.99,,624.512,False
TOI-2285 b,TOI-2285,Transit,2021.0,13.635109,,1.77,358.0,42.409,False
LHS 1678 b,LHS 1678,Transit,2021.0,0.8602325,,0.685,,19.8782,False
LHS 1678 c,LHS 1678,Transit,2021.0,3.694284,,0.941,,19.8782,False
HD 39194 b,HD 39194,Radial Velocity,2021.0,5.63692,4.62,,,26.4131,False
HD 39194 c,HD 39194,Radial Velocity,2021.0,14.0309,7.49,,,26.4131,False
HD 39194 d,HD 39194,Radial Velocity,2021.0,33.874,5.16,,,26.4131,False
HD 93385 b,HD 93385,Radial Velocity,2021.0,7.3426,4.2,,,43.3475,False
HD 93385 c,HD 93385,Radial Velocity,2021.0,13.18,7.1,,,43.3475,False
HD 93385 d,HD 93385,Radial Velocity,2021.0,45.85,8.7,,,43.3475,False
HD 96700 b,HD 96700,Radial Velocity,2021.0,8.1245,8.9,,,25.4111,False
HD 96700 c,HD 96700,Radial Velocity,2021.0,19.88,3.5,,,25.4111,False
HD 96700 d,HD 96700,Radial Velocity,2021.0,103.5,12.7,,,25.4111,False
HD 154088 b,HD 154088,Radial Velocity,2021.0,18.56,6.6,,,18.2692,False
HD 189567 b,HD 189567,Radial Velocity,2021.0,14.288,8.5,,,17.9055,False
HD 189567 c,HD 189567,Radial Velocity,2021.0,33.688,7.0,,,17.9055,False
HIP 97166 b,HIP 97166,Transit,2021.0,10.288914,19.1,2.4801338,701.66,65.9501,False
Kepler-1747 b,Kepler-1747,Transit,2021.0,6.230319977,,4.26508,,1321.38,False
HIP 97166 c,HIP 97166,Radial Velocity,2021.0,16.432,8.0,,,65.9501,False
TOI-2257 b,TOI-2257,Transit,2021.0,35.189346,,2.194,256.0,57.7911,True
KMT-2016-BLG-2605L b,KMT-2016-BLG-2605L,Microlensing,2021.0,,245.0457018,,,6421.0,False
OGLE-2019-BLG-0304L b,OGLE-2019-BLG-0304L,Microlensing,2021.0,,162.09248757,,,6980.0,False
HD 207897 b,HD 207897,Transit,2021.0,16.20166,14.8,2.34302132,581.75,28.2938,False
HD 137496 b,HD 137496,Transit,2021.0,1.62116,4.04,1.31,2130.0,155.317,False
HD 137496 c,HD 137496,Radial Velocity,2021.0,479.9,2434.56559762,,370.0,155.317,False
GJ 367 b,GJ 367,Transit,2021.0,0.3219225,0.633,0.699,1365.0,9.41263,False
TOI-2109 b,TOI-2109,Transit,2021.0,0.67247414,1595.49860314,15.098497,3646.0,262.041,False
TOI-1842 b,TOI-1842,Transit,2021.0,9.5739181,89.4,12.3485023,1199.55,223.465,False
HAT-P-60 b,HAT-P-60,Transit,2021.0,4.7947813,182.43350562,18.28184752,1772.0,233.22,False
HAT-P-61 b,HAT-P-61,Transit,2021.0,1.90231289,335.9446262,10.07687365,1505.0,338.84,False
HAT-P-62 b,HAT-P-62,Transit,2021.0,2.6453235,241.86741773,12.02723629,1512.0,348.815,False
HAT-P-63 b,HAT-P-63,Transit,2021.0,3.377728,195.1466419,12.5428494,1237.0,403.458,False
HAT-P-64 b,HAT-P-64,Transit,2021.0,4.007232,184.34047606,19.08889413,1766.0,651.897,False
TOI-1749 b,TOI-1749,Transit,2021.0,2.38839,57.0,1.39,831.0,99.5561,False
TOI-1749 c,TOI-1749,Transit,2021.0,4.4929,14.0,2.12,673.0,99.5561,False
TOI-1749 d,TOI-1749,Transit,2021.0,9.0497,15.0,2.52,533.0,99.5561,False
HD 27969 b,HD 27969,Radial Velocity,2021.0,654.5,1525.5763536,,261.0,67.9328,True
HD 80869 b,HD 80869,Radial Velocity,2021.0,1752.92067,1609.80088146,,,85.3951,False
HD 95544 b,HD 95544,Radial Velocity,2021.0,2041.54152,1913.64483855,,,87.8049,False
HD 109286 b,HD 109286,Radial Velocity,2021.0,520.1,950.30693693,,259.4,55.4156,True
HD 115954 b,HD 115954,Radial Velocity,2021.0,3700.0,2634.79749403,,144.9,87.6437,False
HD 211403 b,HD 211403,Radial Velocity,2021.0,223.8,1760.76937478,,380.0,83.0919,False
TOI-1062 b,TOI-1062,Transit,2021.0,4.11296,10.15,2.265,1077.0,82.1733,False
TOI-1062 c,TOI-1062,Radial Velocity,2021.0,7.972,9.78,,859.0,82.1733,False
TOI-1278 b,TOI-1278,Transit,2021.0,14.47567,5879.8255295,12.21778896,,75.5759,False
KMT-2018-BLG-1976L b,KMT-2018-BLG-1976L,Microlensing,2021.0,,705.57906354,,,5840.0,False
KMT-2018-BLG-1996L b,KMT-2018-BLG-1996L,Microlensing,2021.0,,346.43296363,,,5910.0,False
OGLE-2019-BLG-0954L b,OGLE-2019-BLG-0954L,Microlensing,2021.0,,4513.1633794,,,3630.0,False
KIC 8121913 b,KIC 8121913,Orbital Brightness Modulation,2021.0,3.294601,667.4396547,,,707.303,False
KIC 10068024 b,KIC 10068024,Orbital Brightness Modulation,2021.0,2.073549,635.656814,,,721.105,False
KIC 5479689 b,KIC 5479689,Orbital Brightness Modulation,2021.0,1.701531,158.9142035,,,454.95,False
KMT-2019-BLG-0371L b,KMT-2019-BLG-0371L,Microlensing,2021.0,,2447.2787339,,,7010.0,False
AU Mic c,AU Mic,Transit,2021.0,18.859023,14.46,2.79,424.7,9.7221,False
TOI-2406 b,TOI-2406,Transit,2021.0,3.0766891,15.6,2.86,449.0,55.419,False
TOI-532 b,TOI-532,Transit,2021.0,2.3266508,61.5,5.82,867.0,135.047,False
TOI-431 b,TOI-431,Transit,2021.0,0.490047,3.07,1.28,1862.0,32.5686,False
TOI-431 c,TOI-431,Radial Velocity,2021.0,4.8494,2.83,,867.0,32.5686,False
TOI-431 d,TOI-431,Transit,2021.0,12.46103,9.9,3.29,633.0,32.5686,False
COCONUTS-2 b,COCONUTS-2 A,Imaging,2021.0,,2542.627256,12.44196858,,10.8864,False
TOI-2202 b,TOI-2202,Transit,2021.0,11.9126075,287.31687993,10.95117414,,235.933,False
TOI-2202 c,TOI-2202,Transit Timing Variations,2021.0,24.6744,117.27868218,,,235.933,False
L 98-59 e,L 98-59,Radial Velocity,2021.0,12.8278,2.82,,347.0,10.6194,False
K2-331 b,K2-331,Transit,2021.0,9.398977,,1.79,909.0,211.43,False
K2-350 b,K2-350,Transit,2021.0,4.163873,,1.54,1158.0,489.368,False
K2-352 b,K2-352,Transit,2021.0,3.665912,,1.37,1160.0,176.051,False
K2-353 b,K2-353,Transit,2021.0,15.466805,,5.55,735.0,268.515,False
KMT-2019-BLG-1715L b,KMT-2019-BLG-1715L,Microlensing,2021.0,,813.64072192,,,3860.0,False
KMT-2018-BLG-1025L b,KMT-2018-BLG-1025L,Microlensing,2021.0,,6.059,,,6705.0,False
TOI-1518 b,TOI-1518,Transit,2021.0,1.90261131,581.62598481,21.05046575,2546.0,225.888,False
TIC 172900988 b,TIC 172900988 Aa,Transit,2021.0,200.452,942.0,11.25,,250.956,False
K2-355 b,K2-355,Transit,2021.0,5.7385647,,2.25,1066.0,500.497,False
K2-356 b,K2-356,Transit,2021.0,21.0267366,,2.29,624.0,355.54,False
K2-357 b,K2-357,Transit,2021.0,16.3488637,,3.72,735.0,517.687,False
K2-358 b,K2-358,Transit,2021.0,11.2510285,,2.68,888.0,480.307,False
HD 22496 b,HD 22496,Radial Velocity,2021.0,5.09071,5.57,,573.0,13.5956,False
OGLE-2018-BLG-0567L b,OGLE-2018-BLG-0567L,Microlensing,2021.0,,101.70509024,,,7060.0,False
OGLE-2018-BLG-0962L b,OGLE-2018-BLG-0962L,Microlensing,2021.0,,425.89006538,,,6500.0,False
TOI-1201 b,TOI-1201,Transit,2021.0,2.4919863,6.28,2.415,703.0,37.8871,False
GPX-1 b,GPX-1,Transit,2021.0,1.744579,6261.2196179,16.47720163,2300.0,655.013,False
TOI-558 b,TOI-558,Transit,2021.0,14.574071,1147.36054927,12.17295304,1061.0,402.63,False
TOI-559 b,TOI-559,Transit,2021.0,6.9839095,1910.14872607,12.22899794,1180.0,233.266,False
TIC 257060897 b,TIC 257060897,Transit,2021.0,3.66003639,201.50321004,17.26183028,1775.0,505.703,False
TOI-1431 b,TOI-1431,Transit,2021.0,2.650237,991.62462984,16.70138124,2370.0,148.925,False
KMT-2018-BLG-1743L b,KMT-2018-BLG-1743L,Microlensing,2021.0,,77.86795971,,,6483.0,False
TOI-530 b,TOI-530,Transit,2021.0,6.387597,127.1313628,9.30345398,565.0,148.762,False
Kepler-1748 b,Kepler-1748,Transit,2021.0,5.823520184,,2.71275017,,1083.28,False
TOI-1789 b,TOI-1789,Transit,2021.0,3.208664,222.4798849,16.14093221,1927.0,229.067,False
TOI-1296 b,TOI-1296,Transit,2021.0,3.9443736,95.3,14.11645916,1414.84,323.265,False
TOI-1298 b,TOI-1298,Transit,2021.0,4.537143,99.0,9.65807033,1278.0,319.036,False
HD 63935 b,HD 63935,Transit,2021.0,9.058807,10.5,2.91575244,825.22,48.9739,False
HD 63935 c,HD 63935,Radial Velocity,2021.0,21.4027,11.1,3.06451296,619.59,48.9739,False
TOI-3362 b,TOI-3362,Transit,2021.0,18.09547,1598.3590588,12.80065596,,366.987,False
GJ 740 b,GJ 740,Radial Velocity,2021.0,2.37756,2.96,,829.0,11.1017,False
TOI-201 b,TOI-201,Transit,2021.0,52.9786,164.0,11.4,,113.825,False
TOI-519 b,TOI-519,Transit,2021.0,1.2652328,147.15455244,11.54525012,687.0,115.557,False
NGTS-15 b,NGTS-15,Transit,2021.0,3.27623,238.68913366,12.32987877,1146.0,786.485,False
NGTS-16 b,NGTS-16,Transit,2021.0,4.84532,211.99154747,14.57167491,1177.0,898.168,False
NGTS-17 b,NGTS-17,Transit,2021.0,3.24253,242.82090295,13.89913607,1457.0,1040.28,False
NGTS-18 b,NGTS-18,Transit,2021.0,3.05125,129.99181846,13.56286665,1381.0,1096.19,False
LHS 1478 b,LHS 1478,Transit,2021.0,1.9495378,2.33,1.242,595.0,18.2276,False
TOI-257 b,TOI-257,Transit,2021.0,18.38818,43.86032017,7.16253867,1027.0,76.9028,False
HD 5278 b,HD 5278,Transit,2021.0,14.339156,7.8,2.45,943.0,57.5846,False
HD 5278 c,HD 5278,Radial Velocity,2021.0,40.87,18.4,,,57.5846,False
HIP 56640 b,HIP 56640,Radial Velocity,2021.0,2675.57603,2151.69831539,,,122.324,False
HIP 75092 b,HIP 75092,Radial Velocity,2021.0,926.4,568.91284853,,,81.6696,False
HIP 90988 b,HIP 90988,Radial Velocity,2021.0,455.73816,668.07531151,,,94.0349,False
HIP 114933 b,HIP 114933,Radial Velocity,2021.0,1481.6,616.58710958,,,101.766,False
TOI-269 b,TOI-269,Transit,2021.0,3.6977104,8.8,2.77,531.0,57.0225,False
TOI-220 b,TOI-220,Transit,2021.0,10.695264,13.8,3.03,805.0,90.7402,False
TOI-1444 b,TOI-1444,Transit,2021.0,0.4702743,3.58,1.41792246,2130.02,125.463,False
Kepler-1749 b,Kepler-1749,Transit,2021.0,14.53409958,,1.61301783,,268.2,False
TOI-1231 b,TOI-1231,Transit,2021.0,24.245586,15.4,3.65,329.6,27.6227,False
BD+45 564 b,BD+45 564,Radial Velocity,2021.0,307.88,432.24663352,,,53.622,False
BD+55 362 b,BD+55 362,Radial Velocity,2021.0,265.59,228.83645304,,,52.5697,False
BD+63 1405 b,BD+63 1405,Radial Velocity,2021.0,1198.48,1258.60049172,,,38.0473,False
HD 124330 b,HD 124330,Radial Velocity,2021.0,270.66,238.37130525,,,60.1977,False
HD 155193 b,HD 155193,Radial Velocity,2021.0,352.65,238.37130525,,,57.7995,False
HD 331093 b,HD 331093,Radial Velocity,2021.0,621.62,476.7426105,,,50.1928,False
HD 152843 b,HD 152843,Transit,2021.0,11.62071,9.82,3.05,,107.898,False
HD 152843 c,HD 152843,Transit,2021.0,19.502104,9.67,5.94,,107.898,False
HD 107148 c,HD 107148,Radial Velocity,2021.0,18.3267,19.89605828,,,49.4156,False
HD 136925 b,HD 136925,Radial Velocity,2021.0,4540.0,266.97586188,,,47.874,False
HD 141004 b,HD 141004,Radial Velocity,2021.0,15.5083,13.63483866,,,11.8148,False
HD 145675 c,14 Her,Radial Velocity,2021.0,,2510.8444153,,,17.9323,False
HD 156668 c,HD 156668,Radial Velocity,2021.0,811.3,31.49679513,,,24.3323,False
HD 164922 e,HD 164922,Radial Velocity,2021.0,41.763,10.52012027,,,22.0016,False
HD 168009 b,HD 168009,Radial Velocity,2021.0,15.1479,9.53485221,,,23.3032,False
HD 213472 b,HD 213472,Radial Velocity,2021.0,17000.0,1112.3994245,,,64.4527,False
HD 24040 c,HD 24040,Radial Velocity,2021.0,515.4,63.88350981,,,46.6224,False
HD 26161 b,HD 26161,Radial Velocity,2021.0,10942.29013,9045.39646322,,,40.9128,False
HD 3765 b,HD 3765,Radial Velocity,2021.0,1211.0,54.98431441,,,17.926,False
HD 66428 c,HD 66428,Radial Velocity,2021.0,10478.84437,560.64930995,,,53.2817,False
HD 68988 c,HD 68988,Radial Velocity,2021.0,16000.0,4767.426105,,,60.8447,False
HD 95735 c,GJ 411,Radial Velocity,2021.0,2946.0,13.6,,,5.675773,False
WASP-110 b,WASP-110,Transit,2021.0,3.7784022,154.78243421,13.19297028,1158.0,274.96,False
Kepler-129 d,Kepler-129,Radial Velocity,2021.0,2646.0,2637.9757781,,,408.845,False
TOI-674 b,TOI-674,Transit,2021.0,1.977143,23.6,5.25,635.0,46.0851,False
TOI-1685 b,TOI-1685,Transit,2021.0,0.66913923,3.07,1.421,1000.0,37.6153,False
TOI-1260 b,TOI-1260,Transit,2021.0,3.127463,8.56,2.41,871.0,73.5977,False
TOI-1260 c,TOI-1260,Transit,2021.0,7.493134,13.2,2.76,651.0,73.5977,False
TOI-1634 b,TOI-1634,Transit,2021.0,0.98934551,4.9,1.759,900.0,35.2736,False
GJ 720 A b,GJ 720 A,Radial Velocity,2021.0,19.466,13.64,,401.0,15.5575,False
G 264-012 b,G 264-012,Radial Velocity,2021.0,2.30538,2.5,,587.0,16.009,False
G 264-012 c,G 264-012,Radial Velocity,2021.0,8.0518,3.75,,387.0,16.009,False
GJ 393 b,GJ 393,Radial Velocity,2021.0,7.02679,1.71,,485.0,7.03149,False
TOI-1259 A b,TOI-1259 A,Transit,2021.0,3.477978,140.16232749,11.45557828,963.0,118.106,False
TOI-1807 b,TOI-1807,Transit,2021.0,0.54937097,2.44,1.49681583,1694.1,42.5775,False
TOI-2076 b,TOI-2076,Transit,2021.0,10.35504,6.7,2.59,736.0,41.9091,False
TOI-2076 c,TOI-2076,Transit,2021.0,21.01447,7.2,3.54,581.0,41.9091,False
TOI-2076 d,TOI-2076,Transit,2021.0,35.12803,7.3,3.27,490.0,41.9091,False
HAT-P-58 b,HAT-P-58,Transit,2021.0,4.0138379,118.2321674,14.93036229,1622.0,515.59,False
HAT-P-59 b,HAT-P-59,Transit,2021.0,4.1419771,489.45574678,12.58768533,1277.8,265.471,False
TOI-251 b,TOI-251,Transit,2021.0,4.93777,317.83,2.74,,99.523,False
TOI-1233.01,HD 108236,Transit,2021.0,14.175685,,2.539,,64.5978,False
HD 108236 f,HD 108236,Transit,2021.0,29.54115,,2.017,,64.5978,False
NGTS-13 b,NGTS-13,Transit,2021.0,4.119027,1538.2972,12.800678,1605.0,647.595,False
HD 110113 b,HD 110113,Transit,2021.0,2.541,4.55,2.05,1371.0,106.307,False
HD 110113 c,HD 110113,Radial Velocity,2021.0,6.744,10.5,,990.0,106.307,False
TOI-178 b,TOI-178,Transit,2021.0,1.9145601,0.96,1.2,,62.699,False
TOI-178 c,TOI-178,Transit,2021.0,3.238486,4.64,1.754,,62.699,False
TOI-178 d,TOI-178,Transit,2021.0,6.557569,5.2,2.695,,62.699,False
TOI-178 e,TOI-178,Transit,2021.0,9.96318,3.48,2.301,,62.699,False
TOI-178 f,TOI-178,Transit,2021.0,15.23335,5.63,2.417,,62.699,False
TOI-178 g,TOI-178,Transit,2021.0,20.71663,4.4,2.939,,62.699,False
HD 4760 b,HD 4760,Radial Velocity,2021.0,434.0,4417.837,,,537.873,False
HD 96992 b,HD 96992,Radial Velocity,2021.0,514.0,362.3262,,,396.082,False
TYC 0434-04538-1 b,TYC 0434-04538-1,Radial Velocity,2021.0,193.2,1938.763,,,613.422,False
HD 183579 b,HD 183579,Transit,2021.0,17.471291,20.4,3.49,752.0,57.2651,False
NGTS-14 A b,NGTS-14 A,Transit,2021.0,3.5357173,29.24036,4.976796,1143.0,322.148,False
HD 110082 b,HD 110082,Transit,2021.0,10.18271,,3.2,,105.096,False
K2-138 g,K2-138,Transit,2021.0,41.96797,4.32,3.013,,202.585,False
TOI-628 b,TOI-628,Transit,2021.0,3.4095675,2011.8639,11.88154,1586.0,178.68,False
TOI-640 b,TOI-640,Transit,2021.0,5.003777,181.16219199,19.2794468,1816.0,341.997,False
TOI-1333 b,TOI-1333,Transit,2021.0,4.720219,753.2571,15.647764,1679.0,200.492,False
TOI-1478 b,TOI-1478,Transit,2021.0,10.1802117,279.68899816,11.99360935,,152.892,False
TOI-1601 b,TOI-1601,Transit,2021.0,5.33175,387.0,14.19902343,1493.97,336.608,False
GJ 486 b,GJ 486,Radial Velocity,2021.0,1.46712127,2.77,1.289,696.3,8.07426,False
GJ 414 A b,GJ 414 A,Radial Velocity,2021.0,50.8,7.6,2.63,308.6,11.8893,True
GJ 414 A c,GJ 414 A,Radial Velocity,2021.0,749.83,53.83,8.4,124.7,11.8893,False
OGLE-2018-BLG-1428L b,OGLE-2018-BLG-1428L,Microlensing,2021.0,,240.0,,,6220.0,False
Kepler-1750 b,Kepler-1750,Transit,2021.0,205.9120026,,6.00434637,,1497.33,False
Kepler-1751 b,Kepler-1751,Transit,2021.0,7.017310143,,1.82417378,,1291.47,False
Kepler-418 c,Kepler-418,Transit,2021.0,12.21829987,,5.22108654,,1002.53,False
HD 13808 b,HD 13808,Radial Velocity,2021.0,14.1815,11.2,,,28.2305,False
HD 13808 c,HD 13808,Radial Velocity,2021.0,53.753,9.96,,,28.2305,False
Kepler-1713 b,Kepler-1713,Transit,2021.0,18.01160049,,1.71673535,,295.293,False
Kepler-1738 b,Kepler-1738,Transit,2021.0,7.674630165,,2.82472883,,1302.87,False
Kepler-1737 b,Kepler-1737,Transit,2021.0,64.61750031,,5.395,,,False
Kepler-1739 b,Kepler-1739,Transit,2021.0,7.343709946,,2.43056832,,783.666,False
Kepler-1734 b,Kepler-1734,Transit,2021.0,6.796850204,,3.08851092,,1482.83,False
EPIC 228836835 b,EPIC 228836835,Transit,2021.0,0.728113,,1.1,,150.124,False
K2-331 c,K2-331,Transit,2021.0,22.996591,,2.72,673.0,211.43,False
K2-333 b,K2-333,Transit,2021.0,14.759287,,6.18,826.0,343.99,False
K2-334 b,K2-334,Transit,2021.0,5.113981,,5.65,1380.0,371.823,False
K2-342 b,K2-342,Transit,2021.0,11.561052,,2.03,861.0,208.357,False
K2-343 c,K2-343,Transit,2021.0,7.676972,,2.02,465.0,166.169,False
K2-344 b,K2-344,Transit,2021.0,3.35585,,1.59,722.0,75.1691,False
K2-348 b,K2-348,Transit,2021.0,4.688418,,3.26,908.0,201.856,False
K2-348 c,K2-348,Transit,2021.0,12.550171,,2.67,655.0,201.856,False
K2-352 c,K2-352,Transit,2021.0,8.234885,,1.92,885.0,176.051,False
K2-352 d,K2-352,Transit,2021.0,14.871387,,2.23,727.0,176.051,False
Kepler-1732 b,Kepler-1732,Transit,2021.0,32.31240082,,4.09903273,,1289.41,False
Kepler-1733 b,Kepler-1733,Transit,2021.0,9.229579926,,3.63582354,,2080.51,False
K2-339 b,K2-339,Transit,2021.0,19.507428,,1.92,508.0,360.36,False
K2-343 b,K2-343,Transit,2021.0,2.787174,,1.65,653.0,166.169,False
EPIC 212624936 c,EPIC 212624936,Transit,2021.0,11.811437,,2.3,,561.929,False
Kepler-1736 b,Kepler-1736,Transit,2021.0,37.81029892,,3.8765856,,1430.0,False
K2-268 d,K2-268,Transit,2021.0,4.528598,,1.49,888.0,327.783,False
K2-268 f,K2-268,Transit,2021.0,26.27057,,2.23,492.0,327.783,False
K2-268 e,K2-268,Transit,2021.0,6.131243,,1.33,801.0,327.783,False
Kepler-1735 b,Kepler-1735,Transit,2021.0,7.71792984,,1.19429134,,245.303,False
EPIC 201595106 b,EPIC 201595106,Transit,2021.0,0.87724,7.67,1.565,2038.0,232.1,False
K2-341 b,K2-341,Transit,2021.0,36.552551,,3.21,598.0,421.408,False
HD 158259 c,HD 158259,Radial Velocity,2020.0,3.432,5.6,,,27.0498,False
HD 158259 d,HD 158259,Radial Velocity,2020.0,5.1980814,5.41,,,27.0498,False
HD 158259 e,HD 158259,Radial Velocity,2020.0,7.951,6.08,,,27.0498,False
HD 158259 f,HD 158259,Radial Velocity,2020.0,12.028,6.14,,,27.0498,False
CoRoT-30 b,CoRoT-30,Transit,2020.0,9.06005,921.707,11.309881,,1032.23,False
CoRoT-31 b,CoRoT-31,Transit,2020.0,4.62941,266.9772,16.36514,,2005.76,False
TOI-677 b,TOI-677,Transit,2020.0,11.2365985,392.20025424,13.11450742,,141.812,False
HD 164922 d,HD 164922,Radial Velocity,2020.0,12.458,4.0,,,22.0016,False
WASP-150 b,WASP-150,Transit,2020.0,5.644207,2688.8418,11.99363,1460.0,527.995,False
WASP-176 b,WASP-176,Transit,2020.0,3.899052,271.74465,16.869545,1721.0,568.42,False
HD 332231 b,HD 332231,Transit,2020.0,18.712024,74.1,9.07303305,798.3,80.6665,False
Kepler-88 d,KOI-142,Radial Velocity,2020.0,1403.0,965.14699656,,,376.863,False
LTT 3780 b,LTT 3780,Transit,2020.0,0.76837931,2.46,1.325,903.0,21.9814,False
LTT 3780 c,LTT 3780,Transit,2020.0,12.252284,8.04,2.39,359.0,21.9814,False
TOI-1235 b,TOI-1235,Transit,2020.0,3.444714,6.69,1.69,,39.6345,False
HD 81817 b,HD 81817,Radial Velocity,2020.0,1021.20159,7668.5638041,,,269.126,False
TOI-1338 b,TOI-1338 A,Transit,2020.0,95.4001,11.3,7.661,,399.017,False
OGLE-2018-BLG-0677L b,OGLE-2018-BLG-0677L,Microlensing,2020.0,,3.96,,,7580.0,False
OGLE-2015-BLG-1771L b,OGLE-2015-BLG-1771L,Microlensing,2020.0,,138.0,,,7070.0,False
OGLE-2018-BLG-1700L b,OGLE-2018-BLG-1700L,Microlensing,2020.0,,1400.0,,,7600.0,False
KMT-2018-BLG-0029L b,KMT-2018-BLG-0029L,Microlensing,2020.0,,7.59,,,3380.0,False
KMT-2018-BLG-1292L b,KMT-2018-BLG-1292L,Microlensing,2020.0,,1400.0,,,3460.0,False
OGLE-2012-BLG-0838L b,OGLE-2012-BLG-0838L,Microlensing,2020.0,,53.1,,,6320.0,False
AU Mic b,AU Mic,Transit,2020.0,8.463446,8.99,4.79,554.8,9.7221,False
GJ 338 B b,GJ 338 B,Radial Velocity,2020.0,24.422,10.6,,,6.33256,False
OGLE-2017-BLG-0406L b,OGLE-2017-BLG-0406L,Microlensing,2020.0,,130.0,,,5200.0,False
Kepler-160 d,Kepler-160,Transit Timing Variations,2020.0,30.0,100.0,,,937.013,False
WASP-148 b,WASP-148,Transit,2020.0,8.803809,91.21675281,8.47398941,,246.353,False
WASP-148 c,WASP-148,Radial Velocity,2020.0,34.524,124.58873554,,,246.353,False
TOI-1728 b,TOI-1728,Transit,2020.0,3.49151,26.78,5.05,767.0,60.798,False
NGTS-11 b,NGTS-11,Transit,2020.0,35.45533,109.33352,9.157753,435.0,190.422,False
GJ 887 b,GJ 887,Radial Velocity,2020.0,9.2619,3.9,,426.0,3.28679,False
GJ 887 c,GJ 887,Radial Velocity,2020.0,21.784,6.5,,320.0,3.28679,False
TOI-849 b,TOI-849,Transit,2020.0,0.765548,41.8,3.64,,225.734,False
Wendelstein-1 b,Wendelstein-1,Transit,2020.0,2.663416,188.15536,11.5609626,2198.0,305.3,False
Wendelstein-2 b,Wendelstein-2,Transit,2020.0,1.7522239,232.33373,12.9934728,2470.0,565.541,False
HD 95338 b,HD 95338,Radial Velocity,2020.0,55.082694,,4.27174254,,36.9941,False
TOI-813 b,TOI-813,Transit,2020.0,83.8911,,6.71,610.0,263.145,False
GJ 180 d,GJ 180,Radial Velocity,2020.0,106.3,7.56,,,11.9407,False
GJ 229 A c,GJ 229,Radial Velocity,2020.0,121.93268,8.58136699,,,5.75624,False
GJ 433 d,GJ 433,Radial Velocity,2020.0,36.059,5.223,,,9.06456,False
Kepler-783 c,Kepler-783,Transit,2020.0,7.05395,,2.33153725,,516.09,False
HD 80653 b,HD 80653,Transit,2020.0,0.719573,5.72,1.613,2463.0,109.86,False
HIP 4845 b,HIP 4845,Radial Velocity,2020.0,34.15,14.4,,,21.0974,False
HIP 48714 b,HIP 48714,Radial Velocity,2020.0,17.818,22.9,,,10.5298,False
KMT-2019-BLG-1339L b,KMT-2019-BLG-1339L,Microlensing,2020.0,,397.0,,,6120.0,False
KMT-2019-BLG-1953L b,KMT-2019-BLG-1953L,Microlensing,2020.0,,200.0,,,7040.0,False
K2-316 b,K2-316,Transit,2020.0,1.133,,1.33,841.0,112.486,False
K2-316 c,K2-316,Transit,2020.0,5.26,,1.83,423.0,112.486,False
K2-317 b,K2-317,Transit,2020.0,6.22,,2.93,432.0,176.291,False
K2-318 b,K2-318,Transit,2020.0,7.01,,1.66,456.0,147.866,False
K2-319 b,K2-319,Transit,2020.0,26.68,,2.79,641.0,209.071,False
K2-320 b,K2-320,Transit,2020.0,1.995,,2.62,698.0,108.74,False
K2-321 b,K2-321,Transit,2020.0,2.2979749,,2.05124347,830.0,77.6888,False
K2-322 b,K2-322,Transit,2020.0,8.205,,1.92,635.0,123.415,False
K2-323 b,K2-323,Transit,2020.0,24.93,,2.1,318.0,118.318,False
K2-324 b,K2-324,Transit,2020.0,3.262,,2.43,707.0,136.667,False
K2-325 b,K2-325,Transit,2020.0,6.93,,2.2,423.0,111.638,False
K2-326 b,K2-326,Transit,2020.0,1.256,,2.28,1114.0,282.308,False
WD 1856+534 b,WD 1856+534,Transit,2020.0,1.4079405,4386.054,10.4,163.0,24.7359,False
LTT 9779 b,LTT 9779,Transit,2020.0,0.792052,29.32,4.72,1978.0,80.4373,False
HD 63433 b,HD 63433,Transit,2020.0,7.1079475,21.755,2.14,967.11,22.4035,False
HD 63433 c,HD 63433,Transit,2020.0,20.5438281,15.539,2.692,678.92,22.4035,False
TOI-763 b,TOI-763,Transit,2020.0,5.6057,9.79,2.28,1038.0,95.1274,False
TOI-763 c,TOI-763,Transit,2020.0,12.2737,9.32,2.63,800.0,95.1274,False
HATS-71 b,HATS-71,Transit,2020.0,3.7955202,117.5971,11.478016,586.8,140.225,False
TOI-824 b,TOI-824,Transit,2020.0,1.392978,18.467,2.926,1253.0,63.9262,False
OGLE-2018-BLG-1269L b,OGLE-2018-BLG-1269L,Microlensing,2020.0,,210.0,,,2510.0,False
KMT-2018-BLG-0748L b,KMT-2018-BLG-0748L,Microlensing,2020.0,,60.0,,,7300.0,False
KMT-2019-BLG-0842L b,KMT-2019-BLG-0842L,Microlensing,2020.0,,10.28,,,3320.0,False
TOI-540 b,TOI-540,Transit,2020.0,1.2391491,,0.903,611.0,14.0022,False
TOI-1266 b,TOI-1266,Transit,2020.0,10.8945,4.46,2.52,415.0,36.0118,False
TOI-1266 c,TOI-1266,Transit,2020.0,18.8027,3.17,1.98,346.0,36.0118,False
TOI-421 b,TOI-421,Transit,2020.0,5.197576,6.7,2.64,922.0,74.7969,False
TOI-421 c,TOI-421,Transit,2020.0,16.067541,14.1,5.09,635.0,74.7969,False
NGTS-12 b,NGTS-12,Transit,2020.0,7.532806,66.10864,11.747032,1257.0,446.442,False
GJ 3473 b,GJ 3473,Transit,2020.0,1.1980035,1.86,1.264,773.0,27.3644,False
GJ 3473 c,GJ 3473,Radial Velocity,2020.0,15.509,7.41,,329.1,27.3644,False
TOI-837 b,TOI-837,Transit,2020.0,8.3249113,120.45696625,9.16894621,995.3,142.488,False
KMT-2016-BLG-2364L b,KMT-2016-BLG-2364L,Microlensing,2020.0,,1250.0,,,6440.0,False
KMT-2016-BLG-2397L b,KMT-2016-BLG-2397L,Microlensing,2020.0,,836.0,,,4880.0,False
OGLE-2017-BLG-0604L b,OGLE-2017-BLG-0604L,Microlensing,2020.0,,160.0,,,3950.0,False
OGLE-2017-BLG-1375L b,OGLE-2017-BLG-1375L,Microlensing,2020.0,,3585.0,,,3930.0,False
GJ 3082 b,GJ 3082,Radial Velocity,2020.0,11.949,8.2,,,16.6186,False
GJ 1252 b,GJ 1252,Transit,2020.0,0.5182331,1.32,1.193,,20.373,False
EPIC 249893012 b,EPIC 249893012,Transit,2020.0,3.5951,8.75,1.95,1616.0,321.296,False
EPIC 249893012 c,EPIC 249893012,Transit,2020.0,15.624,14.67,3.67,990.0,321.296,False
EPIC 249893012 d,EPIC 249893012,Transit,2020.0,35.747,10.18,3.94,752.0,321.296,False
L 168-9 b,L 168-9,Transit,2020.0,1.40152604,4.07,1.63,998.0,25.1496,False
TOI-125 d,TOI-125,Transit,2020.0,19.98,13.6,2.93,638.1,111.059,False
Kepler-1661 b,Kepler-1661,Transit,2020.0,175.06,17.0,3.87,243.0,410.607,True
TOI-132 b,TOI-132,Transit,2020.0,2.1097019,22.4,3.42,1395.0,163.678,False
GJ 1061 b,GJ 1061,Radial Velocity,2020.0,3.2073,1.11,,,3.67278,False
GJ 1061 c,GJ 1061,Radial Velocity,2020.0,6.6821,1.81,,,3.67278,False
GJ 1061 d,GJ 1061,Radial Velocity,2020.0,13.066,1.67,,,3.67278,False
HATS-47 b,HATS-47,Transit,2020.0,3.9228038,117.27927,12.520453,852.9,300.67,False
HATS-48 A b,HATS-48 A,Transit,2020.0,3.1316666,77.23269,8.9672,954.6,263.609,False
HATS-49 b,HATS-49,Transit,2020.0,4.1480467,112.19399,8.574885,834.8,324.413,False
HATS-72 b,HATS-72,Transit,2020.0,7.3279474,39.855882,8.0973816,739.3,127.589,False
OGLE-2016-BLG-1227L b,OGLE-2016-BLG-1227L,Microlensing,2020.0,,250.0,,,,False
NGTS-10 b,NGTS-10,Transit,2020.0,0.7668944,687.14846,13.506845,1332.0,,False
MASCARA-4 b,MASCARA-4,Transit,2020.0,2.8240932,532.36258173,16.98160576,2250.0,170.696,False
LHS 1815 b,LHS 1815,Transit,2020.0,3.814334,1.58,1.088,,29.8424,False
TYC 8998-760-1 b,TYC 8998-760-1,Imaging,2020.0,,,,,94.6177,False
TOI-1130 b,TOI-1130,Transit,2020.0,4.074554,19.8,3.66,825.0,58.2609,False
TOI-1130 c,TOI-1130,Transit,2020.0,8.3501898,336.0,13.0,650.0,58.2609,False
HD 158259 b,HD 158259,Radial Velocity,2020.0,2.178,2.22,,,27.0498,False
OGLE-2017-BLG-1049L b,OGLE-2017-BLG-1049L,Microlensing,2020.0,,1760.0,,,5670.0,False
HD 60292 b,HD 60292,Radial Velocity,2020.0,495.4,2065.895,,,315.211,False
HD 112640 b,HD 112640,Radial Velocity,2020.0,613.2,1589.15,,,323.335,False
CFHTWIR-Oph 98 b,CFHTWIR-Oph 98 A,Imaging,2020.0,8040000.0,2479.0615746,20.8487041,1800.0,,False
EPIC 201170410.02,EPIC 201170410,Transit,2020.0,6.7987,,1.047,,,False
EPIC 201757695.02,EPIC 201757695,Transit,2020.0,2.0478,,0.90819,,,False
TOI-954 b,TOI-954,Transit,2020.0,3.6849729,55.30242,9.550068,1526.0,238.768,False
K2-329 b,K2-329,Transit,2020.0,12.4551225,82.6358,8.675766,650.0,233.237,False
TOI-481 b,TOI-481,Transit,2020.0,10.33111,486.2799,11.09691,1370.0,179.366,False
TOI-892 b,TOI-892,Transit,2020.0,10.62656,301.9385,11.99363,1397.0,340.543,False
TIC 237913194 b,TIC 237913194,Transit,2020.0,15.168865,617.22586,12.520453,974.0,306.063,False
HD 190007 b,HD 190007,Radial Velocity,2020.0,11.724128,15.5,,,12.7141,False
HD 216520 b,HD 216520,Radial Velocity,2020.0,35.45,10.26,,,19.552,False
HD 216520 c,HD 216520,Radial Velocity,2020.0,154.43,9.44,,,19.552,False
TOI-122 b,TOI-122,Transit,2020.0,5.07803,,2.72,471.0,62.118,False
TOI-237 b,TOI-237,Transit,2020.0,5.436098,,1.44,388.0,38.0749,False
WASP-186 b,WASP-186,Transit,2020.0,5.026799,1341.2426,12.44199,,278.514,False
WASP-187 b,WASP-187,Transit,2020.0,5.147878,254.264,18.38276,,371.414,False
K2-111 c,K2-111,Radial Velocity,2020.0,15.6748,11.1,,923.0,200.394,False
LP 714-47 b,LP 714-47,Transit,2020.0,4.052037,30.8,4.7,700.0,52.616,False
TOI-942 b,TOI-942,Transit,2020.0,4.32421,,3.89,,152.601,False
TOI-942 c,TOI-942,Transit,2020.0,10.156272,,4.67,,152.601,False
WASP-107 c,WASP-107,Radial Velocity,2020.0,1066.0,111.23994245,,,64.7414,False
HAT-P-68 b,HAT-P-68,Transit,2020.0,2.29840551,230.10892,12.016048,1027.8,202.152,False
TOI-776 b,TOI-776,Transit,2020.0,8.24662,5.0,1.798,520.0,27.1701,False
TOI-776 c,TOI-776,Transit,2020.0,15.665323,6.9,2.047,420.0,27.1701,False
TOI-561 b,TOI-561,Transit,2020.0,0.4465697,2.02,1.397,2319.0,85.799,False
TOI-561 c,TOI-561,Transit,2020.0,10.778838,5.93,2.865,802.0,85.799,False
TOI-561 d,TOI-561,Transit,2020.0,25.71268,13.33,2.615,600.0,85.799,False
TOI-561 e,TOI-561,Transit,2020.0,77.144,12.4,2.517,416.0,85.799,False
HD 108236 b,HD 108236,Transit,2020.0,3.795963,,1.615,,64.5978,False
HD 108236 c,HD 108236,Transit,2020.0,6.203449,,2.071,,64.5978,False
HD 108236 e,HD 108236,Transit,2020.0,19.590025,,3.083,,64.5978,False
TOI-564 b,TOI-564,Transit,2020.0,1.651144,464.98529,11.43318,1714.0,199.581,False
TOI-905 b,TOI-905,Transit,2020.0,3.739494,211.99261,13.125739,1192.0,158.649,False
TOI-451 b,TOI-451,Transit,2020.0,1.8587033,4.7,1.84,1474.0,123.739,False
TOI-451 c,TOI-451,Transit,2020.0,9.192463,3.7,2.93,865.0,123.739,False
TOI-451 d,TOI-451,Transit,2020.0,16.364962,10.2,3.93,714.0,123.739,False
GJ 251 b,GJ 251,Radial Velocity,2020.0,14.237,3.85,,336.0,5.58057,False
HD 238090 b,HD 238090,Radial Velocity,2020.0,13.671,6.89,,469.6,15.2354,False
HD 191939 b,HD 191939,Transit,2020.0,8.8803256,10.0,3.41,880.0,53.6089,False
HD 191939 c,HD 191939,Transit,2020.0,28.579743,8.0,3.195,600.0,53.6089,False
HD 191939 d,HD 191939,Transit,2020.0,38.353037,2.8,2.995,540.0,53.6089,False
TOI-700 b,TOI-700,Transit,2020.0,9.977219,,0.914,,31.1265,False
TOI-700 c,TOI-700,Transit,2020.0,16.051137,,2.6,,31.1265,False
TOI-700 d,TOI-700,Transit,2020.0,37.42396,,1.073,,31.1265,False
TYC 8998-760-1 c,TYC 8998-760-1,Imaging,2020.0,,1906.98,12.3299,1240.0,94.6177,False
BD-11 4672 c,BD-11 4672,Radial Velocity,2020.0,74.2,15.37,,,27.1665,False
HIP 67522 b,HIP 67522,Transit,2020.0,6.9594731,,9.9872018,1175.0,127.28,False
TOI-1899 b,TOI-1899,Transit,2020.0,29.090312,212.94503269,11.09689089,378.0,128.438,False
HIP 65 A b,HIP 65 A,Transit,2020.0,0.9809734,1021.18779,22.75427,1411.0,61.7856,False
TOI-157 b,TOI-157,Transit,2020.0,2.0845435,375.0394,14.414774,1588.0,355.683,False
TOI-169 b,TOI-169,Transit,2020.0,2.2554477,251.40353,12.172974,1715.0,407.84,False
K2-315 b,K2-315,Transit,2020.0,3.1443189,,0.95,460.0,56.9686,False
HATS-37 A b,HATS-37 A,Transit,2020.0,4.3315366,31.46517,6.792654,1085.0,211.896,False
HATS-38 b,HATS-38,Transit,2020.0,4.375021,23.51942,6.882326,1294.0,343.525,False
HD 86226 c,HD 86226,Transit,2020.0,3.98442,7.25,2.16,1311.0,45.683,False
GJ 2056 b,GJ 2056,Radial Velocity,2020.0,69.971,16.2,,,28.4434,False
GJ 480 b,GJ 480,Radial Velocity,2020.0,9.5536,8.8,,406.0,14.2358,False
GJ 687 c,GJ 687,Radial Velocity,2020.0,727.562,16.0,,,4.54939,False
GJ 9066 c,GJ 9066,Radial Velocity,2020.0,771.36,66.74396547,,,4.471,False
HIP 107772 b,HIP 107772,Radial Velocity,2020.0,55.199,12.9,,,23.6434,False
HIP 38594 b,HIP 38594,Radial Velocity,2020.0,60.722,8.1,,,17.7886,False
HIP 38594 c,HIP 38594,Radial Velocity,2020.0,3477.768,48.4,,,17.7886,False
Kepler-1649 c,Kepler-1649,Transit,2020.0,19.53527,,1.06,234.0,92.1913,True
Kepler-595 c,Kepler-595,Transit,2020.0,12.38602,3.3,1.009,,643.009,False
Kepler-1665 b,Kepler-1665,Transit,2020.0,11.9548,,2.83910787,,335.515,False
Kepler-1514 c,Kepler-1514,Transit,2020.0,10.514181,,1.1758241,1066.0,397.292,False
Kepler-1698 b,Kepler-1698,Transit,2020.0,1.2107,,1.07315686,,222.345,False
Kepler-1699 b,Kepler-1699,Transit,2020.0,3.49082,,1.56671124,,818.759,False
Kepler-1700 b,Kepler-1700,Transit,2020.0,234.239,,2.90129941,,717.597,False
KOI-1783.02,KOI-1783,Transit,2020.0,284.215,15.0,5.44,,865.73,False
Kepler-1697 b,Kepler-1697,Transit,2020.0,33.4969,,1.25954761,,247.771,False
Kepler-647 c,Kepler-647,Transit,2020.0,29.6663,,4.00135002,,1087.87,False
Kepler-1666 b,Kepler-1666,Transit,2020.0,25.8476,,2.88273782,,1379.37,False
Kepler-385 d,Kepler-385,Transit,2020.0,56.4159,,2.6186448,,1432.61,False
Kepler-1702 b,Kepler-1702,Transit,2020.0,18.5012,,1.60190793,,857.14,False
Kepler-1696 b,Kepler-1696,Transit,2020.0,65.9409,,2.80982017,,1506.36,False
Kepler-1695 b,Kepler-1695,Transit,2020.0,4.7329,,1.11948901,,791.175,False
Kepler-1701 b,Kepler-1701,Transit,2020.0,169.134,,2.22186207,,584.142,False
Kepler-1688 b,Kepler-1688,Transit,2020.0,5.62012,,1.26174569,,,False
Kepler-1689 b,Kepler-1689,Transit,2020.0,8.483,,0.94678642,,294.122,False
Kepler-1690 b,Kepler-1690,Transit,2020.0,234.636,,2.81109223,,703.789,False
Kepler-1691 b,Kepler-1691,Transit,2020.0,3.8482,,1.83470985,,1267.67,False
Kepler-462 c,Kepler-462,Transit,2020.0,207.62,6.0,4.0,,596.625,False
Kepler-1692 b,Kepler-1692,Transit,2020.0,5.95966,,1.11177184,,591.019,False
Kepler-1693 b,Kepler-1693,Transit,2020.0,12.0999,,1.28938413,,760.065,False
Kepler-1694 b,Kepler-1694,Transit,2020.0,3.89526,,1.17986031,,513.329,False
Kepler-716 c,Kepler-716,Transit,2020.0,3.96999,,1.39281536,,635.009,False
Kepler-1664 b,Kepler-1664,Transit,2020.0,14.3868,,3.03320653,,626.691,False
Kepler-305 e,Kepler-305,Transit,2020.0,3.20538,,1.7938153,,868.477,False
Kepler-1001 c,Kepler-1001,Transit,2020.0,9.18186,,1.57799279,,928.978,False
Kepler-1679 b,Kepler-1679,Transit,2020.0,9.75376,,2.0692036,,909.28,False
Kepler-1680 b,Kepler-1680,Transit,2020.0,8.77424,,1.35954736,,310.315,False
Kepler-1684 b,Kepler-1684,Transit,2020.0,47.7055,,2.87084792,,621.996,False
Kepler-1685 b,Kepler-1685,Transit,2020.0,20.4905,,2.57673985,,1141.89,False
Kepler-1686 b,Kepler-1686,Transit,2020.0,9.30987,,1.42553017,,729.823,False
Kepler-1687 b,Kepler-1687,Transit,2020.0,5.77954,,1.65623882,,417.014,False
Kepler-1674 b,Kepler-1674,Transit,2020.0,62.5611,,3.2057749,,1012.48,False
KOI-1783.01,KOI-1783,Transit,2020.0,134.4628,71.0,8.86,,865.73,False
Kepler-1677 b,Kepler-1677,Transit,2020.0,22.064,,2.70216183,,735.369,False
Kepler-1673 b,Kepler-1673,Transit,2020.0,33.7888,,2.9355194,,727.187,False
Kepler-1681 b,Kepler-1681,Transit,2020.0,69.8956,,2.55321772,,758.3,False
Kepler-1682 b,Kepler-1682,Transit,2020.0,14.8334,,2.88940836,,1159.85,False
Kepler-1683 b,Kepler-1683,Transit,2020.0,15.0337,,1.87477762,,733.143,False
Kepler-1678 b,Kepler-1678,Transit,2020.0,147.974,,3.30422249,,847.339,False
Kepler-1085 c,Kepler-1085,Transit,2020.0,56.7771,,3.26817741,,1364.53,False
Kepler-1676 b,Kepler-1676,Transit,2020.0,29.9221,,3.3769596,,,False
Kepler-1672 b,Kepler-1672,Transit,2020.0,150.878,,2.97022762,,391.181,False
Kepler-1675 b,Kepler-1675,Transit,2020.0,63.0382,,3.12483349,,651.117,False
Kepler-1671 b,Kepler-1671,Transit,2020.0,4.16787,,1.32557381,,357.059,False
Kepler-1670 b,Kepler-1670,Transit,2020.0,20.4998,,3.3564801,,2065.98,False
OGLE-2006-BLG-284L A b,OGLE-2006-BLG-284L A,Microlensing,2020.0,,144.0,,,4000.0,False
HD 113337 c,HD 113337,Radial Velocity,2020.0,5429.93477,6299.67685515,,,36.18,False
Kepler-1666 c,Kepler-1666,Transit,2020.0,40.7157,,3.23564749,,1379.37,False
Kepler-1669 b,Kepler-1669,Transit,2020.0,9.51216,,2.78043818,,543.444,False
Kepler-1663 b,Kepler-1663,Transit,2020.0,17.6046,,3.30395896,,337.926,False
Kepler-598 c,Kepler-598,Transit,2020.0,86.4945,,3.02420941,,681.086,False
Kepler-1668 b,Kepler-1668,Transit,2020.0,15.434,,4.34764405,,1335.64,False
WASP-108 b,WASP-108,Transit,2020.0,,,15.13212395,1589.0,258.777,False
Kepler-1667 b,Kepler-1667,Transit,2020.0,83.5781,,2.98385261,,626.819,False
GJ 3512 c,GJ 3512,Radial Velocity,2020.0,2354.0,143.97626837,,,9.48637,False
OGLE-2018-BLG-0532L b,OGLE-2018-BLG-0532L,Microlensing,2020.0,,6.228,,,773.0,False
WASP-189 b,WASP-189,Transit,2020.0,2.724033,632.47852993,18.14733975,3353.0,99.731,False
HD 25723 b,HD 25723,Radial Velocity,2020.0,457.01,794.5710175,,,114.816,False
17 Sco b,17 Sco,Radial Velocity,2020.0,578.38,1373.01871824,,,124.953,False
GJ 9689 b,GJ 9689,Radial Velocity,2020.0,18.27,9.65,,453.04,30.6203,False
CD Cet b,CD Cet,Radial Velocity,2020.0,2.2907,3.95,,464.0,8.60715,False
HD 51608 b,HD 51608,Radial Velocity,2019.0,14.0726,12.77,,,35.0553,False
HD 51608 c,HD 51608,Radial Velocity,2019.0,95.9446,14.31,,,35.0553,False
G 9-40 b,G 9-40,Transit,2019.0,5.7459982,4.0,1.9,440.6,27.9276,False
HD 134060 b,HD 134060,Radial Velocity,2019.0,3.2696,10.1,,,24.0125,False
HD 45184 c,HD 45184,Radial Velocity,2019.0,13.1354,8.81,,,21.9532,False
HATS-70 b,HATS-70,Transit,2019.0,1.8882378,4100.007,15.513256,2730.0,1458.83,False
GJ 143 b,GJ 143,Transit,2019.0,35.61253,22.7,2.61,422.0,16.32,False
HD 23472 b,HD 23472,Transit,2019.0,17.667087,8.32,2.0,543.0,39.0341,False
HD 23472 c,HD 23472,Transit,2019.0,29.79749,3.41,1.87,467.0,39.0341,False
KMT-2016-BLG-1107L b,KMT-2016-BLG-1107L,Microlensing,2019.0,,1043.0,,,6651.0,False
GJ 411 b,GJ 411,Radial Velocity,2019.0,12.9394,2.69,,,5.675773,False
WASP-190 b,WASP-190,Transit,2019.0,5.367753,317.83,12.89035,1500.0,542.251,False
Gl 378 b,Gl 378,Radial Velocity,2019.0,3.822,13.02,,830.0,14.9545,False
KMT-2017-BLG-1038L b,KMT-2017-BLG-1038L,Microlensing,2019.0,,640.0,,,6000.0,False
KMT-2017-BLG-1146L b,KMT-2017-BLG-1146L,Microlensing,2019.0,,230.0,,,6500.0,False
Qatar-7 b,Qatar-7,Transit,2019.0,2.032046,597.5204,19.0553,2053.0,705.981,False
TOI-172 b,TOI-172,Transit,2019.0,9.47725,1722.6386,10.816685,1198.0,342.831,False
K2-293 b,K2-293,Transit,2019.0,13.1225,,2.45,750.0,392.251,False
K2-294 b,K2-294,Transit,2019.0,2.50387,,1.66,1425.0,373.078,False
GJ 685 b,GJ 685,Radial Velocity,2019.0,24.16,9.0,,,14.3155,False
HD 181234 b,HD 181234,Radial Velocity,2019.0,7593.40512,2980.91262925,,,47.7458,False
HD 25015 b,HD 25015,Radial Velocity,2019.0,6134.427,2884.92845034,,,37.433,False
HD 50499 c,HD 50499,Radial Velocity,2019.0,8619.9,931.2419,,,46.2845,False
HD 92788 c,HD 92788,Radial Velocity,2019.0,11611.2975,1166.4361,,,34.6538,False
HD 221416 b,HD 221416,Transit,2019.0,14.2767,60.5,9.17,,95.5483,False
WASP-177 b,WASP-177,Transit,2019.0,3.071722,161.45764,17.71022,1142.0,176.818,False
WASP-181 b,WASP-181,Transit,2019.0,4.5195064,95.03117,13.271456,1186.0,437.495,False
WASP-183 b,WASP-183,Transit,2019.0,4.1117771,159.55066,16.47723,1111.0,325.377,False
Kepler-47 d,Kepler-47,Transit,2019.0,187.366,19.02,7.04,,1025.02,False
HD 21749 c,GJ 143,Transit,2019.0,7.78993,3.7,0.892,701.0,16.32,False
Qatar-8 b,Qatar-8,Transit,2019.0,3.71495,117.91493,14.403565,1457.0,281.498,False
Qatar-9 b,Qatar-9,Transit,2019.0,1.540731,378.2177,11.309881,1134.0,213.771,False
Qatar-10 b,Qatar-10,Transit,2019.0,1.645321,233.92288,17.295487,1955.0,559.068,False
TOI-216.02,TOI-216,Transit,2019.0,17.16073,18.75187601,8.0,,177.945,False
TOI-216.01,TOI-216,Transit,2019.0,34.525528,177.98390792,10.1,,177.945,False
HD 221420 b,HD 221420,Radial Velocity,2019.0,10090.0,7278.2705203,,,31.1415,False
NGTS-5 b,NGTS-5,Transit,2019.0,3.3569866,72.78307,12.733424,952.0,306.779,False
HD 210193 b,HD 210193,Radial Velocity,2019.0,649.918,153.1,,,42.2029,False
HD 211970 b,HD 211970,Radial Velocity,2019.0,25.201,13.0,,,13.1277,False
HD 39855 b,HD 39855,Radial Velocity,2019.0,3.2498,8.5,,,23.2599,False
HIP 35173 b,HIP 35173,Radial Velocity,2019.0,41.516,12.7,,,33.1562,False
HD 102843 b,HD 102843,Radial Velocity,2019.0,3090.942,113.9,,,62.758,False
HD 103949 b,HD 103949,Radial Velocity,2019.0,120.878,11.2,,,26.4997,False
HD 206255 b,HD 206255,Radial Velocity,2019.0,96.045,34.2,,,75.2363,False
HD 21411 b,HD 21411,Radial Velocity,2019.0,84.288,65.9,,,29.1328,False
HD 64114 b,HD 64114,Radial Velocity,2019.0,45.791,17.8,,,31.5262,False
HD 8326 b,HD 8326,Radial Velocity,2019.0,158.991,66.6,,,30.6862,False
HIP 54373 b,HIP 54373,Radial Velocity,2019.0,7.76,8.62,,,18.7168,False
HIP 54373 c,HIP 54373,Radial Velocity,2019.0,15.144,12.44,,,18.7168,False
HD 24085 b,HD 24085,Radial Velocity,2019.0,2.0455,11.8,,,54.9004,False
HIP 71135 b,HIP 71135,Radial Velocity,2019.0,87.19,18.8,,,32.3311,False
HD 15337 b,HD 15337,Transit,2019.0,4.7559804,6.519,1.77,,44.8155,False
HD 15337 c,HD 15337,Transit,2019.0,17.180546,6.792,2.526,,44.8155,False
HD 202696 b,HD 202696,Radial Velocity,2019.0,517.8,634.38868,,,188.546,False
HD 134060 c,HD 134060,Radial Velocity,2019.0,1291.5646,29.29,,,24.0125,False
HD 136352 b,HD 136352,Radial Velocity,2019.0,11.57797,4.72,1.664,905.0,14.682,False
HD 136352 c,HD 136352,Radial Velocity,2019.0,27.59221,11.24,2.916,677.0,14.682,False
HD 136352 d,HD 136352,Radial Velocity,2019.0,107.245,8.82,2.562,431.0,14.682,False
HD 20003 b,HD 20003,Radial Velocity,2019.0,11.8482,11.66,,,41.8316,False
HD 20003 c,HD 20003,Radial Velocity,2019.0,33.9239,14.44,,,41.8316,False
HD 20781 b,HD 20781,Radial Velocity,2019.0,5.3135,1.93,,,35.9715,False
HD 20781 c,HD 20781,Radial Velocity,2019.0,13.8905,5.33,,,35.9715,False
HD 21693 b,HD 21693,Radial Velocity,2019.0,22.6786,8.23,,,33.255,False
HD 21693 c,HD 21693,Radial Velocity,2019.0,53.7357,17.37,,,33.255,False
HD 31527 b,HD 31527,Radial Velocity,2019.0,16.5535,10.47,,,38.4473,False
HD 31527 c,HD 31527,Radial Velocity,2019.0,51.2053,14.16,,,38.4473,False
HD 31527 d,HD 31527,Radial Velocity,2019.0,271.6737,11.82,,,38.4473,False
HD 45184 b,HD 45184,Radial Velocity,2019.0,5.8854,12.19,,,21.9532,False
EPIC 201615463 c,K2-166,Transit,2019.0,3.80464,,1.22,,476.882,False
EPIC 201754305 d,K2-16,Transit,2019.0,2.71578,,1.03,,334.967,False
EPIC 201833600 c,K2-50,Transit,2019.0,3.96151,,1.0,,257.443,False
EPIC 201841433 b,EPIC 201841433,Transit,2019.0,4.1698,,1.04,,436.488,False
EPIC 205950854 c,K2-168,Transit,2019.0,8.050722,,1.31,960.6,243.935,False
EPIC 206024342 b,EPIC 206024342,Transit,2019.0,4.50756,,1.7,,369.888,False
EPIC 206032309 b,EPIC 206032309,Transit,2019.0,2.87814,,1.01,,161.365,False
EPIC 206042996 b,EPIC 206042996,Transit,2019.0,5.2986,,1.7,,451.769,False
EPIC 206215704 b,EPIC 206215704,Transit,2019.0,2.255436,,1.0,,109.888,False
EPIC 206317286 b,EPIC 206317286,Transit,2019.0,1.58252,,0.96,,314.35,False
EPIC 212297394 b,EPIC 212297394,Transit,2019.0,2.289363,,1.48,1149.0,418.395,False
EPIC 212424622 b,EPIC 212424622,Transit,2019.0,18.0983,,2.17,,611.804,False
EPIC 212499991 b,EPIC 212499991,Transit,2019.0,34.885,,1.6,,283.29,False
EPIC 212587672 b,EPIC 212587672,Transit,2019.0,15.28078,,1.26,756.0,320.07,False
EPIC 220554210 c,K2-282,Transit,2019.0,0.70531,,1.6,,496.289,False
L 98-59 b,L 98-59,Transit,2019.0,2.253114,0.46,0.837,620.0,10.6194,False
L 98-59 c,L 98-59,Transit,2019.0,3.6906764,2.0,1.329,526.0,10.6194,False
L 98-59 d,L 98-59,Transit,2019.0,7.450729,1.64,1.627,416.0,10.6194,False
PDS 70 c,PDS 70,Imaging,2019.0,,2383.7130525,22.19378179,1054.0,113.064,False
K2-308 b,K2-308,Transit,2019.0,3.38628,,9.916,,1314.53,False
Kepler-65 e,Kepler-65,Radial Velocity,2019.0,258.8,260.0,,,303.728,False
HD 2685 b,HD 2685,Transit,2019.0,4.12688,371.8611,16.14096,2061.0,196.852,False
Gl 49 b,Gl 49,Radial Velocity,2019.0,13.8508,5.63,,,9.8528,False
TOI-150.01,TOI-150,Transit,2019.0,5.857487,797.7533,14.067295,1404.5,336.267,False
KELT-23 A b,KELT-23 A,Transit,2019.0,2.255251,298.12454,14.829507,1561.0,126.261,False
LSPM J2116+0234 b,LSPM J2116+0234,Radial Velocity,2019.0,14.4399,13.3,,,17.6297,False
NSVS 14256825 b,NSVS 14256825,Eclipse Timing Variations,2019.0,3225.0,4497.2945,,,820.877,False
V1298 Tau b,V1298 Tau,Transit,2019.0,24.140006,13.1,9.41,666.0,108.199,False
Teegarden's Star b,Teegarden's Star,Radial Velocity,2019.0,4.90634,1.16,,277.0,3.83078,True
Teegarden's Star c,Teegarden's Star,Radial Velocity,2019.0,11.416,1.05,,209.0,3.83078,True
HIP 79098 AB b,HIP 79098 AB,Imaging,2019.0,,6515.515,,2450.0,145.798,False
DS Tuc A b,DS Tuc A,Transit,2019.0,8.138268,,5.7,850.0,44.0622,False
OGLE-2018-BLG-0596L b,OGLE-2018-BLG-0596L,Microlensing,2019.0,,13.93,,,5650.0,False
OGLE-2015-BLG-1670L b,OGLE-2015-BLG-1670L,Microlensing,2019.0,,17.9,,,6700.0,False
EPIC 212737443 c,EPIC 212737443,Transit,2019.0,65.55,,2.69,316.0,336.25,False
WASP-166 b,WASP-166,Transit,2019.0,5.44354,32.10083,7.06167,1270.0,114.173,False
Kepler-82 f,Kepler-82,Transit Timing Variations,2019.0,75.732,20.9,,,904.326,False
HR 858 b,HR 858,Transit,2019.0,3.585287,3.55,2.004,1552.0,31.964,False
HR 858 c,HR 858,Transit,2019.0,5.973865,3.8,1.979,1309.0,31.964,False
HR 858 d,HR 858,Transit,2019.0,11.230511,7.1,2.001,1061.0,31.964,False
TOI-270 b,TOI-270,Transit,2019.0,3.35992,1.48,1.28,600.0,22.4793,False
TOI-270 c,TOI-270,Transit,2019.0,5.66051,6.2,2.33,489.0,22.4793,False
TOI-270 d,TOI-270,Transit,2019.0,11.38194,4.2,2.0,383.0,22.4793,False
GJ 357 b,GJ 357,Transit,2019.0,3.9306,,1.2,518.0,9.44181,False
GJ 357 c,GJ 357,Radial Velocity,2019.0,9.1247,3.4,,401.2,9.44181,False
GJ 357 d,GJ 357,Radial Velocity,2019.0,55.661,6.1,,219.6,9.44181,True
K2-43 c,K2-43,Transit,2019.0,2.198884,,2.42,1093.7,182.536,False
LTT 1445 A b,LTT 1445 A,Transit,2019.0,5.3587635,2.73,1.34,431.0,6.86929,False
K2-146 c,K2-146,Transit,2019.0,4.00498,7.49,2.19,,79.3002,False
HAT-P-69 b,HAT-P-69,Transit,2019.0,4.7869491,1137.8314,18.786284,1930.0,341.263,False
HAT-P-70 b,HAT-P-70,Transit,2019.0,2.74432452,2154.8874,20.96083,2562.0,330.739,False
HATS-54 b,HATS-54,Transit,2019.0,2.5441765,239.32479047,11.37711541,1429.0,748.585,False
HATS-55 b,HATS-55,Transit,2019.0,4.2042001,292.72143,14.022459,1367.0,609.838,False
HATS-56 b,HATS-56,Transit,2019.0,4.324799,191.33366,18.920792,1902.0,564.409,False
HD 202696 c,HD 202696,Radial Velocity,2019.0,946.6,592.43512,,,188.546,False
K2-290 b,K2-290,Transit,2019.0,9.21165,10.9,3.06,1230.0,272.909,False
K2-290 c,K2-290,Transit,2019.0,48.36685,246.00042,11.276254,676.0,272.909,False
K2-291 b,K2-291,Transit,2019.0,2.225177,6.49,1.589,,90.0562,False
GJ 4276 b,GJ 4276,Radial Velocity,2019.0,13.352,16.57,,,21.3362,False
LHS 3844 b,LHS 3844,Transit,2019.0,0.462929709,2.37,1.286,816.0,14.8846,False
HD 202772 A b,HD 202772 A,Transit,2019.0,3.3088775,323.54931833,18.2370116,2181.0,161.498,False
K2-292 b,K2-292,Transit,2019.0,16.9841,24.5,2.63,795.0,114.293,False
HD 20781 d,HD 20781,Radial Velocity,2019.0,29.158,10.61,,,35.9715,False
HD 20781 e,HD 20781,Radial Velocity,2019.0,85.5073,14.03,,,35.9715,False
EPIC 212737443 b,EPIC 212737443,Transit,2019.0,13.603,,2.586,536.0,336.25,False
K2-198 c,K2-198,Transit,2019.0,3.3596055,,1.423,1229.9,110.567,False
K2-198 d,K2-198,Transit,2019.0,7.4500177,,2.438,943.2,110.567,False
K2-289 b,K2-289,Transit,2019.0,13.156969,,9.1,753.0,274.3,False
KOI-1599.02,KOI-1599,Transit,2019.0,13.6088,9.0,1.9,,1131.64,False
KOI-1599.01,KOI-1599,Transit,2019.0,20.4415,4.6,1.9,,1131.64,False
OGLE-2013-BLG-0911L b,OGLE-2013-BLG-0911L,Microlensing,2019.0,,3020.0,,,3220.0,False
KMT-2016-BLG-1836L b,KMT-2016-BLG-1836L,Microlensing,2019.0,,700.0,,,7100.0,False
HATS-57 b,HATS-57,Transit,2019.0,2.350621,1000.21101,12.767051,1413.4,279.485,False
HATS-58 A b,HATS-58 A,Transit,2019.0,4.2180896,327.3649,12.273855,1721.0,403.591,False
bet Pic c,bet Pic,Radial Velocity,2019.0,1192.77951,3222.46221857,,,19.7442,False
HR 5183 b,HR 5183,Radial Velocity,2019.0,27000.0,1026.5909,,171.0,31.4607,False
OGLE-2018-BLG-0740L b,OGLE-2018-BLG-0740L,Microlensing,2019.0,5480.0,1500.0,,,3200.0,False
WASP-169 b,WASP-169,Transit,2019.0,5.6114118,178.30263,14.616536,1604.0,627.066,False
WASP-171 b,WASP-171,Transit,2019.0,3.8186244,344.52772,10.98482,1642.0,757.84,False
WASP-175 b,WASP-175,Transit,2019.0,3.0652907,314.6517,13.540472,1571.0,539.36,False
WASP-182 b,WASP-182,Transit,2019.0,3.3769848,47.03884,9.52765,1479.0,327.602,False
OGLE-2018-BLG-1011L b,OGLE-2018-BLG-1011L,Microlensing,2019.0,,570.0,,,7100.0,False
OGLE-2018-BLG-1011L c,OGLE-2018-BLG-1011L,Microlensing,2019.0,,890.0,,,7100.0,False
OGLE-2016-BLG-1067L b,OGLE-2016-BLG-1067L,Microlensing,2019.0,,140.0,,,3730.0,False
KELT-24 b,KELT-24,Transit,2019.0,5.55149296,1458.83238813,12.71098411,1391.0,96.5173,False
NGTS-6 b,NGTS-6,Transit,2019.0,0.882059,425.57437,14.863134,1283.9,308.262,False
WASP-180 A b,WASP-180 A,Transit,2019.0,3.409264,286.047,13.89916,1540.0,253.985,False
WASP-178 b,WASP-178,Transit,2019.0,3.3448285,527.5978,20.28829,2470.0,427.678,False
WASP-184 b,WASP-184,Transit,2019.0,5.1817,181.1631,14.90797,1480.0,663.231,False
WASP-185 b,WASP-185,Transit,2019.0,9.38755,311.4734,14.01125,1160.0,279.35,False
WASP-192 b,WASP-192,Transit,2019.0,2.8786765,731.009,13.78707,1620.0,508.885,False
GJ 3512 b,GJ 3512,Radial Velocity,2019.0,203.109,146.51889563,,,9.48637,False
OGLE-2015-BLG-1649L b,OGLE-2015-BLG-1649L,Microlensing,2019.0,,807.0,,,4230.0,False
V1298 Tau c,V1298 Tau,Transit,2019.0,8.249164,4.7,5.08,953.0,108.199,False
V1298 Tau d,V1298 Tau,Transit,2019.0,12.401394,6.0,6.53,831.0,108.199,False
V1298 Tau e,V1298 Tau,Transit,2019.0,48.677714,15.3,10.17,527.0,108.199,False
HD 97048 b,HD 97048,Disk Kinematics,2019.0,,794.575,,,183.857,False
7 CMa c,7 CMa,Radial Velocity,2019.0,996.0,276.5121,,,19.8101,False
NY Vir c,NY Vir,Eclipse Timing Variations,2019.0,8799.0,1760.7782,,,544.024,False
eps Ind A b,eps Ind A,Radial Velocity,2019.0,,2005.49724817,,275.0,3.63857,True
LP 791-18 b,LP 791-18,Transit,2019.0,0.9479981,,1.212,564.3,26.4927,False
LP 791-18 c,LP 791-18,Transit,2019.0,4.98991,7.16,2.488,,26.4927,False
TOI-163 b,TOI-163,Transit,2019.0,4.231306,387.7526,16.690201,1669.0,411.719,False
TOI-125 b,TOI-125,Transit,2019.0,4.65382,9.5,2.726,1037.0,111.059,False
TOI-125 c,TOI-125,Transit,2019.0,9.15059,6.63,2.759,827.8,111.059,False
KMT-2018-BLG-1990L b,KMT-2018-BLG-1990L,Microlensing,2019.0,,111.0,,,967.0,False
MOA-bin-29 b,MOA-bin-29,Microlensing,2019.0,,190.0,,,7120.0,False
HD 125390 b,HD 125390,Radial Velocity,2019.0,1757.39151,8646.20398403,,,153.647,False
NGTS-8 b,NGTS-8,Transit,2019.0,2.4997,295.5819,12.21781,1345.0,428.976,False
NGTS-9 b,NGTS-9,Transit,2019.0,4.43527,921.707,11.99363,1448.0,609.128,False
HD 213885 b,HD 213885,Transit,2019.0,1.008035,8.83,1.745,2128.0,48.0883,False
HD 213885 c,HD 213885,Radial Velocity,2019.0,4.78503,19.95,,1265.4,48.0883,False
WASP-18 c,WASP-18,Transit Timing Variations,2019.0,2.1558,55.2,,,123.483,False
WASP-126 c,WASP-126,Transit Timing Variations,2019.0,7.63,64.2,,,216.526,False
XO-7 b,XO-7,Transit,2019.0,2.8641424,225.34147,15.389957,1743.0,234.149,False
USco1621 b,USco1621 A,Imaging,2019.0,,5085.28,,2270.0,137.901,False
USco1556 b,USco1556 A,Imaging,2019.0,,4767.45,,2240.0,140.635,False
DMPP-1 b,DMPP-1,Radial Velocity,2019.0,17.812,16.8,,,62.5388,False
DMPP-1 c,DMPP-1,Radial Velocity,2019.0,10.03,10.94,,,62.5388,False
DMPP-1 d,DMPP-1,Radial Velocity,2019.0,3.1417,4.72,,,62.5388,False
DMPP-1 e,DMPP-1,Radial Velocity,2019.0,5.516,4.13,,1314.0,62.5388,False
DMPP-2 b,DMPP-2,Radial Velocity,2019.0,5.203,171.48,,,137.94,False
DMPP-3 A b,DMPP-3 A,Radial Velocity,2019.0,5.59,2.67,,,46.8917,False
NGTS-4 b,NGTS-4,Transit,2019.0,1.3373508,20.6,3.18,1650.0,280.555,False
K2-133 e,K2-133,Transit,2019.0,26.5841,,1.73,296.0,75.1703,True
K2-32 e,K2-32,Transit,2019.0,4.34934,2.1,1.212,1066.0,157.682,False
EPIC 201238110 b,EPIC 201238110,Transit,2019.0,28.1656,,1.87,,159.259,False
EPIC 201497682 b,EPIC 201497682,Transit,2019.0,2.13174,,0.692,,253.026,False
K2-259 b,K2-259,Transit,2018.0,15.48043,,2.32,795.0,416.457,False
K2-80 d,K2-80,Transit,2018.0,28.867253,,2.55211506,,200.802,False
HD 126525 b,HD 126525,Radial Velocity,2018.0,960.41,75.32571,,,37.6506,False
K2-183 d,K2-183,Transit,2018.0,22.620344,,2.3,,329.041,False
K2-187 e,K2-187,Transit,2018.0,13.606629,,1.9,,330.916,False
K2-187 c,K2-187,Transit,2018.0,2.871512,,1.4,,330.916,False
K2-270 b,K2-270,Transit,2018.0,1.543069,,1.38,1203.0,280.518,False
K2-280 b,K2-280,Transit,2018.0,19.89526,37.1,7.5,787.0,391.537,False
HATS-36 b,HATS-36,Transit,2018.0,4.175186,,12.92,1203.0,856.436,False
K2-222 b,K2-222,Transit,2018.0,15.3889274,7.5,2.275,803.0,101.321,False
K2-214 b,K2-214,Transit,2018.0,8.59656,,2.51,1001.0,300.64,False
K2-220 b,K2-220,Transit,2018.0,13.68186,,2.37,761.0,233.514,False
K2-216 b,K2-216,Transit,2018.0,2.1748,8.0,1.75,1103.0,115.461,False
K2-212 b,K2-212,Transit,2018.0,9.795647,,2.65,,109.218,False
K2-151 b,K2-151,Transit,2018.0,3.835476,,1.49,566.0,69.4798,False
K2-295 b,K2-295,Transit,2018.0,4.024867,106.47305,10.054473,852.0,232.801,False
K2-282 b,K2-282,Transit,2018.0,4.169783,,2.5,,496.289,False
K2-283 b,K2-283,Transit,2018.0,1.921036,,3.52,1186.0,402.915,False
K2-281 b,K2-281,Transit,2018.0,8.687721,,8.18,665.0,458.139,False
K2-156 b,K2-156,Transit,2018.0,0.813143,,1.1,,150.21,False
K2-157 b,K2-157,Transit,2018.0,0.3652575,1.14,0.935,2432.0,298.373,False
K2-158 b,K2-158,Transit,2018.0,10.06049,,2.64,794.0,197.299,False
K2-244 b,K2-244,Transit,2018.0,21.06884,,1.75,638.0,212.902,False
K2-159 b,K2-159,Transit,2018.0,12.42205,,2.26,684.0,170.998,False
K2-160 b,K2-160,Transit,2018.0,3.705871,,3.17824034,,315.363,False
K2-161 b,K2-161,Transit,2018.0,9.283188,,6.11721229,,916.319,False
K2-162 b,K2-162,Transit,2018.0,9.45889,,1.44,631.0,124.433,False
K2-163 b,K2-163,Transit,2018.0,6.673117,,2.46610713,,208.529,False
K2-165 b,K2-165,Transit,2018.0,2.354992,,1.27443657,,134.591,False
K2-165 c,K2-165,Transit,2018.0,4.382745,,1.55409035,,134.591,False
K2-165 d,K2-165,Transit,2018.0,14.101361,,2.64809498,,134.591,False
K2-166 b,K2-166,Transit,2018.0,8.52695,,2.19,1140.0,476.882,False
K2-175 b,K2-175,Transit,2018.0,9.525988,,2.03803688,,247.266,False
K2-176 b,K2-176,Transit,2018.0,5.329439,,1.49090097,,247.302,False
K2-177 b,K2-177,Transit,2018.0,14.155185,,2.1162048,,492.167,False
K2-178 b,K2-178,Transit,2018.0,8.747818,,3.55790985,,214.753,False
K2-183 b,K2-183,Transit,2018.0,0.469285,,1.1,,329.041,False
K2-185 b,K2-185,Transit,2018.0,10.616384,,1.15,809.0,268.357,False
K2-185 c,K2-185,Transit,2018.0,52.713494,,2.39,477.0,268.357,False
K2-263 b,K2-263,Transit,2018.0,50.819172,15.4,2.513,482.0,162.481,False
K2-186 b,K2-186,Transit,2018.0,41.474219,,3.17207779,,330.739,False
K2-187 b,K2-187,Transit,2018.0,0.77401,,1.2,,330.916,False
K2-188 b,K2-188,Transit,2018.0,1.742169,,1.35,1692.0,446.821,False
K2-189 b,K2-189,Transit,2018.0,2.58812,,1.403,1203.0,242.113,False
K2-190 c,K2-190,Transit,2018.0,21.574023,,1.09308317,,160.679,False
K2-195 c,K2-195,Transit,2018.0,28.482786,,2.57581891,,315.014,False
K2-196 b,K2-196,Transit,2018.0,48.324222,,3.59970536,,584.877,False
K2-201 b,K2-201,Transit,2018.0,1.05979,,1.40006712,,197.932,False
K2-201 c,K2-201,Transit,2018.0,22.779878,,3.28568401,,197.932,False
K2-202 b,K2-202,Transit,2018.0,3.405164,,2.30165603,,300.397,False
K2-203 b,K2-203,Transit,2018.0,9.6952,,1.26549392,738.4,166.147,False
K2-204 b,K2-204,Transit,2018.0,7.055908,,3.17214154,1148.0,577.235,False
K2-205 b,K2-205,Transit,2018.0,26.672263,,1.99552771,,405.301,False
K2-206 b,K2-206,Transit,2018.0,18.294549,,2.79522879,,244.443,False
K2-207 b,K2-207,Transit,2018.0,12.48749,,2.60585269,,363.064,False
K2-208 b,K2-208,Transit,2018.0,4.19097,,1.67462172,1122.0,256.887,False
K2-209 b,K2-209,Transit,2018.0,2.080615,,0.86850263,,76.4986,False
K2-210 b,K2-210,Transit,2018.0,0.57023,,0.86,,176.51,False
K2-211 b,K2-211,Transit,2018.0,0.669561,,1.33162691,1873.0,272.297,False
K2-266 d,K2-266,Transit,2018.0,14.697,8.9,2.93,538.3,77.5586,False
K2-266 e,K2-266,Transit,2018.0,19.482,14.3,2.73,490.1,77.5586,False
K2-268 b,K2-268,Transit,2018.0,2.151676,,1.5,1136.0,327.783,False
K2-141 b,K2-141,Transit,2018.0,0.2803244,4.97,1.51,2103.0,61.8736,False
K2-141 c,K2-141,Transit,2018.0,7.7485,8.0,7.0,695.0,61.8736,False
HD 238914 b,HD 238914,Radial Velocity,2018.0,4100.0,1906.98,,,519.452,False
TYC 3318-01333-1 b,TYC 3318-01333-1,Radial Velocity,2018.0,562.0,1086.9786,,,490.61,False
BD+48 740 b,BD+48 740,Radial Velocity,2018.0,733.0,540.311,,,666.589,False
K2-147 b,K2-147,Transit,2018.0,0.961939,,1.47286006,1077.0,90.5494,False
K2-148 b,K2-148,Transit,2018.0,4.38395,,1.33,,124.458,False
K2-148 c,K2-148,Transit,2018.0,6.9226,,1.73,,124.458,False
K2-148 d,K2-148,Transit,2018.0,9.7579,,1.64,,124.458,False
K2-149 b,K2-149,Transit,2018.0,11.332,,1.64,,123.676,False
K2-150 b,K2-150,Transit,2018.0,10.59357,,2.0,,102.483,False
K2-152 b,K2-152,Transit,2018.0,32.6479,,2.29,337.0,108.449,False
K2-153 b,K2-153,Transit,2018.0,7.51574,,2.0,497.0,143.125,False
K2-154 b,K2-154,Transit,2018.0,3.67626,,1.99,715.0,129.356,False
K2-154 c,K2-154,Transit,2018.0,7.95486,,2.07,552.0,129.356,False
K2-155 b,K2-155,Transit,2018.0,6.342,,1.8,708.0,72.7998,False
K2-155 c,K2-155,Transit,2018.0,13.85,,2.6,583.0,72.7998,False
K2-155 d,K2-155,Transit,2018.0,40.718,,1.9,381.0,72.7998,False
KELT-21 b,KELT-21,Transit,2018.0,3.6127647,1242.7153,17.777474,2051.0,470.878,False
HD 215152 d,HD 215152,Radial Velocity,2018.0,10.86499,2.801,,,21.5974,False
HD 215152 e,HD 215152,Radial Velocity,2018.0,25.1967,2.877,,,21.5974,False
TCP J05074264+2447555 b,TCP J05074264+2447555,Microlensing,2018.0,,20.0,,,505.0,False
Kepler-1654 b,Kepler-1654,Transit,2018.0,1047.8356,158.915,9.180171,206.0,568.117,True
UKIRT-2017-BLG-001L b,UKIRT-2017-BLG-001L,Microlensing,2018.0,,407.0,,,6300.0,False
OGLE-2017-BLG-0173L b,OGLE-2017-BLG-0173L,Microlensing,2018.0,,3.269,,,4705.0,False
MOA-2010-BLG-117L b,MOA-2010-BLG-117L,Microlensing,2018.0,,170.0,,,3500.0,False
K2-232 b,K2-232,Transit,2018.0,11.168454,126.49634,11.209,1030.0,130.72,False
K2-231 b,K2-231,Transit,2018.0,13.841901,,2.5,,321.215,False
HATS-39 b,HATS-39,Transit,2018.0,4.5776348,200.2329,17.59813,1645.0,878.521,False
HATS-40 b,HATS-40,Transit,2018.0,3.2642736,505.3497,17.71022,2101.0,1342.29,False
HATS-41 b,HATS-41,Transit,2018.0,4.193649,3082.951,14.90797,1710.0,737.668,False
HATS-42 b,HATS-42,Transit,2018.0,2.292102,597.5204,15.6926,1856.0,800.377,False
OGLE-2017-BLG-1522L b,OGLE-2017-BLG-1522L,Microlensing,2018.0,,240.0,,,7490.0,False
HD 158996 b,HD 158996,Radial Velocity,2018.0,820.2,4449.62,,,283.659,False
KPS-1 b,KPS-1,Transit,2018.0,1.706291,346.4347,11.54527,1459.0,262.706,False
K2-233 b,K2-233,Transit,2018.0,2.467583,2.4,1.315,1127.0,67.5062,False
K2-233 c,K2-233,Transit,2018.0,7.06024,4.6,1.272,794.0,67.5062,False
K2-233 d,K2-233,Transit,2018.0,24.3681,10.3,2.363,525.0,67.5062,False
OGLE-2017-BLG-0373L b,OGLE-2017-BLG-0373L,Microlensing,2018.0,,127.0,,,5915.0,False
CoRoT-32 b,CoRoT-32,Transit,2018.0,6.71837,47.6745,6.38913,938.0,576.683,False
HD 215152 b,HD 215152,Radial Velocity,2018.0,5.75999,1.819,,,21.5974,False
HD 215152 c,HD 215152,Radial Velocity,2018.0,7.28243,1.72,,,21.5974,False
K2-213 b,K2-213,Transit,2018.0,8.13087,,1.51398464,,389.702,False
K2-215 b,K2-215,Transit,2018.0,8.269648,,2.12381238,,403.964,False
K2-217 b,K2-217,Transit,2018.0,14.074524,,3.57854073,,381.878,False
K2-218 b,K2-218,Transit,2018.0,8.679885,,2.56948149,,394.083,False
K2-219 b,K2-219,Transit,2018.0,3.901287,,1.34762583,,325.4,False
K2-219 c,K2-219,Transit,2018.0,6.66767,,1.43839723,,325.4,False
K2-219 d,K2-219,Transit,2018.0,11.137278,,2.57634456,,325.4,False
K2-221 b,K2-221,Transit,2018.0,2.399094,,1.67890272,,318.81,False
K2-223 b,K2-223,Transit,2018.0,0.50557,,0.89,,198.604,False
K2-223 c,K2-223,Transit,2018.0,4.562546,,1.5,,198.604,False
K2-224 b,K2-224,Transit,2018.0,4.47904,,1.56,1002.0,275.255,False
K2-224 c,K2-224,Transit,2018.0,10.09489,,2.41,764.0,275.255,False
K2-225 b,K2-225,Transit,2018.0,15.8723,,3.60929179,923.0,357.778,False
K2-226 b,K2-226,Transit,2018.0,3.27109,,1.53899305,1187.0,211.265,False
K2-227 b,K2-227,Transit,2018.0,13.621832,,1.66551298,,187.234,False
K2-228 b,K2-228,Transit,2018.0,2.69828,,1.21,914.0,129.46,False
K2-229 b,K2-229,Transit,2018.0,0.584216,,1.0,,102.564,False
K2-229 c,K2-229,Transit,2018.0,8.32727,,2.03,750.0,102.564,False
K2-230 b,K2-230,Transit,2018.0,2.86041,,1.96,1529.0,540.773,False
HATS-67 b,HATS-67,Transit,2018.0,1.6091788,460.8535,18.887165,2193.0,960.109,False
HATS-68 b,HATS-68,Transit,2018.0,3.5862202,410.0007,13.809488,1741.0,603.955,False
HATS-69 b,HATS-69,Transit,2018.0,2.2252577,183.38791,10.592505,1295.7,414.537,False
gam Lib b,gam Lib,Radial Velocity,2018.0,414.88,357.87478628,,,47.4017,False
gam Lib c,gam Lib,Radial Velocity,2018.0,966.49,1662.56039702,,,47.4017,False
24 Boo b,24 Boo,Radial Velocity,2018.0,30.33,280.64248338,,,95.9863,False
OGLE-2017-BLG-1434L b,OGLE-2017-BLG-1434L,Microlensing,2018.0,,4.43,,,860.0,False
HATS-43 b,HATS-43,Transit,2018.0,4.3888497,82.95363,13.22662,1003.0,362.273,False
HATS-44 b,HATS-44,Transit,2018.0,2.7439004,177.9848,11.960003,1161.0,446.035,False
HATS-45 b,HATS-45,Transit,2018.0,4.1876244,222.481,14.414774,1518.0,772.11,False
HATS-46 b,HATS-46,Transit,2018.0,4.7423729,54.98459,10.121727,1054.0,453.808,False
NGTS-3 A b,NGTS-3 A,Transit,2018.0,1.6753728,756.4354,16.58932,,743.972,False
HD 89345 b,HD 89345,Transit,2018.0,11.8143,34.9613,7.39794,1089.0,132.345,False
OGLE-2017-BLG-1140L b,OGLE-2017-BLG-1140L,Microlensing,2018.0,,505.0,,,,False
K2-239 b,K2-239,Transit,2018.0,5.24,,1.1,502.0,31.0849,False
K2-239 c,K2-239,Transit,2018.0,7.775,,1.0,427.0,31.0849,False
K2-239 d,K2-239,Transit,2018.0,10.115,,1.1,399.0,31.0849,False
K2-240 b,K2-240,Transit,2018.0,6.034,,2.0,586.0,72.9105,False
K2-240 c,K2-240,Transit,2018.0,20.523,,1.8,389.0,72.9105,False
OGLE-2017-BLG-0482L b,OGLE-2017-BLG-0482L,Microlensing,2018.0,,9.0,,,5800.0,False
K2-237 b,K2-237,Transit,2018.0,2.18053332,434.15360396,16.06246934,1759.0,314.995,False
K2-238 b,K2-238,Transit,2018.0,3.20466,273.3338,14.5717,1587.0,537.963,False
OGLE-2014-BLG-1722L b,OGLE-2014-BLG-1722L,Microlensing,2018.0,,55.3,,,6400.0,False
OGLE-2014-BLG-1722L c,OGLE-2014-BLG-1722L,Microlensing,2018.0,,83.7,,,6400.0,False
GJ 1132 c,GJ 1132,Radial Velocity,2018.0,8.929,2.64,,300.0,12.613,True
HAT-P-11 c,HAT-P-11,Radial Velocity,2018.0,3361.0,851.78013076,,,37.7647,False
K2-241 b,K2-241,Transit,2018.0,26.8199,,2.55,507.0,149.464,False
K2-242 b,K2-242,Transit,2018.0,6.51389,,2.54,416.0,109.237,False
K2-158 c,K2-158,Transit,2018.0,5.90279,,1.28,948.0,197.299,False
K2-243 b,K2-243,Transit,2018.0,11.54182,,2.17,1035.0,266.864,False
K2-243 c,K2-243,Transit,2018.0,24.94598,,2.01,801.0,266.864,False
K2-245 b,K2-245,Transit,2018.0,11.89307,,4.34,923.0,456.064,False
K2-246 b,K2-246,Transit,2018.0,5.76918,,3.49,977.0,703.616,False
K2-247 b,K2-247,Transit,2018.0,2.25021,,2.12,979.0,258.113,False
K2-247 c,K2-247,Transit,2018.0,6.49424,,2.19,688.0,258.113,False
K2-248 b,K2-248,Transit,2018.0,7.17256,,2.57,886.0,406.254,False
K2-249 b,K2-249,Transit,2018.0,12.409,,2.79,1061.0,521.716,False
K2-250 b,K2-250,Transit,2018.0,4.01392,,2.71257333,1003.0,414.708,False
K2-251 b,K2-251,Transit,2018.0,9.30075,,2.35,437.0,147.03,False
K2-252 b,K2-252,Transit,2018.0,13.81513,,1.74,639.0,228.839,False
K2-253 b,K2-253,Transit,2018.0,4.00167,,12.67,1238.0,876.565,False
K2-254 b,K2-254,Transit,2018.0,4.09639,,1.63,791.0,227.775,False
K2-254 c,K2-254,Transit,2018.0,12.11839,,2.19,551.0,227.775,False
K2-255 b,K2-255,Transit,2018.0,1.96417,,2.9,1034.0,191.608,False
K2-257 b,K2-257,Transit,2018.0,1.60588,,0.83,789.0,64.0065,False
K2-258 b,K2-258,Transit,2018.0,19.0921,,3.0,831.0,661.873,False
IC 4651 9122 b,IC 4651 9122,Radial Velocity,2018.0,734.0,2002.329,,,859.324,False
CoRoT-20 c,CoRoT-20,Radial Velocity,2018.0,1675.0,5403.11,,,844.061,False
K2-260 b,K2-260,Transit,2018.0,2.62669762,546.66486004,18.41635529,2090.0,663.834,False
K2-261 b,K2-261,Transit,2018.0,11.6334681,68.96876432,9.26982704,1036.0,213.283,False
WASP-174 b,WASP-174,Transit,2018.0,4.2337005,104.88337431,16.10730527,1528.0,410.149,False
Wolf 503 b,Wolf 503,Transit,2018.0,6.00127,6.26,2.043,790.0,44.526,False
K2-264 b,K2-264,Transit,2018.0,5.840002,,2.231,496.0,185.605,False
K2-264 c,K2-264,Transit,2018.0,19.660302,,2.668,331.0,185.605,False
HD 55696 b,HD 55696,Radial Velocity,2018.0,1827.0,1230.0021,,,77.9693,False
HD 98736 b,HD 98736,Radial Velocity,2018.0,968.8,740.5439,,,32.4459,False
HD 148164 b,HD 148164,Radial Velocity,2018.0,328.55,390.9309,,,77.1971,False
HD 148164 c,HD 148164,Radial Velocity,2018.0,5062.0,1640.0028,,,77.1971,False
HD 211810 b,HD 211810,Radial Velocity,2018.0,1558.0,212.9461,,,64.6353,False
HD 75784 c,HD 75784,Radial Velocity,2018.0,7900.0,1792.5612,,,85.4321,False
NGTS-2 b,NGTS-2,Transit,2018.0,4.511164,235.1942,17.878355,1468.0,356.391,False
EPIC 246851721 b,EPIC 246851721,Transit,2018.0,6.180235,953.49,11.780659,1401.0,372.632,False
K2-266 b,K2-266,Transit,2018.0,0.658524,11.26782377,3.3,1515.0,77.5586,False
K2-266 c,K2-266,Transit,2018.0,7.814,0.29013072,0.705,664.5,77.5586,False
HD 219666 b,HD 219666,Transit,2018.0,6.034468,17.6,4.898,1076.0,94.1719,False
HD 1397 b,HD 1397,Transit,2018.0,11.53533,131.89945,11.500434,1228.3,79.5702,False
PDS 70 b,PDS 70,Imaging,2018.0,,1017.0509024,21.96960217,1392.0,113.064,False
Gl 686 b,Gl 686,Radial Velocity,2018.0,15.53,6.624,,,8.15728,False
WASP-144 b,WASP-144,Transit,2018.0,2.2783152,139.8452,9.52765,1260.0,355.513,False
WASP-145 A b,WASP-145 A,Transit,2018.0,1.7690381,282.8687,10.0881,1200.0,91.299,False
WASP-158 b,WASP-158,Transit,2018.0,3.656333,886.7457,11.99363,1590.0,524.993,False
WASP-159 b,WASP-159,Transit,2018.0,3.840401,174.8065,15.46842,1850.0,715.383,False
WASP-162 b,WASP-162,Transit,2018.0,9.62468,1652.716,11.209,910.0,310.841,False
WASP-168 b,WASP-168,Transit,2018.0,4.153658,133.4886,16.8135,1340.0,303.941,False
WASP-172 b,WASP-172,Transit,2018.0,5.477433,149.3801,17.59813,1740.0,538.11,False
WASP-173 A b,WASP-173 A,Transit,2018.0,1.38665318,1172.7927,13.4508,1880.0,232.98,False
OGLE-2011-BLG-0173L b,OGLE-2011-BLG-0173L,Microlensing,2018.0,,60.0,,,6100.0,False
WASP-147 b,WASP-147,Transit,2018.0,4.60273,87.40325,12.498035,1404.0,436.098,False
WASP-160 B b,WASP-160 B,Transit,2018.0,3.7684952,88.35674,12.21781,1119.0,288.326,False
WASP-164 b,WASP-164,Transit,2018.0,1.7771255,676.9779,12.643752,1610.0,327.506,False
WASP-165 b,WASP-165,Transit,2018.0,3.465509,209.13214,14.12334,1624.0,602.236,False
OGLE-2013-BLG-1761L b,OGLE-2013-BLG-1761L,Microlensing,2018.0,,860.0,,,6900.0,False
GJ 96 b,GJ 96,Radial Velocity,2018.0,73.94,19.66,,,11.9315,False
KMT-2016-BLG-1820L b,KMT-2016-BLG-1820L,Microlensing,2018.0,,1450.0,,,6260.0,False
KMT-2016-BLG-2142L b,KMT-2016-BLG-2142L,Microlensing,2018.0,,4923.0,,,7010.0,False
MOA-2015-BLG-337L b,MOA-2015-BLG-337L,Microlensing,2018.0,,33.7,,,7100.0,False
KMT-2016-BLG-1397L b,KMT-2016-BLG-1397L,Microlensing,2018.0,,2200.0,,,6600.0,False
pi Men c,HD 39091,Transit,2018.0,6.2678399,,2.0189,,18.2702,False
K2-284 b,K2-284,Transit,2018.0,4.795069,,2.78,653.0,107.272,False
MOA-2016-BLG-319L b,MOA-2016-BLG-319L,Microlensing,2018.0,,200.0,,,6800.0,False
MOA-2011-BLG-291L b,MOA-2011-BLG-291L,Microlensing,2018.0,,18.0,,,4400.0,False
GJ 317 c,GJ 317,Radial Velocity,2018.0,6500.0,454.49462201,,,15.1968,False
HD 33142 c,HD 33142,Radial Velocity,2018.0,810.2,282.86728223,,,121.375,False
HD 95089 c,HD 95089,Radial Velocity,2018.0,1785.0,1096.5135,,,136.957,False
HD 99706 c,HD 99706,Radial Velocity,2018.0,1278.0,1808.4527,,,146.6,False
HD 102329 c,HD 102329,Radial Velocity,2018.0,1123.0,483.1016,,,217.107,False
HD 116029 c,HD 116029,Radial Velocity,2018.0,907.0,403.6441,,,123.245,False
HD 156279 c,HD 156279,Radial Velocity,2018.0,4818.25358,3098.82696825,,,36.1945,False
HD 114783 c,HD 114783,Radial Velocity,2018.0,4352.0,603.8739733,,,21.0628,False
HATS-59 b,HATS-59,Transit,2018.0,5.416081,256.17098,12.621334,1128.0,642.884,False
HATS-59 c,HATS-59,Radial Velocity,2018.0,1422.0,4036.441,,175.9,642.884,False
GJ 3779 b,GJ 3779,Radial Velocity,2018.0,3.0232,8.0,,,13.743,False
GJ 1265 b,GJ 1265,Radial Velocity,2018.0,3.6511,7.4,,,10.2525,False
LHS 1140 c,LHS 1140,Transit,2018.0,3.77794,1.91,1.272,422.0,14.9861,False
HD 13167 b,HD 13167,Radial Velocity,2018.0,2613.0,1052.0173,,,148.934,False
HD 14787 b,HD 14787,Radial Velocity,2018.0,676.6,356.28743,,,119.137,False
HD 18015 b,HD 18015,Radial Velocity,2018.0,2278.0,1010.6994,,,123.801,False
HD 72490 b,HD 72490,Radial Velocity,2018.0,858.0,561.92344,,,126.339,False
HD 94834 b,HD 94834,Radial Velocity,2018.0,1576.0,400.4658,,,98.1609,False
HD 180053 b,HD 180053,Radial Velocity,2018.0,213.72,697.31902,,,137.043,False
HD 4917 b,HD 4917,Radial Velocity,2018.0,400.5,513.29545,,,204.277,False
WASP-161 b,WASP-161,Transit,2018.0,5.4060425,791.3967,12.811887,1557.0,343.08,False
WASP-163 b,WASP-163,Transit,2018.0,1.6096884,594.3421,13.473218,1638.0,261.386,False
WASP-170 b,WASP-170,Transit,2018.0,2.34478022,508.528,12.285064,1422.0,305.603,False
K2-285 b,K2-285,Transit,2018.0,3.471745,9.68,2.59,1088.9,154.961,False
K2-285 c,K2-285,Transit,2018.0,7.138048,15.68,3.53,741.4,154.961,False
K2-285 d,K2-285,Transit,2018.0,10.45582,6.5,2.48,619.9,154.961,False
K2-285 e,K2-285,Transit,2018.0,14.76289,10.7,1.95,500.9,154.961,False
K2-286 b,K2-286,Transit,2018.0,27.359,,2.1,347.0,76.1486,False
K2-287 b,K2-287,Transit,2018.0,14.893291,100.11645,9.494023,804.0,158.335,False
K2-288 B b,K2-288 B,Transit,2018.0,31.393463,,1.9,226.36,65.6138,True
HATS-60 b,HATS-60,Transit,2018.0,3.560829,210.40346,12.923977,1528.0,486.474,False
HATS-61 b,HATS-61,Transit,2018.0,7.817953,1080.622,13.394755,1226.1,679.761,False
HATS-62 b,HATS-62,Transit,2018.0,3.2768837,56.89157,11.825495,1237.0,523.067,False
HATS-63 b,HATS-63,Transit,2018.0,3.0566527,305.1168,13.529263,1398.3,623.232,False
HATS-64 b,HATS-64,Transit,2018.0,4.908897,305.1168,18.819911,1793.0,1080.15,False
HATS-65 b,HATS-65,Transit,2018.0,3.105161,260.93843,16.824709,1634.0,493.32,False
HATS-66 b,HATS-66,Transit,2018.0,3.1414391,1694.0339,15.815899,1998.0,1477.98,False
K2-277 b,K2-277,Transit,2018.0,6.326768,,2.18575124,1049.0,113.123,False
K2-189 c,K2-189,Transit,2018.0,6.67932,,2.31,877.0,242.113,False
K2-278 b,K2-278,Transit,2018.0,3.334966,,2.98,1711.0,786.439,False
K2-190 b,K2-190,Transit,2018.0,10.098858,,1.35673729,,160.679,False
K2-191 b,K2-191,Transit,2018.0,2.858646,,1.57889322,,287.188,False
K2-192 b,K2-192,Transit,2018.0,4.162817,,1.52,939.0,221.753,False
K2-193 b,K2-193,Transit,2018.0,14.786889,,3.95,739.0,411.923,False
K2-194 b,K2-194,Transit,2018.0,39.721386,,3.64229858,,629.51,False
K2-195 b,K2-195,Transit,2018.0,15.852975,,3.13,720.0,315.014,False
K2-197 b,K2-197,Transit,2018.0,8.357881,,2.56,848.0,247.637,False
K2-279 b,K2-279,Transit,2018.0,7.122605,,1.21,879.0,182.983,False
K2-200 b,K2-200,Transit,2018.0,2.849883,,1.3643987,,184.131,False
K2-275 b,K2-275,Transit,2018.0,3.2809626,,2.34,1166.0,123.438,False
K2-275 c,K2-275,Transit,2018.0,8.4388385,,2.21,653.0,123.438,False
K2-198 b,K2-198,Transit,2018.0,17.0428683,,4.189,715.8,110.567,False
K2-199 b,K2-199,Transit,2018.0,3.2253993,6.9,1.73,913.0,107.518,False
K2-199 c,K2-199,Transit,2018.0,7.3744897,12.4,2.85,694.0,107.518,False
K2-173 b,K2-173,Transit,2018.0,5.868699,,1.60826194,,228.641,False
K2-179 b,K2-179,Transit,2018.0,5.172191,,2.51267885,,190.81,False
Kepler-730 c,Kepler-730,Transit,2018.0,2.85188338,,1.56926,1607.0,1935.04,False
K2-167 b,K2-167,Transit,2018.0,9.978541,,2.36509493,1220.0,80.8994,False
K2-168 b,K2-168,Transit,2018.0,15.8523,,1.86,766.35,243.935,False
K2-169 b,K2-169,Transit,2018.0,6.380803,,1.27328671,,235.867,False
K2-170 c,K2-170,Transit,2018.0,12.400047,,1.8017647,,392.872,False
K2-170 b,K2-170,Transit,2018.0,7.576544,,1.41817537,,392.872,False
K2-265 b,K2-265,Transit,2018.0,2.36902,7.3418362,1.70824866,1366.0,138.671,False
K2-171 b,K2-171,Transit,2018.0,5.628466,,2.68657205,,606.128,False
K2-172 c,K2-172,Transit,2018.0,29.62682,,3.20569097,,249.742,False
K2-172 b,K2-172,Transit,2018.0,14.316941,,1.66608079,,249.742,False
K2-174 b,K2-174,Transit,2018.0,19.562307,,2.6,455.0,99.9293,False
K2-180 b,K2-180,Transit,2018.0,8.865663,11.41003981,2.46597575,797.5,203.896,False
K2-181 b,K2-181,Transit,2018.0,6.8941,,2.69,949.0,360.911,False
K2-182 b,K2-182,Transit,2018.0,4.7369696,20.97667486,2.71257333,965.8,154.83,False
K2-268 c,K2-268,Transit,2018.0,9.327527,,2.69,696.0,327.783,False
K2-269 b,K2-269,Transit,2018.0,4.144965,,1.57,1429.0,360.76,False
K2-270 c,K2-270,Transit,2018.0,4.400028,,2.95,848.0,280.518,False
K2-183 c,K2-183,Transit,2018.0,10.787992,,2.3,,329.041,False
K2-184 b,K2-184,Transit,2018.0,16.9780102,,1.47,533.0,75.5857,False
K2-271 b,K2-271,Transit,2018.0,8.562421,,7.28,893.0,564.454,False
K2-272 b,K2-272,Transit,2018.0,14.4536756,,3.13,747.0,423.065,False
K2-273 b,K2-273,Transit,2018.0,11.7195663,,3.05,849.0,308.105,False
K2-146 b,K2-146,Transit,2018.0,2.6446,5.77,2.05,,79.3002,False
EPIC 211945201 b,EPIC 211945201,Transit,2018.0,19.49221,,5.76,817.0,181.69,False
K2-274 b,K2-274,Transit,2018.0,14.1330314,,2.08,655.0,228.327,False
K2-276 b,K2-276,Transit,2018.0,18.718269,,3.77,583.0,488.152,False
K2-187 d,K2-187,Transit,2018.0,7.149584,,2.4,,330.916,False
K2-188 c,K2-188,Transit,2018.0,7.810253,,2.83,1026.0,446.821,False
Kepler-411 d,Kepler-411,Transit,2018.0,58.02035,15.2,3.319,410.0,153.676,False
KOI-3680 b,KOI-3680,Transit,2018.0,141.241671,613.4119,11.09691,347.0,921.986,False
K2-164 b,K2-164,Transit,2018.0,17.355066,,3.24925008,,375.67,False
Kepler-1656 b,Kepler-1656,Transit,2018.0,31.562,47.8,,,185.875,False
Kepler-1655 b,Kepler-1655,Transit,2018.0,11.8728787,5.4,2.213,938.0,213.26,False
OGLE-2016-BLG-1266L b,OGLE-2016-BLG-1266L,Microlensing,2018.0,,3813.940884,,,3080.0,False
2MASS J22501512+2325342 b,2MASS J22501512+2325342,Imaging,2018.0,,9534.85221,,1600.0,57.2309,False
2MASS J0249-0557 c,2MASS J0249-0557 A,Imaging,2018.0,,3686.8095212,,,66.0613,False
KMT-2016-BLG-0212L b,KMT-2016-BLG-0212L,Microlensing,2018.0,,5700.0,,,6300.0,False
GJ 15 A c,GJ 15 A,Radial Velocity,2018.0,7600.0,36.0,,,3.56228,False
HD 220197 b,HD 220197,Radial Velocity,2018.0,1728.0,63.566,,,64.411,False
HD 233832 b,HD 233832,Radial Velocity,2018.0,2058.0,565.7374,,,58.742,False
HD 180617 b,HD 180617,Radial Velocity,2018.0,105.911,12.214,,,5.91059,False
Kepler-411 e,Kepler-411,Transit Timing Variations,2018.0,31.509728,10.8,,503.0,153.676,False
DE CVn b,DE CVn,Eclipse Timing Variations,2018.0,4098.1,3823.27330161,,,30.5225,False
EPIC 248847494 b,EPIC 248847494,Transit,2018.0,3650.0,4131.79,12.44199,183.0,551.886,True
KMT-2017-BLG-0165L b,KMT-2017-BLG-0165L,Microlensing,2018.0,,34.0,,,4530.0,False
HATS-22 b,HATS-22,Transit,2017.0,4.7228124,870.8542,10.682177,858.0,229.518,False
HATS-23 b,HATS-23,Transit,2017.0,2.1605156,467.2101,20.84874,1654.0,639.004,False
HATS-24 b,HATS-24,Transit,2017.0,1.3484978,718.2958,15.636555,2166.0,494.182,False
NGC 2682 Sand 978 b,NGC 2682 Sand 978,Radial Velocity,2017.0,511.21,692.8694,,,821.918,False
GJ 3138 b,GJ 3138,Radial Velocity,2017.0,1.22003,1.78,,,28.4712,False
GJ 3138 c,GJ 3138,Radial Velocity,2017.0,5.974,4.18,,,28.4712,False
GJ 3138 d,GJ 3138,Radial Velocity,2017.0,257.8,10.5,,,28.4712,False
GJ 3323 b,GJ 3323,Radial Velocity,2017.0,5.3636,2.02,,,5.37484,False
GJ 3323 c,GJ 3323,Radial Velocity,2017.0,40.54,2.31,,,5.37484,False
GJ 273 b,GJ 273,Radial Velocity,2017.0,18.6498,2.89,,,5.921535,False
GJ 273 c,GJ 273,Radial Velocity,2017.0,4.7234,1.18,,,5.921535,False
GJ 3293 d,GJ 3293,Radial Velocity,2017.0,48.1345,7.6,,,20.1903,False
GJ 3293 e,GJ 3293,Radial Velocity,2017.0,13.2543,3.28,,,20.1903,False
HAT-P-67 b,HAT-P-67,Transit,2017.0,4.8101069,143.02278315,23.9872187,,371.686,False
Kepler-19 d,Kepler-19,Radial Velocity,2017.0,62.95,22.5,,,218.562,False
Kepler-150 f,Kepler-150,Transit,2017.0,637.2093,,3.64,,891.092,False
Qatar-3 b,Qatar-3,Transit,2017.0,2.5079204,1369.8473,12.285064,1681.0,735.601,False
Qatar-4 b,Qatar-4,Transit,2017.0,1.8053564,1938.763,12.722215,1385.0,329.036,False
Qatar-5 b,Qatar-5,Transit,2017.0,2.8792319,1373.0256,12.408363,1415.0,367.658,False
LHS 1140 b,LHS 1140,Transit,2017.0,24.73723,5.6,1.73,226.0,14.9861,True
HIP 67537 b,HIP 67537,Radial Velocity,2017.0,2523.64713,4309.11754211,,,116.046,False
KELT-18 b,KELT-18,Transit,2017.0,2.8717518,375.0394,17.59813,2085.0,321.376,False
KELT-12 b,KELT-12,Transit,2017.0,5.031623,301.9385,19.95202,1800.0,368.03,False
K2-113 b,K2-113,Transit,2017.0,5.817685,,12.14,1098.0,635.722,False
MXB 1658-298 b,MXB 1658-298,Eclipse Timing Variations,2017.0,760.0,7532.571,,,,False
tau Cet g,tau Cet,Radial Velocity,2017.0,20.0,1.75,,,3.60304,False
tau Cet h,tau Cet,Radial Velocity,2017.0,49.41,1.83,,,3.60304,False
tau Cet f,tau Cet,Radial Velocity,2017.0,636.13,3.93,,,3.60304,False
WASP-91 b,WASP-91,Transit,2017.0,2.798581,425.8922,11.54527,1160.0,149.942,False
WASP-105 b,WASP-105,Transit,2017.0,7.87288,572.094,10.76064,900.0,169.272,False
WASP-107 b,WASP-107,Transit,2017.0,5.7214876,30.51152707,,,64.7414,False
YZ Cet b,YZ Cet,Radial Velocity,2017.0,2.02087,0.7,,471.2,3.71207,False
YZ Cet c,YZ Cet,Radial Velocity,2017.0,3.05989,1.14,,410.3,3.71207,False
YZ Cet d,YZ Cet,Radial Velocity,2017.0,4.65626,1.09,,356.7,3.71207,False
MOA-2012-BLG-006L b,MOA-2012-BLG-006L,Microlensing,2017.0,,2700.0,,,5300.0,False
OGLE-2016-BLG-0263L b,OGLE-2016-BLG-0263L,Microlensing,2017.0,,1300.0,,,6500.0,False
GJ 625 b,GJ 625,Radial Velocity,2017.0,14.628,2.82,,,6.47249,False
HD 208897 b,HD 208897,Radial Velocity,2017.0,358.27,379.48711796,,,67.4872,False
K2-117 c,K2-117,Transit,2017.0,5.444017,,2.06,537.0,101.632,False
K2-118 b,K2-118,Transit,2017.0,50.92092,,2.54,,321.722,False
K2-125 b,K2-125,Transit,2017.0,21.750264,,2.18,,124.156,False
K2-128 b,K2-128,Transit,2017.0,5.675819,,1.42,,114.637,False
K2-129 b,K2-129,Transit,2017.0,8.239493,,1.04,,27.7957,False
K2-130 b,K2-130,Transit,2017.0,2.49412,,1.25,,118.011,False
K2-131 b,K2-131,Transit,2017.0,0.3693038,7.9,1.69,2223.0,152.509,False
GJ 1148 c,GJ 1148,Radial Velocity,2017.0,532.58,68.06,,,11.0143,False
K2-132 b,K2-132,Transit,2017.0,9.1751,155.7367,14.5717,,609.818,False
K2-133 b,K2-133,Transit,2017.0,3.07133,,1.34,,75.1703,False
K2-133 c,K2-133,Transit,2017.0,4.86784,,1.603,,75.1703,False
K2-133 d,K2-133,Transit,2017.0,11.02454,,2.003,,75.1703,False
WASP-151 b,WASP-151,Transit,2017.0,4.5334775,100.43377661,13.30506009,1312.0,453.099,False
WASP-153 b,WASP-153,Transit,2017.0,3.332609,123.9537,17.37395,1700.0,610.176,False
WASP-156 b,WASP-156,Transit,2017.0,3.8361623,41.8,6.02802815,934.5,122.066,False
OGLE-2013-BLG-0132L b,OGLE-2013-BLG-0132L,Microlensing,2017.0,,92.0,,,3900.0,False
OGLE-2013-BLG-1721L b,OGLE-2013-BLG-1721L,Microlensing,2017.0,,200.0,,,6300.0,False
HD 34445 c,HD 34445,Radial Velocity,2017.0,214.67,53.5,,,46.0907,False
HD 34445 d,HD 34445,Radial Velocity,2017.0,117.87,30.7,,,46.0907,False
HD 34445 e,HD 34445,Radial Velocity,2017.0,49.175,16.8,,,46.0907,False
HD 34445 f,HD 34445,Radial Velocity,2017.0,676.8,37.9,,,46.0907,False
HD 34445 g,HD 34445,Radial Velocity,2017.0,5700.0,120.6,,,46.0907,False
MASCARA-1 b,MASCARA-1,Transit,2017.0,2.14877381,,17.90074218,2594.3,182.273,False
GJ 9827 b,GJ 9827,Transit,2017.0,1.208974,4.28,1.44,1035.01,29.661,False
GJ 9827 c,GJ 9827,Transit,2017.0,3.648103,1.86,1.13,715.94,29.661,False
GJ 9827 d,GJ 9827,Transit,2017.0,6.20183,3.02,1.98,675.0,29.661,False
KELT-20 b,KELT-20,Transit,2017.0,3.4741085,1074.90106,19.514869,2262.0,136.426,False
NGTS-1 b,NGTS-1,Transit,2017.0,2.647298,258.07796,14.90797,790.0,218.121,False
K2-136 b,K2-136,Transit,2017.0,7.9752,4.3,1.014,610.0,59.2474,False
K2-136 c,K2-136,Transit,2017.0,17.30713,18.1,3.0,470.0,59.2474,False
K2-136 d,K2-136,Transit,2017.0,25.575,3.0,1.565,420.0,59.2474,False
K2-137 b,K2-137,Transit,2017.0,0.179719,,0.64,,98.8765,False
Ross 128 b,Ross 128,Radial Velocity,2017.0,9.8658,1.4,,301.0,3.37454,True
HD 76920 b,HD 76920,Radial Velocity,2017.0,415.891,994.80291391,,,184.031,False
K2-107 b,K2-107,Transit,2017.0,3.313959,,15.98,1649.0,685.2,False
WASP-53 b,WASP-53,Transit,2017.0,3.3098443,677.61356,12.038466,1053.0,201.338,False
WASP-53 c,WASP-53,Radial Velocity,2017.0,2840.0,5196.5205,,,201.338,False
WASP-81 b,WASP-81,Transit,2017.0,2.7164762,231.69807,16.017661,1623.0,398.505,False
TAP 26 b,TAP 26,Radial Velocity,2017.0,10.79,527.5978,,,121.402,False
KELT-16 b,KELT-16,Transit,2017.0,0.9689951,874.0325,15.860735,2453.0,444.586,False
TRAPPIST-1 e,TRAPPIST-1,Transit,2017.0,6.101013,0.692,0.92,,,False
TRAPPIST-1 f,TRAPPIST-1,Transit,2017.0,9.20754,1.039,1.045,,,False
TRAPPIST-1 g,TRAPPIST-1,Transit,2017.0,12.352446,1.321,1.129,,,False
TRAPPIST-1 h,TRAPPIST-1,Transit,2017.0,18.772866,0.326,0.755,,,False
HD 106315 b,HD 106315,Transit,2017.0,9.55237,12.6,2.44,1153.0,109.353,False
HD 106315 c,HD 106315,Transit,2017.0,21.05704,15.2,4.35,886.0,109.353,False
HD 17674 b,HD 17674,Radial Velocity,2017.0,623.8,276.5121,,,44.4264,False
HD 42012 b,HD 42012,Radial Velocity,2017.0,857.5,508.528,,,36.7984,False
HD 29021 b,HD 29021,Radial Velocity,2017.0,1365.0,1420.69297929,,,30.9939,False
K2-126 b,K2-126,Transit,2017.0,7.385655,,1.97,601.0,102.953,False
K2-110 b,K2-110,Transit,2017.0,13.86375,15.9,2.592,638.0,116.474,False
K2-127 b,K2-127,Transit,2017.0,3.588163,,8.37,809.0,709.999,False
K2-116 b,K2-116,Transit,2017.0,4.655411,,0.69,,49.3855,False
K2-111 b,K2-111,Transit,2017.0,5.3518963,5.35,1.837,1293.0,200.394,False
K2-117 b,K2-117,Transit,2017.0,1.2916,,2.03,868.0,101.632,False
K2-114 b,K2-114,Transit,2017.0,11.390931,638.83509807,10.59248676,701.4,475.758,False
K2-115 b,K2-115,Transit,2017.0,20.2729914,321.00669107,11.80305668,696.0,413.591,False
K2-105 b,K2-105,Transit,2017.0,8.26726,15.4,3.4,805.0,197.989,False
K2-108 b,K2-108,Transit,2017.0,4.733999,,5.33,1360.0,477.295,False
K2-119 b,K2-119,Transit,2017.0,7.727283,,2.53,666.0,365.581,False
K2-121 b,K2-121,Transit,2017.0,5.185738,51.0,7.16,716.0,169.398,False
K2-122 b,K2-122,Transit,2017.0,2.2193023,,1.16,769.0,72.0444,False
K2-123 b,K2-123,Transit,2017.0,30.951524,,2.76,338.0,161.555,False
K2-124 b,K2-124,Transit,2017.0,6.413651,,2.9,442.0,140.385,False
Kepler-1649 b,Kepler-1649,Transit,2017.0,8.689099,,1.017,307.0,92.1913,True
Kepler-1653 b,Kepler-1653,Transit,2017.0,140.2524,,2.17,284.0,,True
Kepler-1652 b,Kepler-1652,Transit,2017.0,38.09722,,1.6,268.0,,True
Luhman 16 b,Luhman 16 A,Imaging,2017.0,9697.0,9344.1551658,,,,False
HD 284149 AB b,HD 284149 A,Imaging,2017.0,,8352.53053596,,2395.0,117.807,False
Kepler-1651 b,Kepler-1651,Transit,2017.0,9.87863917,,1.84,,66.4074,False
Kepler-1650 b,Kepler-1650,Transit,2017.0,1.53818001,,0.96,,134.397,False
Kepler-448 c,KOI-12,Transit Timing Variations,2017.0,2500.0,6992.26,,,399.398,False
Qatar-6 b,Qatar-6,Transit,2017.0,3.506195,212.31044,11.903958,1006.0,100.848,False
PSR B0329+54 b,PSR B0329+54,Pulsar Timing,2017.0,10140.0,1.97,,,,False
HD 40956 b,HD 40956,Radial Velocity,2017.0,578.6,858.141,,,116.593,False
HD 111591 b,HD 111591,Radial Velocity,2017.0,1056.4,1398.452,,,114.166,False
HD 113996 b,HD 113996,Radial Velocity,2017.0,610.2,2002.329,,,116.334,False
OGLE-2016-BLG-1190L b,OGLE-2016-BLG-1190L,Microlensing,2017.0,1220.0,4253.0,,,6770.0,False
OGLE-2016-BLG-0613L AB b,OGLE-2016-BLG-0613L AB,Microlensing,2017.0,,1330.0,,,3410.0,False
K2-139 b,K2-139,Transit,2017.0,28.380619,,9.11,524.0,153.856,False
Kepler-80 g,Kepler-80,Transit,2017.0,14.64558,,1.13,418.0,369.451,False
Kepler-90 i,KOI-351,Transit,2017.0,14.44912,,1.32,709.0,848.254,False
K2-18 c,K2-18,Radial Velocity,2017.0,8.962,7.51,,363.0,38.0266,False
HD 176986 b,HD 176986,Radial Velocity,2017.0,6.49164,5.36,,767.0,27.7843,False
HD 176986 c,HD 176986,Radial Velocity,2017.0,16.8124,9.75,,558.0,27.7843,False
GJ 3942 b,GJ 3942,Radial Velocity,2017.0,6.905,7.14,,590.0,16.9287,False
PSR J2322-2650 b,PSR J2322-2650,Pulsar Timing,2017.0,0.322963997,252.643067,,,230.0,False
K2-140 b,K2-140,Transit,2017.0,6.569188,295.58041851,13.56286665,962.0,347.917,False
HD 147379 b,HD 147379,Radial Velocity,2017.0,86.58,21.6,,,10.7643,False
HATS-50 b,HATS-50,Transit,2017.0,3.8297015,123.9537,12.66617,,756.742,False
HATS-51 b,HATS-51,Transit,2017.0,3.3488702,244.09344,15.80469,1553.0,389.57,False
HATS-52 b,HATS-52,Transit,2017.0,1.36665436,711.9392,15.490838,1834.0,555.134,False
HATS-53 b,HATS-53,Transit,2017.0,3.8537768,189.10885,15.02006,1312.0,585.77,False
K2-138 b,K2-138,Transit,2017.0,2.35309,3.1,1.51,,202.585,False
K2-138 c,K2-138,Transit,2017.0,3.56004,6.31,2.299,,202.585,False
K2-138 d,K2-138,Transit,2017.0,5.40479,7.92,2.39,,202.585,False
K2-138 e,K2-138,Transit,2017.0,8.26146,12.97,3.39,,202.585,False
K2-138 f,K2-138,Transit,2017.0,12.75758,1.63,2.904,,202.585,False
KELT-19 A b,KELT-19 A,Transit,2017.0,4.6117093,1293.5681,21.40919,1935.0,300.276,False
KELT-11 b,KELT-11,Transit,2017.0,4.73620865,65.15482343,15.13212395,1712.0,99.1596,False
OGLE-2016-BLG-1195L b,OGLE-2016-BLG-1195L,Microlensing,2017.0,,1.43,,,3910.0,False
MOA-2016-BLG-227L b,MOA-2016-BLG-227L,Microlensing,2017.0,,890.0,,,6500.0,False
KELT-9 b,KELT-9,Transit,2017.0,1.4811235,915.3504,21.196219,4050.0,204.455,False
HD 3167 d,HD 3167,Radial Velocity,2017.0,8.4112,4.33,,,47.2899,False
HD 20794 e,HD 20794,Radial Velocity,2017.0,147.02,4.77,,,6.00278,False
HD 27894 c,HD 27894,Radial Velocity,2017.0,36.07,51.48846,,,43.8214,False
HD 27894 d,HD 27894,Radial Velocity,2017.0,5019.54244,2063.65984665,,,43.8214,False
BD+03 2562 b,BD+03 2562,Radial Velocity,2017.0,481.9,2034.112,,,1070.63,False
HD 177565 b,HD 177565,Radial Velocity,2017.0,44.505,15.1,,,16.9179,False
MOA-2012-BLG-505L b,MOA-2012-BLG-505L,Microlensing,2017.0,,6.7,,,7210.0,False
TYC 4282-00605-1 b,TYC 4282-00605-1,Radial Velocity,2017.0,101.54,3426.2074,,,464.128,False
HIP 65426 b,HIP 65426,Imaging,2017.0,,2860.47,16.8135,1500.0,108.875,False
WASP-167 b,WASP-167,Transit,2017.0,2.0219596,2542.64,17.71022,2329.0,423.552,False
Kepler-491 b,Kepler-491,Transit,2016.0,4.225384512,,8.92,,630.785,False
Kepler-166 d,Kepler-166,Transit,2016.0,1.554003928,,1.73,,603.53,False
Kepler-477 b,Kepler-477,Transit,2016.0,11.11990653,,2.07,,,False
Kepler-505 b,Kepler-505,Transit,2016.0,27.52197994,,2.6,,283.41,False
Kepler-745 b,Kepler-745,Transit,2016.0,9.93143556,,2.16,,1780.38,False
Kepler-748 b,Kepler-748,Transit,2016.0,7.40742793,,2.52,,1705.99,False
Kepler-754 b,Kepler-754,Transit,2016.0,14.5596237,,2.01,,1770.27,False
Kepler-753 b,Kepler-753,Transit,2016.0,5.747725012,,1.91,,274.767,False
Kepler-752 b,Kepler-752,Transit,2016.0,18.82747265,,2.81,,1232.29,False
Kepler-766 b,Kepler-766,Transit,2016.0,6.10027804,,3.39,,2297.62,False
Kepler-771 b,Kepler-771,Transit,2016.0,8.73485836,,1.82,,1393.85,False
Kepler-773 b,Kepler-773,Transit,2016.0,3.749100061,,1.43,,547.026,False
Kepler-767 b,Kepler-767,Transit,2016.0,161.5280101,,6.64,,2251.03,False
Kepler-774 b,Kepler-774,Transit,2016.0,11.0895723,,3.17,,917.804,False
Kepler-772 b,Kepler-772,Transit,2016.0,12.99207337,,1.82,,1130.21,False
Kepler-770 b,Kepler-770,Transit,2016.0,18.92540274,,2.3,,930.457,False
Kepler-769 b,Kepler-769,Transit,2016.0,7.42608998,,2.92,,1169.57,False
Kepler-765 b,Kepler-765,Transit,2016.0,27.6655226,,2.43,,1076.28,False
Kepler-744 b,Kepler-744,Transit,2016.0,12.06222443,,1.62,,449.964,False
Kepler-764 b,Kepler-764,Transit,2016.0,7.33683936,,1.64,,1047.84,False
Kepler-762 b,Kepler-762,Transit,2016.0,3.770552098,,12.68,,1898.26,False
Kepler-781 b,Kepler-781,Transit,2016.0,13.2140732,,2.89,,1064.47,False
HD 59686 A b,HD 59686 A,Radial Velocity,2016.0,299.36,2199.3836,,,89.2721,False
Kepler-782 b,Kepler-782,Transit,2016.0,158.6853308,,3.21,,446.844,False
Kepler-746 b,Kepler-746,Transit,2016.0,3.48159251,,1.11,,,False
Kepler-743 b,Kepler-743,Transit,2016.0,3.179262921,,1.21,,278.987,False
Kepler-747 b,Kepler-747,Transit,2016.0,35.61760587,,5.27,,3347.16,False
Kepler-471 b,Kepler-471,Transit,2016.0,5.014234575,,14.96,,1249.41,False
Kepler-749 b,Kepler-749,Transit,2016.0,17.31716585,,3.1,,721.027,False
Kepler-750 b,Kepler-750,Transit,2016.0,9.42887179,,3.07,,1296.02,False
Kepler-751 b,Kepler-751,Transit,2016.0,17.44490636,,2.46,,760.43,False
Kepler-755 b,Kepler-755,Transit,2016.0,1.269090374,,1.76,,399.034,False
Kepler-756 b,Kepler-756,Transit,2016.0,1.224866322,,1.12,,,False
Kepler-757 b,Kepler-757,Transit,2016.0,1.022678821,,1.36,,1068.68,False
Kepler-758 b,Kepler-758,Transit,2016.0,12.1097104,,2.48,,1502.32,False
Kepler-759 b,Kepler-759,Transit,2016.0,41.805985,,2.27,,1073.48,False
K2-26 b,K2-26,Transit,2016.0,14.5665,,2.67,430.0,99.0504,False
WASP-76 b,WASP-76,Transit,2016.0,1.80988198,284.13859586,20.78145022,2228.0,194.459,False
WASP-90 b,WASP-90,Transit,2016.0,3.916243,200.2329,18.27067,1840.0,466.433,False
HD 5583 b,HD 5583,Radial Velocity,2016.0,139.35,1837.0574,,,219.216,False
BD+15 2375 b,BD+15 2375,Radial Velocity,2016.0,153.22,337.21763,,,768.045,False
Pr0211 c,Pr0211,Radial Velocity,2016.0,4850.0,2475.8957,,,182.714,False
HD 143105 b,HD 143105,Radial Velocity,2016.0,2.1974,384.5743,,,46.7789,False
HIP 109600 b,HIP 109600,Radial Velocity,2016.0,232.08,851.7844,,,66.3361,False
HD 35759 b,HD 35759,Radial Velocity,2016.0,82.467,1195.0408,,,71.2423,False
HIP 109384 b,HIP 109384,Radial Velocity,2016.0,499.48,495.8148,,,58.9582,False
HD 220842 b,HD 220842,Radial Velocity,2016.0,218.47,1010.6994,,,64.6498,False
HD 12484 b,HD 12484,Radial Velocity,2016.0,58.83,947.1334,,,48.3367,False
HIP 65407 b,HIP 65407,Radial Velocity,2016.0,28.125,136.03124,,,61.7804,False
HIP 65407 c,HIP 65407,Radial Velocity,2016.0,67.3,249.17872,,,61.7804,False
KELT-4 A b,KELT-4 A,Transit,2016.0,2.9895932,286.68266,19.044091,1823.0,218.05,False
HIP 8541 b,HIP 8541,Radial Velocity,2016.0,1852.14387,2451.7283316,,,155.121,False
HIP 74890 b,HIP 74890,Radial Velocity,2016.0,822.3,762.792,,,78.6562,False
KELT-14 b,KELT-14,Transit,2016.0,1.7100566,408.09372,19.537287,1970.0,250.121,False
KELT-15 b,KELT-15,Transit,2016.0,3.32944,416.3573,19.50366,,324.683,False
OGLE-2015-BLG-0966L b,OGLE-2015-BLG-0966L,Microlensing,2016.0,,21.0,,,3300.0,False
K2-29 b,K2-29,Transit,2016.0,3.2588321,232.0159,13.33871,1171.0,178.475,False
HATS-17 b,HATS-17,Transit,2016.0,16.254611,425.25654,8.709393,814.0,400.331,False
MOA-2011-BLG-028L b,MOA-2011-BLG-028L,Microlensing,2016.0,,30.0,,,7380.0,False
TYC 3667-1280-1 b,TYC 3667-1280-1,Radial Velocity,2016.0,26.468,1716.282,,1350.0,477.516,False
K2-30 b,K2-30,Transit,2016.0,4.098503,184.02357,11.646151,1092.0,333.042,False
KELT-10 b,KELT-10,Transit,2016.0,4.1662739,215.80657,15.681391,1377.0,188.404,False
OGLE-2012-BLG-0724L b,OGLE-2012-BLG-0724L,Microlensing,2016.0,,150.0,,,6700.0,False
TRAPPIST-1 b,TRAPPIST-1,Transit,2016.0,1.510826,1.374,1.116,,,False
TRAPPIST-1 c,TRAPPIST-1,Transit,2016.0,2.421937,1.308,1.097,,,False
TRAPPIST-1 d,TRAPPIST-1,Transit,2016.0,4.049219,0.388,0.788,,,False
K2-34 b,K2-34,Transit,2016.0,2.9956348,,13.75,1687.0,348.646,False
WASP-119 b,WASP-119,Transit,2016.0,2.49979,390.9309,15.6926,1600.0,302.448,False
WASP-124 b,WASP-124,Transit,2016.0,3.37265,190.698,13.89916,1400.0,448.637,False
WASP-126 b,WASP-126,Transit,2016.0,3.28883,90.3,,,216.526,False
WASP-129 b,WASP-129,Transit,2016.0,5.748145,317.83,10.42437,1100.0,301.462,False
WASP-133 b,WASP-133,Transit,2016.0,2.176423,368.6828,13.56289,1790.0,559.084,False
Kepler-539 c,Kepler-539,Transit Timing Variations,2016.0,1000.0,762.792,,253.0,307.318,True
HD 191806 b,HD 191806,Radial Velocity,2016.0,1603.38923,2966.61035094,,,65.6668,False
HD 214823 b,HD 214823,Radial Velocity,2016.0,1854.84424,5914.78665427,,,101.368,False
HD 221585 b,HD 221585,Radial Velocity,2016.0,1173.0,511.7063,,,55.8535,False
Kepler-1647 b,Kepler-1647,Transit,2016.0,1107.5923,483.0,11.8739,,1212.45,False
MOA-2013-BLG-605L b,MOA-2013-BLG-605L,Microlensing,2016.0,,3.24,,,850.0,False
HD 219828 c,HD 219828,Radial Velocity,2016.0,4789.87297,5102.41724598,,,73.114,False
WASP-120 b,WASP-120,Transit,2016.0,,,15.58048317,1749.0,381.174,False
WASP-123 b,WASP-123,Transit,2016.0,,,15.13212395,1500.0,197.996,False
HATS-25 b,HATS-25,Transit,2016.0,4.2986432,194.82979,14.12334,1277.0,471.158,False
HATS-26 b,HATS-26,Transit,2016.0,3.3023881,206.5895,19.61575,1918.0,861.843,False
HATS-27 b,HATS-27,Transit,2016.0,4.637038,168.4499,16.8135,1659.0,816.988,False
HATS-28 b,HATS-28,Transit,2016.0,3.1810781,213.58176,13.383546,1253.0,535.383,False
HATS-29 b,HATS-29,Transit,2016.0,4.6058749,207.54299,14.022459,1212.0,353.891,False
HATS-30 b,HATS-30,Transit,2016.0,3.1743516,224.38798,13.170575,1414.0,342.14,False
Kepler-502 b,Kepler-502,Transit,2016.0,4.28686431,,4.77,,1591.04,False
WASP-121 b,WASP-121,Transit,2016.0,1.27492504,371.85923619,19.52604438,2409.0,269.898,False
V830 Tau b,V830 Tau,Radial Velocity,2016.0,4.927,222.481,,,130.111,False
HATS-15 b,HATS-15,Transit,2016.0,1.74748753,689.6911,12.385945,1505.0,1139.55,False
HATS-16 b,HATS-16,Transit,2016.0,2.686502,1039.3041,14.5717,1592.0,757.044,False
WASP-157 b,WASP-157,Transit,2016.0,3.951623,,11.19,1193.0,334.037,False
K2-38 b,K2-38,Transit,2016.0,4.01593,7.3,1.54,1266.0,192.69,False
K2-38 c,K2-38,Transit,2016.0,10.56103,8.3,2.29,916.0,192.69,False
HIP 41378 b,HIP 41378,Transit,2016.0,15.571893,9.06,2.419,970.67,106.289,False
HIP 41378 c,HIP 41378,Transit,2016.0,31.70838,6.53,2.505,765.87,106.289,False
HIP 41378 d,HIP 41378,Transit,2016.0,278.3618,4.6,3.54,367.0,106.289,False
HIP 41378 e,HIP 41378,Transit,2016.0,369.0,12.0,4.92,335.0,106.289,False
HIP 41378 f,HIP 41378,Transit,2016.0,542.07975,12.0,9.2,294.0,106.289,True
NGC 2682 YBP 401 b,NGC 2682 YBP 401,Radial Velocity,2016.0,4.087,146.2018,,,830.822,False
WASP-113 b,WASP-113,Transit,2016.0,4.54216874538,150.96925,15.793481,1496.0,435.156,False
WASP-114 b,WASP-114,Transit,2016.0,1.5487743,562.24127,15.008851,2043.0,523.337,False
OGLE-2015-BLG-0954L b,OGLE-2015-BLG-0954L,Microlensing,2016.0,,1100.0,,,1200.0,False
GJ 3998 b,GJ 3998,Radial Velocity,2016.0,2.65033,2.5,,,18.1459,False
GJ 3998 c,GJ 3998,Radial Velocity,2016.0,13.727,6.82,,,18.1459,False
BD+20 594 b,BD+20 594,Transit,2016.0,41.6855,22.2481,2.57807,,179.461,False
Kepler-760 b,Kepler-760,Transit,2016.0,8.70419416,,3.06,,792.336,False
KIC 7917485 b,KIC 7917485,Pulsation Timing Variations,2016.0,840.0,3750.394,,,1382.89,False
HD 87646 b,HD 87646,Radial Velocity,2016.0,13.481,3941.092,,,73.58352,False
Proxima Cen b,Proxima Cen,Radial Velocity,2016.0,11.18465,1.055,,218.0,1.30119,True
K2-95 b,K2-95,Transit,2016.0,10.1346454,,3.31,474.0,179.854,False
HD 3167 b,HD 3167,Transit,2016.0,0.959641,4.97,1.67,1774.0,47.2899,False
HD 3167 c,HD 3167,Transit,2016.0,29.8454,11.13,3.0,564.0,47.2899,False
HD 133131 A b,HD 133131 A,Radial Velocity,2016.0,649.0,451.3186,,,51.4736,False
HD 133131 A c,HD 133131 A,Radial Velocity,2016.0,3568.0,133.4886,,,51.4736,False
HD 133131 B b,HD 133131 B,Radial Velocity,2016.0,5769.0,794.575,,,51.2993,False
HR 2562 b,HR 2562,Imaging,2016.0,,6992.224954,,,34.0071,False
KELT-17 b,KELT-17,Transit,2016.0,3.0801716,416.3573,17.093725,2087.0,226.5,False
WASP-92 b,WASP-92,Transit,2016.0,2.1746742,255.85315,16.376349,1871.0,575.889,False
WASP-93 b,WASP-93,Transit,2016.0,2.7325321,467.2101,17.900773,1942.0,370.284,False
WASP-118 b,WASP-118,Transit,2016.0,4.0460435,163.36462,16.14096,1729.0,376.658,False
HD 111998 b,HD 111998,Radial Velocity,2016.0,810.0,1525.5763536,,,33.2237,False
HAT-P-65 b,HAT-P-65,Transit,2016.0,2.60544751,176.07693748,18.05766791,1818.0,738.519,False
HAT-P-66 b,HAT-P-66,Transit,2016.0,2.972086,248.86089,17.82231,1896.0,935.456,False
OGLE-2007-BLG-349L AB c,OGLE-2007-BLG-349L A,Microlensing,2016.0,2557.0,80.0,,,2760.0,False
HATS-11 b,HATS-11,Transit,2016.0,3.619188,,18.03,1596.0,944.603,False
HATS-12 b,HATS-12,Transit,2016.0,3.142702,,7.76,1446.0,746.138,False
GJ 676 A c,GJ 676 A,Radial Velocity,2016.0,13921.42302,4288.14086724,,,16.0272,False
OGLE-2015-BLG-0051L b,OGLE-2015-BLG-0051L,Microlensing,2016.0,,230.0,,,8200.0,False
Kepler-56 d,Kepler-56,Radial Velocity,2016.0,1002.0,1784.0,,,912.994,False
HD 42618 b,HD 42618,Radial Velocity,2016.0,149.61,14.4,,337.0,24.3358,False
HD 164922 c,HD 164922,Radial Velocity,2016.0,75.74,13.0,,,22.0016,False
rho CrB c,rho CrB,Radial Velocity,2016.0,102.036,27.442,,,17.4671,False
HATS-18 b,HATS-18,Transit,2016.0,0.83784,629.144485,14.896761,2069.48,624.368,False
OGLE-2012-BLG-0950L b,OGLE-2012-BLG-0950L,Microlensing,2016.0,,35.0,,,2600.0,False
OGLE-2014-BLG-1760L b,OGLE-2014-BLG-1760L,Microlensing,2016.0,,295.89824692,,,7056.0,False
HD 9174 b,HD 9174,Radial Velocity,2016.0,1179.0,352.7913,,,81.4893,False
Kepler-761 b,Kepler-761,Transit,2016.0,10.12804789,,2.03,,830.707,False
HD 68402 b,HD 68402,Radial Velocity,2016.0,1103.0,975.7381,,,78.4293,False
HD 72892 b,HD 72892,Radial Velocity,2016.0,39.44603,1737.88572948,,,69.7311,False
HD 128356 b,HD 128356,Radial Velocity,2016.0,298.2,282.8687,,,26.1548,False
HD 147873 b,HD 147873,Radial Velocity,2016.0,116.596,1633.6462,,,109.055,False
HD 147873 c,HD 147873,Radial Velocity,2016.0,491.54,731.009,,,109.055,False
HD 165155 b,HD 165155,Radial Velocity,2016.0,434.5,918.5287,,,63.3574,False
HD 224538 b,HD 224538,Radial Velocity,2016.0,1202.05199,2075.73732612,,,79.0608,False
2MASS J22362452+4751425 b,2MASS J22362452+4751425,Imaging,2016.0,,3972.875,,,69.5737,False
GJ 536 b,GJ 536,Radial Velocity,2016.0,8.70874,6.37,,451.0,10.4092,False
WASP-130 b,WASP-130,Transit,2016.0,11.55098,390.9309,9.97601,833.0,172.256,False
WASP-131 b,WASP-131,Transit,2016.0,5.3220125,86.76715511,13.74221034,,200.075,False
WASP-132 b,WASP-132,Transit,2016.0,7.1335164,136.0305582,10.09929161,682.0,122.91,False
WASP-139 b,WASP-139,Transit,2016.0,5.924262,37.18611,8.9672,910.0,212.472,False
WASP-140 b,WASP-140,Transit,2016.0,,,14.23540549,1270.0,117.598,False
WASP-141 b,WASP-141,Transit,2016.0,3.310651,854.9627,13.56289,1540.0,516.543,False
WASP-142 b,WASP-142,Transit,2016.0,2.052868,266.9772,17.14977,2000.0,730.933,False
HATS-31 b,HATS-31,Transit,2016.0,3.37796,279.6904,18.38276,1823.0,773.974,False
HATS-32 b,HATS-32,Transit,2016.0,2.8126548,292.4036,14.000041,1437.0,745.116,False
HATS-33 b,HATS-33,Transit,2016.0,2.5495551,378.85336,13.78707,1429.0,248.46,False
HATS-34 b,HATS-34,Transit,2016.0,2.1061607,299.07803,16.02887,1445.0,508.842,False
HATS-35 b,HATS-35,Transit,2016.0,1.8209993,388.38826,16.409976,2037.0,514.555,False
HD 86950 b,HD 86950,Radial Velocity,2016.0,1270.0,1144.188,,,209.839,False
HD 222076 b,HD 222076,Radial Velocity,2016.0,871.0,495.8148,,,91.1538,False
WASP-127 b,WASP-127,Transit,2016.0,4.17806203,52.346601,14.694999,,159.507,False
WASP-136 b,WASP-136,Transit,2016.0,,,16.81347105,1630.0,275.587,False
WASP-138 b,WASP-138,Transit,2016.0,3.634433,387.7526,12.21781,1590.0,414.234,False
K2-101 b,K2-101,Transit,2016.0,14.6762429,,2.0,618.0,188.33,False
K2-102 b,K2-102,Transit,2016.0,9.915615,,1.3,,188.175,False
EPIC 211822797 b,EPIC 211822797,Transit,2016.0,21.1701963,,1.92,431.0,186.197,False
OGLE-2014-BLG-0676L b,OGLE-2014-BLG-0676L,Microlensing,2016.0,,1169.60853776,,,2670.0,False
XO-6 b,XO-6,Transit,2016.0,3.7650007,1398.452,23.20263,1577.0,235.479,False
HD 30177 c,HD 30177,Radial Velocity,2016.0,12085.45186,1954.64470305,,,55.5867,False
EPIC 220674823 b,EPIC 220674823,Transit,2016.0,0.57130782,7.54,1.606,2324.0,244.59,False
EPIC 220674823 c,EPIC 220674823,Transit,2016.0,13.340603,7.9,2.712,838.0,244.59,False
Kepler-474 b,Kepler-474,Transit,2016.0,5.660672935,,3.06,,841.496,False
Kepler-20 g,Kepler-20,Radial Velocity,2016.0,34.94,19.96,,524.0,282.563,False
Kepler-768 b,Kepler-768,Transit,2016.0,11.3910025,,1.79,,784.56,False
Kepler-500 b,Kepler-500,Transit,2016.0,8.508324398,,2.58,,807.48,False
Kepler-775 b,Kepler-775,Transit,2016.0,0.974868926,,1.19,,398.676,False
Kepler-776 b,Kepler-776,Transit,2016.0,4.89718784,,1.28,,727.904,False
HD 47366 b,HD 47366,Radial Velocity,2016.0,360.08,661.71874337,,,84.3552,False
HD 47366 c,HD 47366,Radial Velocity,2016.0,677.53,483.73483545,,,84.3552,False
Kepler-777 b,Kepler-777,Transit,2016.0,5.72812599,,1.47,,443.106,False
Kepler-778 b,Kepler-778,Transit,2016.0,3.75574426,,1.68,,938.168,False
Kepler-779 b,Kepler-779,Transit,2016.0,7.09714223,,0.92,,283.155,False
Kepler-499 b,Kepler-499,Transit,2016.0,5.632528453,,2.17,,556.726,False
Kepler-780 b,Kepler-780,Transit,2016.0,0.677375164,,0.89,,557.652,False
Kepler-851 b,Kepler-851,Transit,2016.0,8.50699658,,1.68,,839.255,False
WASP-87 b,WASP-87,Transit,2016.0,1.682795,692.8694,15.524465,,298.392,False
Kepler-850 b,Kepler-850,Transit,2016.0,7.19303878,,1.78,,1661.28,False
Kepler-476 b,Kepler-476,Transit,2016.0,14.00640607,,3.08,,813.535,False
Kepler-849 b,Kepler-849,Transit,2016.0,394.62508,298.75870258,8.08167508,362.7,822.134,False
Kepler-848 b,Kepler-848,Transit,2016.0,6.91134416,,1.7,,1378.47,False
Kepler-847 b,Kepler-847,Transit,2016.0,2.343231895,,1.18,,513.103,False
Kepler-846 b,Kepler-846,Transit,2016.0,19.80792185,,2.48,,1127.12,False
Kepler-845 b,Kepler-845,Transit,2016.0,0.927859821,,2.04,,431.051,False
Kepler-844 b,Kepler-844,Transit,2016.0,2.613020856,,1.68,,431.776,False
Kepler-843 b,Kepler-843,Transit,2016.0,2.053879821,,2.59,,1165.66,False
Kepler-842 b,Kepler-842,Transit,2016.0,1.21956827,,1.6,,532.726,False
Kepler-841 b,Kepler-841,Transit,2016.0,124.4198398,,5.23,,998.961,False
Kepler-839 b,Kepler-839,Transit,2016.0,37.8144514,,2.57,,944.561,False
Kepler-838 b,Kepler-838,Transit,2016.0,15.74957994,,2.73,,1104.04,False
Kepler-837 b,Kepler-837,Transit,2016.0,16.56059504,,2.56,,901.907,False
Kepler-836 b,Kepler-836,Transit,2016.0,11.36112327,,2.73,,980.035,False
Kepler-835 b,Kepler-835,Transit,2016.0,11.41909375,,2.79,,2406.33,False
Kepler-834 b,Kepler-834,Transit,2016.0,13.32388301,,2.02,,633.937,False
Kepler-833 b,Kepler-833,Transit,2016.0,18.7546998,,2.02,,467.37,False
Kepler-832 b,Kepler-832,Transit,2016.0,7.1396941,,2.06,,1688.12,False
Kepler-826 b,Kepler-826,Transit,2016.0,4.48758907,,1.25,,779.596,False
Kepler-825 b,Kepler-825,Transit,2016.0,3.77360059,,1.53,,807.85,False
Kepler-824 b,Kepler-824,Transit,2016.0,4.51436633,,1.87,,1201.4,False
Kepler-823 b,Kepler-823,Transit,2016.0,4.16809082,,1.57,,1389.27,False
Kepler-822 b,Kepler-822,Transit,2016.0,3.222969273,,1.77,,860.391,False
Kepler-821 b,Kepler-821,Transit,2016.0,1.92279873,,1.31,,614.571,False
Kepler-498 b,Kepler-498,Transit,2016.0,9.61375356,,3.03,,938.844,False
Kepler-820 b,Kepler-820,Transit,2016.0,127.8338098,,6.09,,1387.2,False
Kepler-819 b,Kepler-819,Transit,2016.0,33.1995648,,2.76,,664.306,False
Kepler-818 b,Kepler-818,Transit,2016.0,10.035385814,,5.11,,925.037,False
Kepler-817 b,Kepler-817,Transit,2016.0,3.990106229,,9.03,,1484.46,False
Kepler-816 b,Kepler-816,Transit,2016.0,10.506825646,,10.24,,983.697,False
Kepler-815 b,Kepler-815,Transit,2016.0,8.57503552,,4.11,,1259.28,False
Kepler-814 b,Kepler-814,Transit,2016.0,6.1469851,,2.12,,2055.77,False
Kepler-813 b,Kepler-813,Transit,2016.0,19.12947337,,2.14,,,False
Kepler-812 b,Kepler-812,Transit,2016.0,10.11716531,,3.55,,1482.74,False
Kepler-811 b,Kepler-811,Transit,2016.0,23.58447697,,2.7,,985.041,False
Kepler-810 b,Kepler-810,Transit,2016.0,4.59725385,,1.93,,1458.59,False
Kepler-809 b,Kepler-809,Transit,2016.0,55.63934,,3.01,,961.405,False
Kepler-808 b,Kepler-808,Transit,2016.0,0.631332353,,1.46,,,False
Kepler-463 b,Kepler-463,Transit,2016.0,8.981016833,,3.05,,394.804,False
Kepler-806 b,Kepler-806,Transit,2016.0,8.09219642,,1.14,,361.896,False
Kepler-805 b,Kepler-805,Transit,2016.0,30.8638931,,2.89,,638.49,False
Kepler-804 b,Kepler-804,Transit,2016.0,14.37457351,,1.94,,649.65,False
Kepler-803 b,Kepler-803,Transit,2016.0,50.28638192,,3.79,,639.771,False
Kepler-802 b,Kepler-802,Transit,2016.0,40.0587473,,3.54,,780.585,False
Kepler-801 b,Kepler-801,Transit,2016.0,11.41928253,,2.0,,440.426,False
Kepler-800 b,Kepler-800,Transit,2016.0,14.13176026,,2.85,,1019.26,False
Kepler-799 b,Kepler-799,Transit,2016.0,133.4605235,,6.88,,,False
Kepler-798 b,Kepler-798,Transit,2016.0,13.71933369,,2.39,,972.274,False
Kepler-797 b,Kepler-797,Transit,2016.0,27.07237711,,2.17,,1315.26,False
Kepler-796 b,Kepler-796,Transit,2016.0,6.40087618,,1.3,,817.584,False
Kepler-795 b,Kepler-795,Transit,2016.0,29.6193421,,1.68,,492.122,False
Kepler-794 b,Kepler-794,Transit,2016.0,11.13125132,,2.11,,931.192,False
Kepler-504 b,Kepler-504,Transit,2016.0,9.549275422,,1.59,,99.0688,False
Kepler-793 b,Kepler-793,Transit,2016.0,4.24153639,,1.37,,985.699,False
Kepler-792 b,Kepler-792,Transit,2016.0,11.30119217,,1.96,,1425.47,False
Kepler-791 b,Kepler-791,Transit,2016.0,14.5539759,,3.05,,1266.34,False
Kepler-790 b,Kepler-790,Transit,2016.0,13.73469807,,2.18,,703.168,False
Kepler-789 b,Kepler-789,Transit,2016.0,8.63847725,,2.12,,1480.16,False
Kepler-788 b,Kepler-788,Transit,2016.0,8.39846269,,2.55,,1775.8,False
Kepler-787 b,Kepler-787,Transit,2016.0,0.928310498,,1.28,,503.568,False
Kepler-786 b,Kepler-786,Transit,2016.0,53.5293487,,2.43,,485.318,False
Kepler-465 b,Kepler-465,Transit,2016.0,9.940672466,,2.95,,553.077,False
Kepler-484 b,Kepler-484,Transit,2016.0,10.045569313,,2.28,,382.136,False
Kepler-785 b,Kepler-785,Transit,2016.0,1.973760926,,13.02,,642.051,False
Kepler-784 b,Kepler-784,Transit,2016.0,31.5922646,,1.58,,1303.72,False
Kepler-831 b,Kepler-831,Transit,2016.0,5.62153941,,1.27,,593.54,False
Kepler-830 b,Kepler-830,Transit,2016.0,11.29695137,,1.7,,,False
Kepler-829 b,Kepler-829,Transit,2016.0,6.88337562,,2.11,,1073.76,False
Kepler-828 b,Kepler-828,Transit,2016.0,0.567857136,,1.51,,575.322,False
Kepler-827 b,Kepler-827,Transit,2016.0,51.92927591,,5.63,,2046.68,False
Kepler-487 c,Kepler-487,Transit,2016.0,38.6519976,,2.68,,872.343,False
Kepler-458 c,KIC 9663113,Transit,2016.0,20.74028413,,4.2,,1594.74,False
Kepler-889 b,Kepler-889,Transit,2016.0,3.744439,,1.09,,598.313,False
Kepler-888 b,Kepler-888,Transit,2016.0,70.6979061,,1.76,,420.817,False
Kepler-887 b,Kepler-887,Transit,2016.0,20.42228798,,1.84,,886.588,False
Kepler-886 b,Kepler-886,Transit,2016.0,6.24146367,,1.52,,711.297,False
Kepler-885 b,Kepler-885,Transit,2016.0,18.11472949,,2.5,,651.318,False
Kepler-853 b,Kepler-853,Transit,2016.0,7.16892463,,1.69,,568.676,False
Kepler-852 b,Kepler-852,Transit,2016.0,44.9309804,,2.54,,1619.03,False
Kepler-884 b,Kepler-884,Transit,2016.0,5.69919514,,1.23,,476.733,False
Kepler-883 b,Kepler-883,Transit,2016.0,12.98495573,,1.78,,627.455,False
Kepler-882 b,Kepler-882,Transit,2016.0,3.989539666,,1.23,,504.605,False
Kepler-881 b,Kepler-881,Transit,2016.0,4.44448017,,1.78,,1375.18,False
Kepler-880 b,Kepler-880,Transit,2016.0,7.71468975,,2.66,,601.324,False
Kepler-879 b,Kepler-879,Transit,2016.0,33.3855938,,2.57,,802.672,False
Kepler-878 b,Kepler-878,Transit,2016.0,25.9422033,,1.93,,791.625,False
Kepler-877 b,Kepler-877,Transit,2016.0,18.45847097,,2.12,,602.176,False
Kepler-876 b,Kepler-876,Transit,2016.0,5.14438011,,1.43,,820.913,False
Kepler-875 b,Kepler-875,Transit,2016.0,27.5073799,,2.9,,1242.62,False
Kepler-874 b,Kepler-874,Transit,2016.0,40.0686727,,3.94,,1082.16,False
Kepler-873 b,Kepler-873,Transit,2016.0,20.5533844,,3.75,,1182.22,False
Kepler-872 b,Kepler-872,Transit,2016.0,2.578855068,,1.99,,879.683,False
Kepler-871 b,Kepler-871,Transit,2016.0,22.0459018,,3.74,,1976.05,False
Kepler-870 b,Kepler-870,Transit,2016.0,21.3587621,,2.78,,1259.46,False
Kepler-869 b,Kepler-869,Transit,2016.0,40.4287755,,3.61,,939.455,False
Kepler-868 b,Kepler-868,Transit,2016.0,5.03251791,,2.05,,1593.13,False
Kepler-867 b,Kepler-867,Transit,2016.0,150.242127,,4.64,,1195.54,False
Kepler-866 b,Kepler-866,Transit,2016.0,2.617032536,,1.63,,646.667,False
Kepler-865 b,Kepler-865,Transit,2016.0,14.16399294,,2.49,,586.137,False
Kepler-864 b,Kepler-864,Transit,2016.0,5.83376092,,2.4,,2022.9,False
Kepler-863 b,Kepler-863,Transit,2016.0,15.59461874,,2.9,,1499.66,False
Kepler-862 b,Kepler-862,Transit,2016.0,3.148664534,,2.21,,1039.03,False
Kepler-861 b,Kepler-861,Transit,2016.0,3.949631375,,2.28,,850.327,False
Kepler-860 b,Kepler-860,Transit,2016.0,5.101379454,,3.24,,1056.36,False
Kepler-859 b,Kepler-859,Transit,2016.0,20.38177573,,3.09,,839.903,False
Kepler-858 b,Kepler-858,Transit,2016.0,76.13602028,,4.87,,298.532,False
Kepler-857 b,Kepler-857,Transit,2016.0,85.35129427,,6.8,,983.502,False
Kepler-856 b,Kepler-856,Transit,2016.0,8.027680595,,9.3,,1351.17,False
Kepler-855 b,Kepler-855,Transit,2016.0,7.886631104,,8.35,,1506.58,False
Kepler-890 b,Kepler-890,Transit,2016.0,52.75875577,,8.89,,1712.12,False
Kepler-891 b,Kepler-891,Transit,2016.0,53.44945593,,6.41,,2340.58,False
Kepler-892 b,Kepler-892,Transit,2016.0,13.7521072,,2.81,,570.727,False
Kepler-893 b,Kepler-893,Transit,2016.0,6.33855761,,3.03,,1285.59,False
Kepler-894 b,Kepler-894,Transit,2016.0,9.803224,,2.78,,1162.91,False
Kepler-895 b,Kepler-895,Transit,2016.0,2.806242328,,1.54,,540.134,False
Kepler-897 b,Kepler-897,Transit,2016.0,8.0472642,,2.39,,1519.25,False
Kepler-898 b,Kepler-898,Transit,2016.0,5.8706191,,1.49,,484.891,False
Kepler-899 b,Kepler-899,Transit,2016.0,19.17891293,,2.68,,1246.43,False
Kepler-900 b,Kepler-900,Transit,2016.0,6.9913086,,2.08,,487.525,False
Kepler-901 b,Kepler-901,Transit,2016.0,3.517494394,,1.37,,253.867,False
Kepler-902 b,Kepler-902,Transit,2016.0,40.1099547,,2.54,,1165.34,False
Kepler-903 b,Kepler-903,Transit,2016.0,10.3507721,,2.01,,1369.24,False
Kepler-904 b,Kepler-904,Transit,2016.0,3.021668632,,1.77,,978.125,False
Kepler-905 b,Kepler-905,Transit,2016.0,5.082746517,,1.41,,529.268,False
Kepler-906 b,Kepler-906,Transit,2016.0,41.6979976,,2.11,,757.791,False
Kepler-509 b,Kepler-509,Transit,2016.0,41.74600392,,2.49,,332.443,False
Kepler-466 c,Kepler-466,Transit,2016.0,3.709213846,,1.25,,530.122,False
Kepler-529 c,Kepler-529,Transit,2016.0,12.8345022,,2.0,,799.008,False
Kepler-553 c,Kepler-553,Transit,2016.0,328.24017,2129.4503269,11.57887706,251.0,728.525,True
Kepler-167 e,Kepler-167,Transit,2016.0,1071.23205,321.00669107,10.16,134.4,341.908,False
Kepler-464 b,Kepler-464,Transit,2016.0,7.256965224,,3.3,,667.604,False
Kepler-647 b,Kepler-647,Transit,2016.0,16.2254649,,1.17,,1087.87,False
Kepler-255 d,Kepler-255,Transit,2016.0,1.045622658,,1.32,,1052.53,False
Kepler-750 c,Kepler-750,Transit,2016.0,4.08899022,,1.62,,1296.02,False
Kepler-758 c,Kepler-758,Transit,2016.0,4.75793986,,1.69,,1502.32,False
Kepler-760 c,Kepler-760,Transit,2016.0,2.46697439,,1.48,,792.336,False
Kepler-732 c,Kepler-732,Transit,2016.0,0.893041236,,1.27,,174.826,False
Kepler-80 f,Kepler-80,Transit,2016.0,0.9867873,,1.21,,369.451,False
Kepler-218 d,Kepler-218,Transit,2016.0,124.5244647,,2.66,,656.38,False
Kepler-603 c,Kepler-603,Transit,2016.0,127.9075774,,6.5,,1539.63,False
Kepler-908 b,Kepler-908,Transit,2016.0,1.340597468,,1.22,,290.843,False
Kepler-911 b,Kepler-911,Transit,2016.0,20.310501,,2.6,,556.168,False
Kepler-907 b,Kepler-907,Transit,2016.0,15.86621821,,1.2,,,False
Kepler-912 b,Kepler-912,Transit,2016.0,2.534756273,,2.8,,2004.72,False
Kepler-913 b,Kepler-913,Transit,2016.0,10.29672521,,2.06,,991.618,False
Kepler-910 b,Kepler-910,Transit,2016.0,2.364369015,,0.82,,400.289,False
Kepler-914 b,Kepler-914,Transit,2016.0,4.40966548,,1.38,,753.723,False
Kepler-909 b,Kepler-909,Transit,2016.0,13.93290318,,1.47,,309.596,False
Kepler-915 b,Kepler-915,Transit,2016.0,4.59489604,,1.5,,849.036,False
Kepler-916 b,Kepler-916,Transit,2016.0,32.2968798,,1.76,,830.712,False
Kepler-923 b,Kepler-923,Transit,2016.0,6.93366476,,1.38,,1000.28,False
Kepler-924 b,Kepler-924,Transit,2016.0,61.0370117,,3.07,,1053.04,False
Kepler-925 b,Kepler-925,Transit,2016.0,33.8678531,,2.34,,611.115,False
Kepler-926 b,Kepler-926,Transit,2016.0,52.0688601,,2.31,,921.361,False
nu Oct A b,nu Oct A,Radial Velocity,2016.0,402.4,696.04421133,,,21.1999,False
Kepler-927 b,Kepler-927,Transit,2016.0,9.1149903,,1.72,,831.685,False
Kepler-928 b,Kepler-928,Transit,2016.0,3.932461302,,1.59,,508.809,False
Kepler-929 b,Kepler-929,Transit,2016.0,0.921032135,,1.11,,1311.23,False
Kepler-930 b,Kepler-930,Transit,2016.0,71.4517775,,2.13,,848.396,False
Kepler-931 b,Kepler-931,Transit,2016.0,8.03755877,,1.33,,,False
Kepler-485 b,Kepler-485,Transit,2016.0,3.243259796,,14.41,,1140.95,False
Kepler-932 b,Kepler-932,Transit,2016.0,1.921437396,,1.37,,465.612,False
Kepler-933 b,Kepler-933,Transit,2016.0,14.20443009,,2.46,,1017.2,False
Kepler-934 b,Kepler-934,Transit,2016.0,55.6738309,,2.09,,608.738,False
Kepler-507 b,Kepler-507,Transit,2016.0,3.568096926,,1.3,,391.644,False
Kepler-935 b,Kepler-935,Transit,2016.0,4.88083852,,1.35,,471.782,False
Kepler-936 b,Kepler-936,Transit,2016.0,10.56134221,,1.45,,823.399,False
Kepler-937 b,Kepler-937,Transit,2016.0,67.668827,,3.72,,1571.46,False
Kepler-938 b,Kepler-938,Transit,2016.0,52.6298417,,2.22,,1182.05,False
Kepler-939 b,Kepler-939,Transit,2016.0,14.878296,,1.75,,2093.62,False
Kepler-940 b,Kepler-940,Transit,2016.0,59.6225257,,3.34,,1260.78,False
Kepler-941 b,Kepler-941,Transit,2016.0,17.42395198,,3.08,,1088.36,False
Kepler-917 b,Kepler-917,Transit,2016.0,2.970414375,,1.91,,3460.51,False
Kepler-918 b,Kepler-918,Transit,2016.0,4.85386933,,1.74,,1025.03,False
Kepler-919 b,Kepler-919,Transit,2016.0,11.04603384,,2.25,,1119.87,False
Kepler-920 b,Kepler-920,Transit,2016.0,6.53192704,,2.42,,1001.68,False
Kepler-921 b,Kepler-921,Transit,2016.0,51.300634,,2.87,,934.49,False
Kepler-922 b,Kepler-922,Transit,2016.0,0.938466832,,1.42,,536.323,False
Kepler-943 b,Kepler-943,Transit,2016.0,49.7701438,,5.93,,2300.53,False
Kepler-945 b,Kepler-945,Transit,2016.0,31.0033814,,2.63,,1651.25,False
Kepler-944 b,Kepler-944,Transit,2016.0,43.3167737,,2.63,,1349.43,False
Kepler-942 b,Kepler-942,Transit,2016.0,44.96417488,,2.13,,216.354,False
Kepler-1034 b,Kepler-1034,Transit,2016.0,12.12400943,,2.26,,654.549,False
Kepler-951 b,Kepler-951,Transit,2016.0,71.52530845,,5.59,,382.509,False
Kepler-1024 b,Kepler-1024,Transit,2016.0,66.4162133,,3.91,,1087.4,False
Kepler-967 b,Kepler-967,Transit,2016.0,13.22713379,,2.35,,568.546,False
Kepler-975 b,Kepler-975,Transit,2016.0,1.970342457,,1.48,,426.088,False
Kepler-995 b,Kepler-995,Transit,2016.0,28.26731672,,2.7,,609.638,False
Kepler-1053 b,Kepler-1053,Transit,2016.0,2.414351654,,0.98,,151.129,False
Kepler-1060 b,Kepler-1060,Transit,2016.0,46.8779367,,2.38,,946.565,False
Kepler-1042 b,Kepler-1042,Transit,2016.0,10.13202575,,2.19,,,False
Kepler-1026 b,Kepler-1026,Transit,2016.0,36.5156053,,2.21,,351.239,False
Kepler-1032 b,Kepler-1032,Transit,2016.0,3.290117953,,1.87,,673.01,False
Kepler-1017 b,Kepler-1017,Transit,2016.0,7.23400469,,1.99,,552.058,False
Kepler-974 b,Kepler-974,Transit,2016.0,4.194496514,,1.57,,134.311,False
Kepler-955 b,Kepler-955,Transit,2016.0,14.53244172,,3.13,,550.383,False
Kepler-964 b,Kepler-964,Transit,2016.0,13.5225106,,2.12,,454.626,False
Kepler-970 b,Kepler-970,Transit,2016.0,16.736525,,2.609,,331.545,False
Kepler-959 b,Kepler-959,Transit,2016.0,14.80074836,,4.38,,807.729,False
Kepler-1051 b,Kepler-1051,Transit,2016.0,25.96200249,,3.4,,829.343,False
Kepler-971 b,Kepler-971,Transit,2016.0,9.59070716,,2.13,,338.522,False
Kepler-950 b,Kepler-950,Transit,2016.0,98.7180406,,8.98,,2161.6,False
Kepler-996 b,Kepler-996,Transit,2016.0,3.770590584,,1.98,,1216.58,False
Kepler-1029 b,Kepler-1029,Transit,2016.0,4.417696479,,1.26,,366.656,False
Kepler-948 b,Kepler-948,Transit,2016.0,7.76846622,,1.85,,868.017,False
Kepler-1057 b,Kepler-1057,Transit,2016.0,14.08827448,,3.36,,1201.82,False
Kepler-1059 b,Kepler-1059,Transit,2016.0,3.764191048,,1.73,,713.167,False
Kepler-965 b,Kepler-965,Transit,2016.0,134.2527298,,3.38,,582.828,False
Kepler-952 b,Kepler-952,Transit,2016.0,130.3546919,,7.65,,1304.25,False
Kepler-1048 b,Kepler-1048,Transit,2016.0,6.92101021,,1.61,,556.006,False
Kepler-988 b,Kepler-988,Transit,2016.0,17.76080053,,2.07,,304.889,False
Kepler-977 b,Kepler-977,Transit,2016.0,26.85328322,,2.62,,568.751,False
Kepler-947 b,Kepler-947,Transit,2016.0,26.9644317,,2.28,,1730.78,False
Kepler-1021 b,Kepler-1021,Transit,2016.0,13.47469571,,2.33,,810.082,False
Kepler-1006 b,Kepler-1006,Transit,2016.0,19.76172042,,1.54,,,False
Kepler-1009 b,Kepler-1009,Transit,2016.0,11.35011917,,2.17,,355.019,False
Kepler-1027 b,Kepler-1027,Transit,2016.0,1.907805199,,0.89,,405.104,False
Kepler-1035 b,Kepler-1035,Transit,2016.0,2.714077555,,1.17,,562.116,False
Kepler-986 b,Kepler-986,Transit,2016.0,56.4349938,,2.36,,548.364,False
Kepler-978 b,Kepler-978,Transit,2016.0,49.6221509,,2.99,,682.522,False
Kepler-1002 b,Kepler-1002,Transit,2016.0,4.336429331,,1.71,,408.303,False
Kepler-1005 b,Kepler-1005,Transit,2016.0,6.49801525,,1.5,,567.806,False
Kepler-1015 b,Kepler-1015,Transit,2016.0,16.00494214,,3.55,,739.357,False
Kepler-972 b,Kepler-972,Transit,2016.0,7.03932553,,4.65,,1198.03,False
Kepler-961 b,Kepler-961,Transit,2016.0,16.87727414,,2.55,,574.314,False
Kepler-1025 b,Kepler-1025,Transit,2016.0,37.3229493,,1.98,,803.776,False
Kepler-985 b,Kepler-985,Transit,2016.0,116.331901,,2.98,,679.361,False
Kepler-946 b,Kepler-946,Transit,2016.0,11.79162572,,1.93,,1137.29,False
Kepler-1014 b,Kepler-1014,Transit,2016.0,16.57110363,,2.39,,624.8,False
Kepler-1010 b,Kepler-1010,Transit,2016.0,34.2685705,,2.32,,579.273,False
Kepler-1038 b,Kepler-1038,Transit,2016.0,148.4603382,,3.53,,584.136,False
Kepler-993 b,Kepler-993,Transit,2016.0,22.08557563,,2.97,,324.423,False
Kepler-1013 b,Kepler-1013,Transit,2016.0,18.93054959,,2.15,,422.246,False
Kepler-1054 b,Kepler-1054,Transit,2016.0,4.30655689,,2.63,,1090.51,False
Kepler-1033 b,Kepler-1033,Transit,2016.0,7.56052806,,2.51,,1455.5,False
Kepler-953 b,Kepler-953,Transit,2016.0,88.40655258,,4.21,,258.893,False
Kepler-1003 b,Kepler-1003,Transit,2016.0,3.554856915,,1.78,,941.902,False
Kepler-1055 b,Kepler-1055,Transit,2016.0,2.295036233,,1.23,,389.397,False
Kepler-1008 b,Kepler-1008,Transit,2016.0,12.43931193,,1.28,,282.565,False
Kepler-1045 b,Kepler-1045,Transit,2016.0,26.41045478,,2.69,,942.485,False
Kepler-983 b,Kepler-983,Transit,2016.0,60.0855082,,2.36,,714.437,False
Kepler-980 b,Kepler-980,Transit,2016.0,11.55102504,,2.67,,961.468,False
Kepler-963 b,Kepler-963,Transit,2016.0,9.97683705,,2.66,,771.494,False
Kepler-1039 b,Kepler-1039,Transit,2016.0,0.934884242,,1.46,,306.91,False
Kepler-1018 b,Kepler-1018,Transit,2016.0,49.1013514,,2.58,,1010.01,False
Kepler-1030 b,Kepler-1030,Transit,2016.0,19.32952416,,2.48,,758.702,False
Kepler-1058 b,Kepler-1058,Transit,2016.0,110.96546,,2.72,,491.997,False
Kepler-1007 b,Kepler-1007,Transit,2016.0,5.185002073,,1.44,,,False
Kepler-1016 b,Kepler-1016,Transit,2016.0,1.954524342,,2.18,,1402.82,False
Kepler-958 b,Kepler-958,Transit,2016.0,9.7678805,,2.06,,449.773,False
Kepler-987 b,Kepler-987,Transit,2016.0,105.3033148,,3.26,,914.126,False
Kepler-999 b,Kepler-999,Transit,2016.0,5.991857017,,2.34,,545.063,False
Kepler-962 b,Kepler-962,Transit,2016.0,12.05707239,,1.97,,411.486,False
Kepler-1020 b,Kepler-1020,Transit,2016.0,96.9151496,,2.28,,415.358,False
Kepler-984 b,Kepler-984,Transit,2016.0,43.0342272,,2.12,,460.188,False
Kepler-479 b,Kepler-479,Transit,2016.0,12.49341307,,2.12,,344.901,False
Kepler-1012 b,Kepler-1012,Transit,2016.0,5.50860439,,1.29,,411.077,False
Kepler-949 b,Kepler-949,Transit,2016.0,8.689307296,,2.91,,486.105,False
Kepler-979 b,Kepler-979,Transit,2016.0,8.0880135,,2.72,,576.503,False
Kepler-982 b,Kepler-982,Transit,2016.0,15.7738221,,2.25,,801.479,False
Kepler-1044 b,Kepler-1044,Transit,2016.0,6.77408868,,2.67,,1278.96,False
Kepler-1052 b,Kepler-1052,Transit,2016.0,34.8538276,,2.93,,943.444,False
Kepler-960 b,Kepler-960,Transit,2016.0,3.12686223,,2.29,,284.916,False
Kepler-976 b,Kepler-976,Transit,2016.0,105.9564148,,3.96,,1012.41,False
Kepler-1011 b,Kepler-1011,Transit,2016.0,5.753221974,,2.87,,736.779,False
Kepler-990 b,Kepler-990,Transit,2016.0,9.91723428,,2.6,,802.163,False
Kepler-1056 b,Kepler-1056,Transit,2016.0,27.495606,,3.01,,982.51,False
Kepler-493 b,Kepler-493,Transit,2016.0,3.003876581,,15.13,,1745.77,False
Kepler-1022 b,Kepler-1022,Transit,2016.0,10.99469878,,2.36,,420.042,False
Kepler-1046 b,Kepler-1046,Transit,2016.0,14.37508035,,1.71,,721.534,False
Kepler-1000 b,Kepler-1000,Transit,2016.0,120.0181272,,4.76,,1115.62,False
Kepler-473 b,Kepler-473,Transit,2016.0,14.55731705,,4.08,,905.937,False
Kepler-1037 b,Kepler-1037,Transit,2016.0,1.063788673,,1.28,,446.914,False
Kepler-989 b,Kepler-989,Transit,2016.0,7.964315352,,2.21,,491.978,False
Kepler-1019 b,Kepler-1019,Transit,2016.0,1.411229847,,1.46,,194.182,False
Kepler-497 b,Kepler-497,Transit,2016.0,3.573203671,,6.04,,1291.98,False
Kepler-994 b,Kepler-994,Transit,2016.0,1.151166506,,1.6,,188.158,False
Kepler-1043 b,Kepler-1043,Transit,2016.0,38.5053398,,2.55,,903.332,False
Kepler-992 b,Kepler-992,Transit,2016.0,20.16034462,,1.62,,259.639,False
Kepler-981 b,Kepler-981,Transit,2016.0,4.469757736,,2.31,,878.082,False
Kepler-1049 b,Kepler-1049,Transit,2016.0,3.273460736,,0.95,,162.006,False
Kepler-969 b,Kepler-969,Transit,2016.0,34.1731714,,2.07,,390.354,False
Kepler-954 b,Kepler-954,Transit,2016.0,16.78176602,,2.32,,215.814,False
Kepler-1040 b,Kepler-1040,Transit,2016.0,201.1214,,2.08,,482.119,False
Kepler-1050 b,Kepler-1050,Transit,2016.0,15.3787546,,1.6,,490.488,False
Kepler-1001 b,Kepler-1001,Transit,2016.0,14.30511983,,3.15,,928.978,False
Kepler-957 b,Kepler-957,Transit,2016.0,5.907413537,,5.5,,824.688,False
Kepler-956 b,Kepler-956,Transit,2016.0,5.248672631,,3.0,,544.939,False
Kepler-998 b,Kepler-998,Transit,2016.0,5.65377733,,2.32,,986.364,False
Kepler-411 c,Kepler-411,Transit,2016.0,7.834435,26.4,4.421,838.0,153.676,False
Kepler-1041 b,Kepler-1041,Transit,2016.0,24.7576421,,2.94,,1485.82,False
Kepler-991 b,Kepler-991,Transit,2016.0,82.5342519,,2.54,,389.561,False
Kepler-1023 b,Kepler-1023,Transit,2016.0,62.1387714,,2.63,,694.175,False
Kepler-1028 b,Kepler-1028,Transit,2016.0,2.51462432,,1.33,,607.916,False
Kepler-1004 b,Kepler-1004,Transit,2016.0,5.28789787,,6.28,,1152.68,False
Kepler-997 b,Kepler-997,Transit,2016.0,2.707306716,,1.36,,467.568,False
Kepler-973 b,Kepler-973,Transit,2016.0,49.6077331,,1.96,,328.52,False
Kepler-1036 b,Kepler-1036,Transit,2016.0,122.8808058,,3.01,,489.435,False
Kepler-968 b,Kepler-968,Transit,2016.0,3.692983728,,2.0,,290.324,False
Kepler-966 b,Kepler-966,Transit,2016.0,99.747622,,4.13,,1027.8,False
Kepler-1061 b,Kepler-1061,Transit,2016.0,2.757982666,,1.98,,543.375,False
Kepler-1047 b,Kepler-1047,Transit,2016.0,56.1886887,,2.09,,817.647,False
Kepler-1062 b,Kepler-1062,Transit,2016.0,9.30412078,,1.76,,397.455,False
Kepler-1063 b,Kepler-1063,Transit,2016.0,14.07971466,,1.49,,343.226,False
Kepler-1112 b,Kepler-1112,Transit,2016.0,14.36267939,,3.02,,1671.28,False
Kepler-1113 b,Kepler-1113,Transit,2016.0,42.3004954,,2.81,,1073.88,False
Kepler-1114 b,Kepler-1114,Transit,2016.0,14.97435694,,1.35,,418.417,False
Kepler-1115 b,Kepler-1115,Transit,2016.0,23.5540725,,1.7,,983.245,False
Kepler-1116 b,Kepler-1116,Transit,2016.0,41.6977827,,2.54,,1008.57,False
Kepler-1117 b,Kepler-1117,Transit,2016.0,4.79028459,,1.11,,568.487,False
Kepler-1118 b,Kepler-1118,Transit,2016.0,38.6715075,,2.74,,888.325,False
Kepler-1119 b,Kepler-1119,Transit,2016.0,8.3265153,,1.92,,1757.23,False
Kepler-1120 b,Kepler-1120,Transit,2016.0,2.949029052,,1.38,,615.231,False
Kepler-1121 b,Kepler-1121,Transit,2016.0,13.15141081,,1.91,,482.047,False
Kepler-1122 b,Kepler-1122,Transit,2016.0,42.1917357,,2.04,,1230.42,False
Kepler-1123 b,Kepler-1123,Transit,2016.0,4.33946454,,1.67,,704.323,False
Kepler-1124 b,Kepler-1124,Transit,2016.0,2.852348975,,1.28,,289.899,False
Kepler-1125 b,Kepler-1125,Transit,2016.0,17.6700642,,1.84,,2011.41,False
Kepler-1068 b,Kepler-1068,Transit,2016.0,16.92344113,,3.63,,1473.61,False
Kepler-1126 b,Kepler-1126,Transit,2016.0,108.593329,,1.73,,635.736,False
Kepler-1127 b,Kepler-1127,Transit,2016.0,5.12330347,,1.96,,842.459,False
Kepler-1128 b,Kepler-1128,Transit,2016.0,61.6178167,,3.65,,1083.41,False
Kepler-1129 b,Kepler-1129,Transit,2016.0,24.3397804,,2.96,,1183.88,False
Kepler-1130 b,Kepler-1130,Transit,2016.0,5.45298175,,0.8,,249.343,False
Kepler-1131 b,Kepler-1131,Transit,2016.0,3.53232449,,1.59,,1030.7,False
Kepler-1132 b,Kepler-1132,Transit,2016.0,62.8916228,,2.35,,867.931,False
Kepler-1133 b,Kepler-1133,Transit,2016.0,11.55562343,,1.97,,753.135,False
Kepler-1069 b,Kepler-1069,Transit,2016.0,23.8990296,,1.6,,695.967,False
Kepler-1134 b,Kepler-1134,Transit,2016.0,17.13263989,,2.64,,944.445,False
Kepler-462 b,Kepler-462,Transit,2016.0,84.6866,53.9,3.0,,596.625,False
Kepler-1135 b,Kepler-1135,Transit,2016.0,76.957857,,1.85,,1314.64,False
Kepler-1070 b,Kepler-1070,Transit,2016.0,6.2216147,,1.73,,939.001,False
Kepler-478 b,Kepler-478,Transit,2016.0,13.2217576,,2.71,,,False
Kepler-1136 b,Kepler-1136,Transit,2016.0,2.361724329,,1.64,,491.406,False
Kepler-1137 b,Kepler-1137,Transit,2016.0,23.9210791,,2.2,,921.778,False
Kepler-1138 b,Kepler-1138,Transit,2016.0,3.17060005,,1.7,,872.328,False
Kepler-1071 b,Kepler-1071,Transit,2016.0,6.1799844,,2.38,,1042.27,False
Kepler-1139 b,Kepler-1139,Transit,2016.0,0.813166719,,1.19,,495.156,False
Kepler-1140 b,Kepler-1140,Transit,2016.0,24.0862707,,2.77,,656.48,False
Kepler-1141 b,Kepler-1141,Transit,2016.0,2.344511944,,0.82,,393.642,False
Kepler-1142 b,Kepler-1142,Transit,2016.0,18.3027248,,1.47,,1273.51,False
Kepler-1143 b,Kepler-1143,Transit,2016.0,2.888904849,,1.67,,555.189,False
Kepler-1072 b,Kepler-1072,Transit,2016.0,1.569066502,,1.58,,982.716,False
Kepler-490 b,Kepler-490,Transit,2016.0,3.268695154,,11.65,,1523.0,False
Kepler-1144 b,Kepler-1144,Transit,2016.0,17.14647302,,1.99,,1140.57,False
Kepler-1145 b,Kepler-1145,Transit,2016.0,3.97076766,,1.4,,691.961,False
Kepler-1146 b,Kepler-1146,Transit,2016.0,2.352265797,,1.23,,703.038,False
Kepler-1147 b,Kepler-1147,Transit,2016.0,10.62784997,,2.61,,1657.36,False
Kepler-1148 b,Kepler-1148,Transit,2016.0,1.104463509,,1.69,,625.692,False
Kepler-1149 b,Kepler-1149,Transit,2016.0,3.73089898,,1.44,,1217.73,False
Kepler-1150 b,Kepler-1150,Transit,2016.0,2.787868386,,1.02,,358.518,False
Kepler-1151 b,Kepler-1151,Transit,2016.0,65.6478424,,2.22,,682.436,False
Kepler-1064 b,Kepler-1064,Transit,2016.0,16.54080322,,1.55,,,False
Kepler-481 b,Kepler-481,Transit,2016.0,10.06082567,,2.5,,813.724,False
Kepler-1153 b,Kepler-1153,Transit,2016.0,1.755835327,,1.73,,1119.49,False
Kepler-1154 b,Kepler-1154,Transit,2016.0,5.1856142,,2.34,,1460.1,False
Kepler-1155 b,Kepler-1155,Transit,2016.0,33.469743,,2.03,,1128.72,False
Kepler-1156 b,Kepler-1156,Transit,2016.0,11.89520511,,1.32,,691.331,False
Kepler-1157 b,Kepler-1157,Transit,2016.0,4.45743164,,1.09,,342.144,False
Kepler-1158 b,Kepler-1158,Transit,2016.0,13.5396293,,2.34,,1484.25,False
Kepler-1159 b,Kepler-1159,Transit,2016.0,22.70816791,,2.37,,1213.71,False
Kepler-1160 b,Kepler-1160,Transit,2016.0,7.97034958,,2.14,,1077.63,False
Kepler-1161 b,Kepler-1161,Transit,2016.0,10.71252541,,2.13,,547.726,False
Kepler-1162 b,Kepler-1162,Transit,2016.0,32.5637069,,2.21,,940.211,False
Kepler-1163 b,Kepler-1163,Transit,2016.0,6.11786898,,1.03,,478.647,False
Kepler-1164 b,Kepler-1164,Transit,2016.0,3.97599768,,1.12,,431.622,False
Kepler-1166 b,Kepler-1166,Transit,2016.0,33.2406882,,1.69,,634.906,False
Kepler-1167 b,Kepler-1167,Transit,2016.0,1.003933739,,1.71,,820.905,False
Kepler-1168 b,Kepler-1168,Transit,2016.0,55.8226539,,2.5,,752.666,False
Kepler-1073 b,Kepler-1073,Transit,2016.0,8.67888593,,2.3,,809.897,False
Kepler-1169 b,Kepler-1169,Transit,2016.0,6.11009134,,0.94,,522.823,False
Kepler-1170 b,Kepler-1170,Transit,2016.0,9.98969327,,2.41,,1050.45,False
Kepler-480 b,Kepler-480,Transit,2016.0,4.919583795,,2.78,,847.508,False
Kepler-1171 b,Kepler-1171,Transit,2016.0,1.44259224,,2.56,,573.0,False
Kepler-1172 b,Kepler-1172,Transit,2016.0,26.0204423,,3.2,,1306.53,False
Kepler-1173 b,Kepler-1173,Transit,2016.0,0.7698536,,0.89,,377.06,False
Kepler-1174 b,Kepler-1174,Transit,2016.0,6.89225223,,1.59,,1408.75,False
Kepler-1175 b,Kepler-1175,Transit,2016.0,37.94563,,2.99,,1121.89,False
Kepler-1176 b,Kepler-1176,Transit,2016.0,24.1738579,,2.45,,864.699,False
Kepler-1074 b,Kepler-1074,Transit,2016.0,5.94566534,,1.25,,250.817,False
Kepler-1177 b,Kepler-1177,Transit,2016.0,106.247547,,1.9,,1299.97,False
Kepler-1179 b,Kepler-1179,Transit,2016.0,2.685057492,,1.32,,415.205,False
Kepler-1075 b,Kepler-1075,Transit,2016.0,1.52372816,,1.42,,291.275,False
Kepler-1180 b,Kepler-1180,Transit,2016.0,16.8601286,,1.99,,1596.8,False
Kepler-1181 b,Kepler-1181,Transit,2016.0,4.89337519,,1.57,,938.417,False
Kepler-1182 b,Kepler-1182,Transit,2016.0,11.17394617,,2.41,,1545.39,False
Kepler-1183 b,Kepler-1183,Transit,2016.0,28.5057189,,2.82,,1919.19,False
Kepler-1184 b,Kepler-1184,Transit,2016.0,53.5991044,,2.68,,1157.84,False
Kepler-1076 b,Kepler-1076,Transit,2016.0,6.14727918,,0.8,,,False
Kepler-1065 b,Kepler-1065,Transit,2016.0,3.609308907,,3.73,,1122.48,False
Kepler-1077 b,Kepler-1077,Transit,2016.0,34.3511874,,2.77,,1101.42,False
Kepler-1078 b,Kepler-1078,Transit,2016.0,3.00725242,,1.9,,2481.71,False
Kepler-1079 b,Kepler-1079,Transit,2016.0,13.24503188,,1.63,,591.098,False
Kepler-1080 b,Kepler-1080,Transit,2016.0,77.2548396,,3.28,,1382.82,False
Kepler-1066 b,Kepler-1066,Transit,2016.0,1.931559839,,2.36,,344.251,False
Kepler-1081 b,Kepler-1081,Transit,2016.0,3.856918547,,1.01,,420.215,False
Kepler-1082 b,Kepler-1082,Transit,2016.0,1.543206604,,1.12,,739.557,False
Kepler-1083 b,Kepler-1083,Transit,2016.0,33.4177993,,3.36,,902.633,False
Kepler-1084 b,Kepler-1084,Transit,2016.0,2.05333679,,1.11,,405.533,False
Kepler-1086 b,Kepler-1086,Transit,2016.0,18.78425728,,2.44,,466.084,False
Kepler-1087 b,Kepler-1087,Transit,2016.0,0.693842855,,0.61,,362.623,False
Kepler-1088 b,Kepler-1088,Transit,2016.0,23.12748644,,1.42,,280.629,False
Kepler-1089 b,Kepler-1089,Transit,2016.0,5.132485618,,1.83,,259.328,False
Kepler-1091 b,Kepler-1091,Transit,2016.0,1.434741564,,1.46,,914.299,False
Kepler-1092 b,Kepler-1092,Transit,2016.0,58.6017925,,2.07,,981.233,False
Kepler-1093 b,Kepler-1093,Transit,2016.0,25.0824626,,1.95,,1072.88,False
Kepler-1094 b,Kepler-1094,Transit,2016.0,78.1000231,,3.18,,1291.01,False
Kepler-1095 b,Kepler-1095,Transit,2016.0,4.27103091,,1.21,,792.522,False
Kepler-1096 b,Kepler-1096,Transit,2016.0,2.892217506,,1.24,,377.976,False
Kepler-1097 b,Kepler-1097,Transit,2016.0,187.747029,,3.26,,719.802,False
Kepler-1098 b,Kepler-1098,Transit,2016.0,2.543072855,,1.3,,1049.19,False
Kepler-1099 b,Kepler-1099,Transit,2016.0,2.168452593,,2.83,,1022.8,False
Kepler-1100 b,Kepler-1100,Transit,2016.0,6.42200058,,1.75,,693.618,False
Kepler-1101 b,Kepler-1101,Transit,2016.0,81.3151059,,2.47,,742.473,False
Kepler-1102 b,Kepler-1102,Transit,2016.0,51.3285623,,2.66,,1246.05,False
Kepler-1103 b,Kepler-1103,Transit,2016.0,19.79191978,,2.27,,1331.92,False
Kepler-1104 b,Kepler-1104,Transit,2016.0,5.03728015,,1.23,,530.658,False
Kepler-1105 b,Kepler-1105,Transit,2016.0,4.421572182,,2.01,,318.004,False
Kepler-1106 b,Kepler-1106,Transit,2016.0,1.252752174,,1.65,,1090.7,False
Kepler-1107 b,Kepler-1107,Transit,2016.0,0.571038518,,1.34,,428.798,False
Kepler-1108 b,Kepler-1108,Transit,2016.0,4.51005748,,1.46,,767.701,False
Kepler-1109 b,Kepler-1109,Transit,2016.0,37.6467384,,2.19,,685.087,False
Kepler-1110 b,Kepler-1110,Transit,2016.0,9.69312032,,2.66,,726.828,False
Kepler-1111 b,Kepler-1111,Transit,2016.0,8.79617863,,2.0,,841.536,False
Kepler-804 c,Kepler-804,Transit,2016.0,9.65185017,,1.14,,649.65,False
Kepler-825 c,Kepler-825,Transit,2016.0,8.1818246,,1.84,,807.85,False
Kepler-508 b,Kepler-508,Transit,2016.0,25.30889748,,1.64,,324.618,False
Kepler-1152 b,Kepler-1152,Transit,2016.0,1.646801908,,0.87,,215.233,False
Kepler-1186 b,Kepler-1186,Transit,2016.0,16.07677615,,2.23,,1337.25,False
Kepler-1187 b,Kepler-1187,Transit,2016.0,18.87064068,,2.61,,1020.53,False
Kepler-1188 b,Kepler-1188,Transit,2016.0,17.1369543,,2.08,,1717.48,False
Kepler-1189 b,Kepler-1189,Transit,2016.0,3.78858982,,1.77,,782.852,False
Kepler-1190 b,Kepler-1190,Transit,2016.0,10.45843441,,1.33,,342.509,False
Kepler-520 c,Kepler-520,Transit,2016.0,5.21104261,,1.07,,623.901,False
Kepler-1191 b,Kepler-1191,Transit,2016.0,5.60014851,,1.51,,955.536,False
Kepler-1192 b,Kepler-1192,Transit,2016.0,25.2034787,,2.36,,1304.19,False
Kepler-1193 b,Kepler-1193,Transit,2016.0,2.832652134,,1.32,,802.116,False
Kepler-1194 b,Kepler-1194,Transit,2016.0,16.22371307,,1.51,,757.382,False
Kepler-1195 b,Kepler-1195,Transit,2016.0,8.49642241,,2.08,,918.566,False
Kepler-1196 b,Kepler-1196,Transit,2016.0,66.1849031,,2.23,,922.333,False
Kepler-1197 b,Kepler-1197,Transit,2016.0,2.03231845,,1.25,,486.94,False
Kepler-1198 b,Kepler-1198,Transit,2016.0,7.6847716,,1.47,,743.03,False
Kepler-1199 b,Kepler-1199,Transit,2016.0,15.0447198,,1.15,,563.493,False
Kepler-1200 b,Kepler-1200,Transit,2016.0,1.118549717,,1.06,,588.715,False
Kepler-1201 b,Kepler-1201,Transit,2016.0,15.18725932,,2.29,,944.241,False
Kepler-1202 b,Kepler-1202,Transit,2016.0,28.6851324,,2.94,,1175.38,False
Kepler-1203 b,Kepler-1203,Transit,2016.0,0.588000765,,1.06,,317.022,False
Kepler-1204 b,Kepler-1204,Transit,2016.0,85.7350285,,3.05,,1175.22,False
Kepler-1205 b,Kepler-1205,Transit,2016.0,1.078390352,,1.41,,698.485,False
Kepler-1206 b,Kepler-1206,Transit,2016.0,1.216997663,,1.64,,762.019,False
Kepler-1207 b,Kepler-1207,Transit,2016.0,13.68237119,,1.62,,1754.19,False
Kepler-1209 b,Kepler-1209,Transit,2016.0,25.369116,,1.51,,505.531,False
Kepler-1210 b,Kepler-1210,Transit,2016.0,8.07124073,,1.7,,1176.53,False
Kepler-1211 b,Kepler-1211,Transit,2016.0,11.01816836,,2.55,,1826.53,False
Kepler-1212 b,Kepler-1212,Transit,2016.0,12.94130146,,2.14,,1316.57,False
Kepler-1213 b,Kepler-1213,Transit,2016.0,5.34982412,,1.19,,807.812,False
Kepler-1214 b,Kepler-1214,Transit,2016.0,18.82634264,,2.36,,729.227,False
Kepler-1215 b,Kepler-1215,Transit,2016.0,4.76703963,,1.22,,661.022,False
Kepler-1216 b,Kepler-1216,Transit,2016.0,4.37034536,,1.39,,1258.36,False
Kepler-1217 b,Kepler-1217,Transit,2016.0,2.032325072,,1.99,,1347.71,False
Kepler-516 b,Kepler-516,Transit,2016.0,24.85462415,,5.74,,687.094,False
Kepler-1218 b,Kepler-1218,Transit,2016.0,22.9221266,,1.44,,840.503,False
Kepler-1219 b,Kepler-1219,Transit,2016.0,16.10467749,,2.12,,880.895,False
Kepler-1220 b,Kepler-1220,Transit,2016.0,7.42693741,,1.52,,961.907,False
Kepler-1221 b,Kepler-1221,Transit,2016.0,12.00096042,,1.88,,913.65,False
Kepler-1222 b,Kepler-1222,Transit,2016.0,1.916944254,,0.79,,415.218,False
Kepler-1223 b,Kepler-1223,Transit,2016.0,16.301259,,1.22,,459.957,False
Kepler-1224 b,Kepler-1224,Transit,2016.0,13.32351601,,1.33,,559.598,False
Kepler-510 b,Kepler-510,Transit,2016.0,19.55659418,,2.47,,386.177,False
Kepler-1225 b,Kepler-1225,Transit,2016.0,7.01075434,,1.82,,1347.52,False
Kepler-1226 b,Kepler-1226,Transit,2016.0,17.2923453,,1.45,,1125.72,False
Kepler-1227 b,Kepler-1227,Transit,2016.0,94.2887577,,2.29,,623.706,False
Kepler-1228 b,Kepler-1228,Transit,2016.0,0.577369579,,1.54,,515.453,False
Kepler-1229 b,Kepler-1229,Transit,2016.0,86.828989,,1.4,,265.482,False
Kepler-1230 b,Kepler-1230,Transit,2016.0,9.95661537,,2.71,,1364.22,False
Kepler-1231 b,Kepler-1231,Transit,2016.0,10.41725184,,1.42,,987.237,False
Kepler-1232 b,Kepler-1232,Transit,2016.0,26.7839183,,1.93,,632.865,False
Kepler-1233 b,Kepler-1233,Transit,2016.0,45.1263042,,2.6,,1178.7,False
Kepler-1234 b,Kepler-1234,Transit,2016.0,11.94014029,,2.81,,916.749,False
Kepler-1235 b,Kepler-1235,Transit,2016.0,4.16055856,,0.79,,540.604,False
Kepler-1236 b,Kepler-1236,Transit,2016.0,31.0571618,,2.14,,999.64,False
Kepler-518 b,Kepler-518,Transit,2016.0,8.512035877,,2.11,,337.901,False
Kepler-549 b,Kepler-549,Transit,2016.0,42.9495649,,2.57,,635.145,False
Kepler-1237 b,Kepler-1237,Transit,2016.0,84.5733226,,2.86,,1064.31,False
Kepler-1238 b,Kepler-1238,Transit,2016.0,4.14787559,,1.93,,1632.13,False
Kepler-1239 b,Kepler-1239,Transit,2016.0,5.19104016,,2.9,,2140.6,False
Kepler-1240 b,Kepler-1240,Transit,2016.0,4.8663815,,1.15,,862.186,False
Kepler-1241 b,Kepler-1241,Transit,2016.0,18.5525701,,2.63,,968.722,False
Kepler-1242 b,Kepler-1242,Transit,2016.0,13.62798432,,2.26,,687.615,False
Kepler-1243 b,Kepler-1243,Transit,2016.0,16.8320729,,1.75,,758.17,False
Kepler-519 b,Kepler-519,Transit,2016.0,24.3078946,,2.1,,246.61,False
Kepler-1244 b,Kepler-1244,Transit,2016.0,3.70428172,,1.35,,1075.81,False
Kepler-1245 b,Kepler-1245,Transit,2016.0,4.35409304,,1.44,,805.936,False
Kepler-1246 b,Kepler-1246,Transit,2016.0,11.32271513,,1.36,,436.505,False
Kepler-1247 b,Kepler-1247,Transit,2016.0,13.71220213,,2.33,,1045.92,False
Kepler-520 b,Kepler-520,Transit,2016.0,19.67416124,,1.66,,623.901,False
Kepler-1248 b,Kepler-1248,Transit,2016.0,7.46725407,,1.18,,593.026,False
Kepler-1249 b,Kepler-1249,Transit,2016.0,24.3347127,,2.38,,1904.54,False
Kepler-1250 b,Kepler-1250,Transit,2016.0,2.607543834,,1.92,,2126.85,False
Kepler-1251 b,Kepler-1251,Transit,2016.0,45.0904643,,1.84,,902.204,False
Kepler-1252 b,Kepler-1252,Transit,2016.0,15.0540329,,1.67,,648.979,False
Kepler-1253 b,Kepler-1253,Transit,2016.0,68.8861915,,1.33,,514.524,False
Kepler-1254 b,Kepler-1254,Transit,2016.0,9.99113313,,1.55,,622.818,False
Kepler-1255 b,Kepler-1255,Transit,2016.0,36.2919336,,2.32,,1617.07,False
Kepler-1256 b,Kepler-1256,Transit,2016.0,12.4127754,,1.49,,891.192,False
Kepler-1257 b,Kepler-1257,Transit,2016.0,2.668313762,,1.52,,1105.95,False
Kepler-1258 b,Kepler-1258,Transit,2016.0,0.984940167,,0.86,,717.555,False
Kepler-1259 b,Kepler-1259,Transit,2016.0,0.663085258,,1.43,,805.562,False
Kepler-1260 b,Kepler-1260,Transit,2016.0,19.1187753,,1.77,,1734.43,False
Kepler-1261 b,Kepler-1261,Transit,2016.0,48.4308991,,2.26,,744.294,False
Kepler-1262 b,Kepler-1262,Transit,2016.0,8.67900242,,1.82,,1054.87,False
Kepler-1263 b,Kepler-1263,Transit,2016.0,4.55139967,,1.14,,664.83,False
Kepler-522 b,Kepler-522,Transit,2016.0,38.58422849,,6.91,,639.239,False
Kepler-167 d,Kepler-167,Transit,2016.0,21.80379,,1.238,538.0,341.908,False
Kepler-1264 b,Kepler-1264,Transit,2016.0,0.968526023,,1.18,,801.993,False
Kepler-1265 b,Kepler-1265,Transit,2016.0,6.49441289,,1.35,,583.641,False
Kepler-1266 b,Kepler-1266,Transit,2016.0,28.474748,,2.58,,849.312,False
Kepler-1267 b,Kepler-1267,Transit,2016.0,13.0313945,,3.01,,1379.43,False
Kepler-1268 b,Kepler-1268,Transit,2016.0,40.9903986,,2.03,,1840.77,False
Kepler-436 c,Kepler-436,Transit,2016.0,16.79713874,,2.33,,588.867,False
Kepler-1269 b,Kepler-1269,Transit,2016.0,37.3331536,,1.63,,1097.23,False
Kepler-1270 b,Kepler-1270,Transit,2016.0,6.03356196,,3.32,,1095.05,False
Kepler-1271 b,Kepler-1271,Transit,2016.0,3.0255955,,1.48,,831.991,False
Kepler-1272 b,Kepler-1272,Transit,2016.0,51.1309704,,2.37,,1206.37,False
Kepler-1273 b,Kepler-1273,Transit,2016.0,28.625653,,2.49,,1114.24,False
Kepler-1274 b,Kepler-1274,Transit,2016.0,6.98152703,,1.42,,614.648,False
Kepler-523 b,Kepler-523,Transit,2016.0,5.835983111,,1.96,,253.295,False
Kepler-1275 b,Kepler-1275,Transit,2016.0,3.65691115,,1.48,,1153.98,False
Kepler-1276 b,Kepler-1276,Transit,2016.0,12.5720095,,1.19,,538.481,False
Kepler-1277 b,Kepler-1277,Transit,2016.0,40.8365012,,1.6,,557.193,False
Kepler-1278 b,Kepler-1278,Transit,2016.0,3.23941344,,1.01,,889.426,False
Kepler-1279 b,Kepler-1279,Transit,2016.0,23.4774101,,1.75,,1494.22,False
Kepler-1280 b,Kepler-1280,Transit,2016.0,66.5579057,,1.87,,1486.7,False
Kepler-1281 b,Kepler-1281,Transit,2016.0,3.11602791,,1.64,,,False
Kepler-1282 b,Kepler-1282,Transit,2016.0,2.131946513,,1.55,,1103.29,False
Kepler-1283 b,Kepler-1283,Transit,2016.0,12.9460978,,1.91,,2921.99,False
Kepler-1284 b,Kepler-1284,Transit,2016.0,0.664073806,,1.21,,882.324,False
Kepler-1285 b,Kepler-1285,Transit,2016.0,14.7967458,,0.97,,422.269,False
Kepler-1286 b,Kepler-1286,Transit,2016.0,11.25402929,,2.15,,1354.46,False
Kepler-1287 b,Kepler-1287,Transit,2016.0,11.47685909,,1.54,,1003.26,False
Kepler-1288 b,Kepler-1288,Transit,2016.0,2.76122421,,1.12,,814.078,False
Kepler-1289 b,Kepler-1289,Transit,2016.0,7.99019627,,1.52,,1053.57,False
Kepler-512 b,Kepler-512,Transit,2016.0,34.43587975,,2.69,,467.375,False
Kepler-1290 b,Kepler-1290,Transit,2016.0,4.69500134,,1.42,,1593.7,False
Kepler-1291 b,Kepler-1291,Transit,2016.0,8.63043276,,1.66,,897.352,False
Kepler-1292 b,Kepler-1292,Transit,2016.0,3.27646405,,1.82,,1493.43,False
Kepler-1293 b,Kepler-1293,Transit,2016.0,5.57654784,,0.97,,1028.16,False
Kepler-513 b,Kepler-513,Transit,2016.0,28.86235584,,2.2,,468.258,False
Kepler-1294 b,Kepler-1294,Transit,2016.0,115.6862258,,3.19,,1855.7,False
Kepler-1295 b,Kepler-1295,Transit,2016.0,3.81371974,,1.55,,1174.46,False
Kepler-1296 b,Kepler-1296,Transit,2016.0,8.3839865,,0.91,,1551.54,False
Kepler-1297 b,Kepler-1297,Transit,2016.0,1.68189002,,0.97,,1439.47,False
Kepler-1298 b,Kepler-1298,Transit,2016.0,7.12811928,,1.31,,544.163,False
Kepler-514 b,Kepler-514,Transit,2016.0,5.65179605,,1.72,,455.336,False
Kepler-1299 b,Kepler-1299,Transit,2016.0,19.9400874,,2.98,,1404.94,False
Kepler-1300 b,Kepler-1300,Transit,2016.0,22.2419092,,1.37,,777.025,False
Kepler-1301 b,Kepler-1301,Transit,2016.0,9.08237046,,1.4,,854.28,False
Kepler-616 c,Kepler-616,Transit,2016.0,90.4113556,,3.41,,945.775,False
Kepler-1302 b,Kepler-1302,Transit,2016.0,8.83922659,,1.43,,634.58,False
Kepler-1303 b,Kepler-1303,Transit,2016.0,7.56127224,,1.42,,897.783,False
Kepler-1304 b,Kepler-1304,Transit,2016.0,16.1288853,,2.29,,2176.08,False
Kepler-1305 b,Kepler-1305,Transit,2016.0,13.5630972,,1.88,,1575.23,False
Kepler-1306 b,Kepler-1306,Transit,2016.0,16.29595382,,1.91,,1107.5,False
Kepler-1307 b,Kepler-1307,Transit,2016.0,18.01621096,,2.47,,1014.62,False
Kepler-1308 b,Kepler-1308,Transit,2016.0,2.104338119,,0.52,,112.705,False
Kepler-1309 b,Kepler-1309,Transit,2016.0,28.8432647,,2.37,,,False
Kepler-1310 b,Kepler-1310,Transit,2016.0,0.679336272,,1.44,,569.185,False
Kepler-1312 b,Kepler-1312,Transit,2016.0,5.448325286,,2.1,,299.104,False
Kepler-517 b,Kepler-517,Transit,2016.0,60.92832271,,2.67,,289.907,False
Kepler-1313 b,Kepler-1313,Transit,2016.0,3.833091178,,1.76,,174.234,False
Kepler-1314 b,Kepler-1314,Transit,2016.0,5.424749281,,5.11,,,False
Kepler-1315 b,Kepler-1315,Transit,2016.0,0.84338011,,1.38,,480.869,False
Kepler-1316 b,Kepler-1316,Transit,2016.0,87.9732136,,3.54,,800.871,False
Kepler-1317 b,Kepler-1317,Transit,2016.0,0.568874427,,1.56,,728.303,False
Kepler-1318 b,Kepler-1318,Transit,2016.0,213.257663,,3.11,,475.248,False
Kepler-1319 b,Kepler-1319,Transit,2016.0,2.886762645,,1.34,,103.917,False
Kepler-1320 b,Kepler-1320,Transit,2016.0,0.868386528,,1.7,,647.424,False
Kepler-1321 b,Kepler-1321,Transit,2016.0,11.12830484,,4.92,,769.146,False
Kepler-1322 b,Kepler-1322,Transit,2016.0,0.962867382,,1.61,,1350.32,False
Kepler-1323 b,Kepler-1323,Transit,2016.0,0.929906678,,1.52,,465.417,False
Kepler-1324 b,Kepler-1324,Transit,2016.0,4.115844679,,1.51,,481.667,False
Kepler-1325 b,Kepler-1325,Transit,2016.0,33.8786838,,2.86,,973.368,False
Kepler-1326 b,Kepler-1326,Transit,2016.0,42.3514267,,4.18,,698.326,False
Kepler-1327 b,Kepler-1327,Transit,2016.0,14.88801098,,1.8,,678.069,False
Kepler-1328 b,Kepler-1328,Transit,2016.0,4.52158888,,0.98,,813.543,False
Kepler-1329 b,Kepler-1329,Transit,2016.0,9.33646594,,2.17,,588.037,False
Kepler-1330 b,Kepler-1330,Transit,2016.0,10.10769068,,1.65,,1720.48,False
Kepler-1331 b,Kepler-1331,Transit,2016.0,0.789161653,,1.05,,319.197,False
Kepler-1332 b,Kepler-1332,Transit,2016.0,11.87456832,,1.37,,528.685,False
Kepler-1333 b,Kepler-1333,Transit,2016.0,109.6471842,,2.81,,932.446,False
Kepler-1334 b,Kepler-1334,Transit,2016.0,15.64591713,,2.29,,1223.04,False
Kepler-1335 b,Kepler-1335,Transit,2016.0,6.26406846,,1.45,,621.853,False
Kepler-1336 b,Kepler-1336,Transit,2016.0,23.198681,,1.98,,1126.64,False
Kepler-1337 b,Kepler-1337,Transit,2016.0,24.4002549,,2.41,,601.629,False
Kepler-1338 b,Kepler-1338,Transit,2016.0,0.935118057,,0.92,,753.26,False
Kepler-1339 b,Kepler-1339,Transit,2016.0,1.341555127,,0.71,,371.049,False
Kepler-1340 b,Kepler-1340,Transit,2016.0,0.665026916,,1.55,,981.779,False
Kepler-1341 b,Kepler-1341,Transit,2016.0,132.9968322,,2.99,,476.957,False
Kepler-1342 b,Kepler-1342,Transit,2016.0,2.215710358,,1.66,,890.724,False
Kepler-1343 b,Kepler-1343,Transit,2016.0,3.35183158,,1.93,,1756.71,False
Kepler-1344 b,Kepler-1344,Transit,2016.0,4.7683049,,1.84,,853.959,False
Kepler-1345 b,Kepler-1345,Transit,2016.0,44.6169557,,2.36,,1355.02,False
Kepler-1346 b,Kepler-1346,Transit,2016.0,3.40165668,,1.58,,843.701,False
Kepler-1347 b,Kepler-1347,Transit,2016.0,14.00947528,,1.03,,,False
Kepler-1348 b,Kepler-1348,Transit,2016.0,27.5722742,,1.94,,1213.82,False
Kepler-1349 b,Kepler-1349,Transit,2016.0,2.12823928,,0.7,,276.323,False
Kepler-1350 b,Kepler-1350,Transit,2016.0,4.4968604,,2.52,,340.691,False
Kepler-515 b,Kepler-515,Transit,2016.0,19.96371318,,1.46,,,False
Kepler-1351 b,Kepler-1351,Transit,2016.0,0.916140768,,0.65,,202.782,False
Kepler-521 b,Kepler-521,Transit,2016.0,22.20813214,,3.18,,830.638,False
Kepler-1352 b,Kepler-1352,Transit,2016.0,1.877882748,,0.89,,670.829,False
Kepler-1353 b,Kepler-1353,Transit,2016.0,24.7543966,,1.8,,593.384,False
Kepler-1354 b,Kepler-1354,Transit,2016.0,76.613377,,2.97,,1119.45,False
Kepler-1355 b,Kepler-1355,Transit,2016.0,1.289588112,,1.46,,911.269,False
Kepler-1356 b,Kepler-1356,Transit,2016.0,0.634002937,,1.53,,845.228,False
Kepler-1357 b,Kepler-1357,Transit,2016.0,3.0091324,,1.28,,1015.69,False
Kepler-1358 b,Kepler-1358,Transit,2016.0,7.06317341,,1.12,,546.998,False
Kepler-1359 b,Kepler-1359,Transit,2016.0,59.4970952,,2.83,,614.859,False
Kepler-1360 b,Kepler-1360,Transit,2016.0,40.5286413,,3.4,,1516.27,False
Kepler-1361 b,Kepler-1361,Transit,2016.0,3.57554956,,0.86,,389.143,False
Kepler-1362 b,Kepler-1362,Transit,2016.0,136.205626,,2.6,,731.298,False
Kepler-1363 b,Kepler-1363,Transit,2016.0,2.94194094,,1.25,,541.714,False
Kepler-1364 b,Kepler-1364,Transit,2016.0,13.32196237,,2.15,,1056.9,False
Kepler-1365 b,Kepler-1365,Transit,2016.0,7.69993485,,0.92,,840.128,False
Kepler-1366 b,Kepler-1366,Transit,2016.0,2.164570968,,1.43,,465.826,False
Kepler-525 b,Kepler-525,Transit,2016.0,18.68404933,,2.63,,992.852,False
Kepler-1367 b,Kepler-1367,Transit,2016.0,1.574090272,,0.92,,401.484,False
Kepler-526 b,Kepler-526,Transit,2016.0,5.458498316,,1.99,,666.146,False
Kepler-1368 b,Kepler-1368,Transit,2016.0,0.675649486,,1.65,,1635.82,False
Kepler-1369 b,Kepler-1369,Transit,2016.0,25.873148,,2.69,,1236.56,False
Kepler-1370 b,Kepler-1370,Transit,2016.0,20.2641684,,1.84,,1004.1,False
Kepler-527 b,Kepler-527,Transit,2016.0,13.28535633,,2.84,,750.04,False
Kepler-1371 b,Kepler-1371,Transit,2016.0,3.4462039,,0.73,,515.334,False
Kepler-1372 b,Kepler-1372,Transit,2016.0,1.311555568,,1.27,,1303.22,False
Kepler-1373 b,Kepler-1373,Transit,2016.0,1.29123275,,1.16,,1699.46,False
Kepler-1374 b,Kepler-1374,Transit,2016.0,10.65276707,,2.29,,1078.46,False
Kepler-1375 b,Kepler-1375,Transit,2016.0,3.3004192,,1.74,,1430.84,False
Kepler-528 b,Kepler-528,Transit,2016.0,19.78297415,,2.08,,784.23,False
Kepler-1376 b,Kepler-1376,Transit,2016.0,5.30880656,,1.05,,868.056,False
Kepler-1377 b,Kepler-1377,Transit,2016.0,0.740928422,,1.25,,1146.1,False
Kepler-1378 b,Kepler-1378,Transit,2016.0,11.95398936,,2.2,,506.434,False
Kepler-1379 b,Kepler-1379,Transit,2016.0,0.881841146,,1.3,,971.325,False
Kepler-529 b,Kepler-529,Transit,2016.0,1.980357663,,1.86,,799.008,False
Kepler-1380 b,Kepler-1380,Transit,2016.0,10.3108245,,1.43,,2462.94,False
Kepler-1381 b,Kepler-1381,Transit,2016.0,25.3842686,,2.25,,1197.04,False
Kepler-1382 b,Kepler-1382,Transit,2016.0,16.3583055,,1.88,,738.261,False
Kepler-1383 b,Kepler-1383,Transit,2016.0,13.9093583,,1.41,,1027.21,False
Kepler-1384 b,Kepler-1384,Transit,2016.0,15.36262753,,1.94,,,False
Kepler-1385 b,Kepler-1385,Transit,2016.0,2.88879862,,0.85,,688.795,False
Kepler-1386 b,Kepler-1386,Transit,2016.0,6.73972381,,1.24,,835.882,False
Kepler-1387 b,Kepler-1387,Transit,2016.0,2.279526656,,0.93,,455.358,False
Kepler-1388 b,Kepler-1388,Transit,2016.0,12.2854603,,2.59,,453.795,False
Kepler-530 b,Kepler-530,Transit,2016.0,39.30941904,,3.01,,457.709,False
Kepler-1389 b,Kepler-1389,Transit,2016.0,99.2530951,,1.77,,497.093,False
Kepler-1390 b,Kepler-1390,Transit,2016.0,6.48021673,,1.18,,723.431,False
Kepler-531 b,Kepler-531,Transit,2016.0,29.88485741,,2.78,,252.762,False
Kepler-532 b,Kepler-532,Transit,2016.0,12.92491623,,2.57,,312.798,False
Kepler-755 c,Kepler-755,Transit,2016.0,2.853133644,,1.26,,399.034,False
Kepler-758 d,Kepler-758,Transit,2016.0,20.4966197,,2.12,,1502.32,False
Kepler-533 b,Kepler-533,Transit,2016.0,28.51120525,,3.38,,302.955,False
Kepler-524 b,Kepler-524,Transit,2016.0,7.97419807,,1.91,,1058.24,False
Kepler-1050 c,Kepler-1050,Transit,2016.0,21.1284569,,1.48,,490.488,False
Kepler-534 b,Kepler-534,Transit,2016.0,15.95994513,,2.24,,570.659,False
Kepler-535 b,Kepler-535,Transit,2016.0,4.903321551,,2.36,,685.599,False
Kepler-1208 b,Kepler-1208,Transit,2016.0,11.08507637,,2.32,,825.176,False
Kepler-536 b,Kepler-536,Transit,2016.0,1.827082299,,3.1,,462.322,False
Kepler-245 e,Kepler-245,Transit,2016.0,3.219821056,,1.75,,861.527,False
Kepler-304 e,Kepler-304,Transit,2016.0,1.499146953,,1.2,,434.684,False
Kepler-537 b,Kepler-537,Transit,2016.0,3.247555219,,1.41,,439.4,False
Kepler-903 c,Kepler-903,Transit,2016.0,62.9228557,,2.53,,1369.24,False
Kepler-758 e,Kepler-758,Transit,2016.0,8.1934719,,1.53,,1502.32,False
Kepler-461 b,Kepler-461,Transit,2016.0,8.313783059,,2.58,,692.158,False
Kepler-722 c,Kepler-722,Transit,2016.0,105.144749,,2.82,,1239.5,False
Kepler-763 b,Kepler-763,Transit,2016.0,1.19655156,,1.22,,962.459,False
Kepler-769 c,Kepler-769,Transit,2016.0,15.9870174,,1.79,,1169.57,False
Kepler-770 c,Kepler-770,Transit,2016.0,1.475322314,,1.2,,930.457,False
Kepler-770 d,Kepler-770,Transit,2016.0,4.15244722,,1.4,,930.457,False
Kepler-783 b,Kepler-783,Transit,2016.0,4.29264638,,0.78,,516.09,False
Kepler-887 c,Kepler-887,Transit,2016.0,7.63846023,,1.13,,886.588,False
Kepler-896 b,Kepler-896,Transit,2016.0,144.547396,,2.53,,2334.93,False
Kepler-1311 b,Kepler-1311,Transit,2016.0,11.1726994,,1.24,,866.331,False
Kepler-1311 c,Kepler-1311,Transit,2016.0,2.53573424,,1.22,,866.331,False
Kepler-398 d,Kepler-398,Transit,2016.0,6.83437001,,0.88,,177.355,False
Kepler-1321 c,Kepler-1321,Transit,2016.0,2.226491086,,2.4,,769.146,False
Kepler-1336 c,Kepler-1336,Transit,2016.0,5.77721211,,1.71,,1126.64,False
Kepler-1365 c,Kepler-1365,Transit,2016.0,4.77468005,,0.8,,840.128,False
Kepler-1370 c,Kepler-1370,Transit,2016.0,7.44142113,,1.27,,1004.1,False
Kepler-1371 c,Kepler-1371,Transit,2016.0,2.00541269,,0.64,,515.334,False
Kepler-1388 c,Kepler-1388,Transit,2016.0,5.53608151,,2.26,,453.795,False
Kepler-1391 b,Kepler-1391,Transit,2016.0,54.4092333,,1.68,,1038.35,False
Kepler-1392 b,Kepler-1392,Transit,2016.0,15.1410397,,1.96,,,False
Kepler-1393 b,Kepler-1393,Transit,2016.0,2.44357812,,0.8,,544.456,False
Kepler-1394 b,Kepler-1394,Transit,2016.0,3.93766373,,1.39,,640.409,False
Kepler-1395 b,Kepler-1395,Transit,2016.0,3.78470649,,0.8,,492.894,False
Kepler-1396 b,Kepler-1396,Transit,2016.0,18.2206421,,2.07,,1066.46,False
Kepler-1397 b,Kepler-1397,Transit,2016.0,47.449955,,1.72,,1198.25,False
Kepler-1398 b,Kepler-1398,Transit,2016.0,2.78815679,,0.9,,852.204,False
Kepler-1398 c,Kepler-1398,Transit,2016.0,4.13827595,,1.03,,852.204,False
Kepler-1399 b,Kepler-1399,Transit,2016.0,1.638653058,,1.25,,1385.7,False
Kepler-1400 b,Kepler-1400,Transit,2016.0,9.06689421,,1.62,,752.237,False
Kepler-1401 b,Kepler-1401,Transit,2016.0,11.20066445,,1.68,,1425.43,False
Kepler-1402 b,Kepler-1402,Transit,2016.0,2.03387914,,0.76,,1493.64,False
Kepler-1403 b,Kepler-1403,Transit,2016.0,5.19492202,,2.14,,2163.9,False
Kepler-1404 b,Kepler-1404,Transit,2016.0,15.9314739,,2.01,,962.183,False
Kepler-1405 b,Kepler-1405,Transit,2016.0,28.2274184,,3.96,,1530.3,False
Kepler-1406 b,Kepler-1406,Transit,2016.0,11.62905828,,1.1,,572.403,False
Kepler-1407 b,Kepler-1407,Transit,2016.0,20.0711504,,2.25,,1396.41,False
Kepler-1408 b,Kepler-1408,Transit,2016.0,2.99793191,,0.89,,535.048,False
Kepler-1410 b,Kepler-1410,Transit,2016.0,60.866168,,1.78,,,False
Kepler-1411 b,Kepler-1411,Transit,2016.0,86.1150888,,2.82,,1660.48,False
Kepler-1412 b,Kepler-1412,Transit,2016.0,3.6146051,,0.83,,755.678,False
Kepler-1413 b,Kepler-1413,Transit,2016.0,13.1829642,,1.82,,1167.49,False
Kepler-1414 b,Kepler-1414,Transit,2016.0,3.51576315,,1.23,,570.835,False
Kepler-1415 b,Kepler-1415,Transit,2016.0,0.63642408,,1.29,,1043.56,False
Kepler-1416 b,Kepler-1416,Transit,2016.0,1.49514952,,0.88,,949.59,False
Kepler-1417 b,Kepler-1417,Transit,2016.0,20.3505213,,1.0,,991.845,False
Kepler-1418 b,Kepler-1418,Transit,2016.0,22.4764425,,1.66,,,False
Kepler-1419 b,Kepler-1419,Transit,2016.0,42.5215895,,2.86,,1498.58,False
Kepler-1420 b,Kepler-1420,Transit,2016.0,6.69960006,,1.28,,1054.37,False
Kepler-1421 b,Kepler-1421,Transit,2016.0,6.9131112,,0.93,,783.401,False
Kepler-1422 b,Kepler-1422,Transit,2016.0,18.6051942,,2.02,,2465.84,False
Kepler-1423 b,Kepler-1423,Transit,2016.0,23.955378,,1.06,,,False
Kepler-1424 b,Kepler-1424,Transit,2016.0,29.6091744,,1.16,,661.421,False
Kepler-1426 b,Kepler-1426,Transit,2016.0,14.2563227,,1.56,,1697.81,False
Kepler-1427 b,Kepler-1427,Transit,2016.0,0.968972376,,1.1,,,False
Kepler-1428 b,Kepler-1428,Transit,2016.0,10.67607169,,1.64,,1530.32,False
Kepler-1429 b,Kepler-1429,Transit,2016.0,4.48487493,,1.29,,1214.09,False
Kepler-1430 b,Kepler-1430,Transit,2016.0,2.46050993,,1.18,,875.523,False
Kepler-1431 b,Kepler-1431,Transit,2016.0,5.86601526,,1.47,,1623.24,False
Kepler-1432 b,Kepler-1432,Transit,2016.0,23.9109011,,2.22,,2171.87,False
Kepler-1433 b,Kepler-1433,Transit,2016.0,4.13592271,,1.56,,,False
Kepler-1434 b,Kepler-1434,Transit,2016.0,8.05333618,,1.11,,775.529,False
Kepler-575 b,Kepler-575,Transit,2016.0,9.37891944,,2.39,,853.977,False
Kepler-1435 b,Kepler-1435,Transit,2016.0,4.45343281,,0.86,,704.211,False
Kepler-1436 b,Kepler-1436,Transit,2016.0,9.705716,,1.31,,2530.62,False
Kepler-1437 b,Kepler-1437,Transit,2016.0,10.9295461,,1.37,,2101.69,False
Kepler-1438 b,Kepler-1438,Transit,2016.0,2.31942009,,0.94,,1154.13,False
Kepler-1439 b,Kepler-1439,Transit,2016.0,8.07392849,,1.46,,225.393,False
Kepler-1440 b,Kepler-1440,Transit,2016.0,39.859484,,1.26,,1115.35,False
Kepler-1441 b,Kepler-1441,Transit,2016.0,39.4419839,,1.31,,1110.48,False
Kepler-511 b,Kepler-511,Transit,2016.0,296.637865,,6.35,,651.999,False
Kepler-524 c,Kepler-524,Transit,2016.0,1.88897906,,0.96,,1058.24,False
Kepler-683 b,Kepler-683,Transit,2016.0,2.539183179,,1.97,,1023.07,False
Kepler-549 c,Kepler-549,Transit,2016.0,117.040498,,2.93,,635.145,False
Kepler-157 d,Kepler-157,Transit,2016.0,7.02573474,,1.46,,773.713,False
Kepler-684 b,Kepler-684,Transit,2016.0,6.770302008,,3.36,,1731.27,False
Kepler-603 d,Kepler-603,Transit,2016.0,6.2171292,,1.32,,1539.63,False
Kepler-605 c,Kepler-605,Transit,2016.0,2.358951515,,0.86,,556.58,False
Kepler-610 c,Kepler-610,Transit,2016.0,151.86392,,3.3,,845.824,False
Kepler-192 d,Kepler-192,Transit,2016.0,6.47027579,,1.02,,651.674,False
Kepler-619 c,Kepler-619,Transit,2016.0,1.208465026,,1.69,,900.678,False
Kepler-198 d,Kepler-198,Transit,2016.0,1.31184443,,1.53,,495.358,False
Kepler-625 c,Kepler-625,Transit,2016.0,4.1653651,,1.05,,760.708,False
Kepler-217 d,Kepler-217,Transit,2016.0,3.88689525,,1.32,,1104.64,False
Kepler-653 c,Kepler-653,Transit,2016.0,0.900376476,,0.78,,595.634,False
Kepler-1541 b,Kepler-1541,Transit,2016.0,8.40691199,,1.16,,416.692,False
Kepler-1542 b,Kepler-1542,Transit,2016.0,3.95116882,,0.76,,399.114,False
Kepler-1542 c,Kepler-1542,Transit,2016.0,2.89223021,,0.65,,399.114,False
Kepler-1543 b,Kepler-1543,Transit,2016.0,6.96710269,,2.71,,921.784,False
Kepler-1544 b,Kepler-1544,Transit,2016.0,168.811174,,1.78,,335.09,False
Kepler-1545 b,Kepler-1545,Transit,2016.0,163.692349,,2.7,,729.964,False
Kepler-1546 b,Kepler-1546,Transit,2016.0,19.5974971,,3.13,,931.956,False
Kepler-1547 b,Kepler-1547,Transit,2016.0,0.692979676,,0.9,,674.695,False
Kepler-1548 b,Kepler-1548,Transit,2016.0,124.828679,,2.64,,872.279,False
Kepler-482 b,Kepler-482,Transit,2016.0,56.35418576,,2.36,,313.068,False
Kepler-1549 b,Kepler-1549,Transit,2016.0,214.886545,,2.57,,803.052,False
Kepler-1154 c,Kepler-1154,Transit,2016.0,8.45808312,,2.36,,1460.1,False
Kepler-1550 b,Kepler-1550,Transit,2016.0,225.582809,,3.02,,1179.01,False
Kepler-1551 b,Kepler-1551,Transit,2016.0,24.4973698,,2.66,,1463.72,False
Kepler-1552 b,Kepler-1552,Transit,2016.0,184.771853,,2.47,,769.096,False
Kepler-685 b,Kepler-685,Transit,2016.0,1.6255222,,10.58,,938.715,False
Kepler-154 f,Kepler-154,Transit,2016.0,9.91935684,,1.5,,915.212,False
Kepler-1165 b,Kepler-1165,Transit,2016.0,9.478522,,1.55,,1575.2,False
Kepler-541 b,Kepler-541,Transit,2016.0,5.08005848,,3.36,,1060.68,False
Kepler-1553 b,Kepler-1553,Transit,2016.0,4.24261881,,1.15,,692.594,False
Kepler-1554 b,Kepler-1554,Transit,2016.0,198.088774,,2.9,,946.847,False
Kepler-1555 b,Kepler-1555,Transit,2016.0,8.10501635,,1.61,,2013.27,False
Kepler-1556 b,Kepler-1556,Transit,2016.0,8.82713457,,1.96,,944.54,False
Kepler-542 b,Kepler-542,Transit,2016.0,13.14497566,,1.57,,436.016,False
Kepler-1557 b,Kepler-1557,Transit,2016.0,3.74032496,,1.53,,1380.16,False
Kepler-1178 b,Kepler-1178,Transit,2016.0,31.80634,,1.07,,482.287,False
Kepler-1558 b,Kepler-1558,Transit,2016.0,3.50470358,,0.68,,325.737,False
Kepler-1559 b,Kepler-1559,Transit,2016.0,0.971915428,,0.72,,614.827,False
Kepler-1560 b,Kepler-1560,Transit,2016.0,3.03195744,,0.89,,502.497,False
Kepler-466 b,Kepler-466,Transit,2016.0,51.07926307,,2.85,,530.122,False
Kepler-1561 b,Kepler-1561,Transit,2016.0,1.005207007,,1.09,,839.076,False
Kepler-576 b,Kepler-576,Transit,2016.0,29.91136794,,3.27,,617.55,False
Kepler-1562 b,Kepler-1562,Transit,2016.0,64.2737752,,3.55,,2060.72,False
Kepler-1563 b,Kepler-1563,Transit,2016.0,3.43276598,,0.75,,616.697,False
Kepler-1564 b,Kepler-1564,Transit,2016.0,18.0540381,,1.47,,908.805,False
Kepler-1565 b,Kepler-1565,Transit,2016.0,1.538188437,,1.19,,629.93,False
Kepler-1566 b,Kepler-1566,Transit,2016.0,0.539915238,,0.79,,466.586,False
Kepler-1567 b,Kepler-1567,Transit,2016.0,153.979578,,2.73,,1206.11,False
Kepler-1568 b,Kepler-1568,Transit,2016.0,20.925392,,1.3,,916.313,False
Kepler-1569 b,Kepler-1569,Transit,2016.0,5.79180156,,1.68,,945.454,False
Kepler-543 b,Kepler-543,Transit,2016.0,13.89961966,,2.5,,221.802,False
Kepler-1570 b,Kepler-1570,Transit,2016.0,26.548955,,1.07,,918.995,False
Kepler-1571 b,Kepler-1571,Transit,2016.0,3.38555488,,1.52,,675.303,False
Kepler-1572 b,Kepler-1572,Transit,2016.0,5.49548621,,0.94,,946.602,False
Kepler-1573 b,Kepler-1573,Transit,2016.0,2.6157554,,1.2,,1455.36,False
Kepler-1574 b,Kepler-1574,Transit,2016.0,6.9424334,,1.29,,1384.16,False
Kepler-1575 b,Kepler-1575,Transit,2016.0,2.55314213,,1.31,,1246.92,False
Kepler-1245 c,Kepler-1245,Transit,2016.0,2.936584681,,1.44,,805.936,False
Kepler-1576 b,Kepler-1576,Transit,2016.0,6.98471973,,1.04,,460.91,False
Kepler-1254 c,Kepler-1254,Transit,2016.0,3.60084276,,1.3,,622.818,False
Kepler-1577 b,Kepler-1577,Transit,2016.0,6.30560247,,1.13,,510.029,False
Kepler-468 b,Kepler-468,Transit,2016.0,38.478757067,,13.34,,442.871,False
Kepler-1578 b,Kepler-1578,Transit,2016.0,1.450886907,,1.04,,1064.05,False
Kepler-1254 d,Kepler-1254,Transit,2016.0,5.72717226,,1.31,,622.818,False
Kepler-555 b,Kepler-555,Transit,2016.0,16.21775407,,2.83,,973.121,False
Kepler-1579 b,Kepler-1579,Transit,2016.0,0.849907889,,0.84,,,False
Kepler-1580 b,Kepler-1580,Transit,2016.0,56.6449279,,2.11,,1002.02,False
Kepler-1581 b,Kepler-1581,Transit,2016.0,6.28385491,,0.8,,493.175,False
Kepler-1582 b,Kepler-1582,Transit,2016.0,4.83817712,,1.49,,78.8906,False
Kepler-1583 b,Kepler-1583,Transit,2016.0,9.32807355,,0.6,,403.933,False
Kepler-1584 b,Kepler-1584,Transit,2016.0,13.3997099,,1.61,,1416.31,False
Kepler-556 b,Kepler-556,Transit,2016.0,11.72292176,,2.24,,674.598,False
Kepler-1585 b,Kepler-1585,Transit,2016.0,3.5827463,,1.79,,944.465,False
Kepler-1586 b,Kepler-1586,Transit,2016.0,15.6049212,,1.52,,552.55,False
Kepler-1587 b,Kepler-1587,Transit,2016.0,9.4060467,,1.33,,1026.48,False
Kepler-1588 b,Kepler-1588,Transit,2016.0,7.84931739,,0.76,,924.141,False
Kepler-1589 b,Kepler-1589,Transit,2016.0,0.991665274,,1.09,,1513.14,False
Kepler-686 b,Kepler-686,Transit,2016.0,1.594745463,,12.15,,1490.94,False
Kepler-1590 b,Kepler-1590,Transit,2016.0,7.61760804,,1.14,,771.152,False
Kepler-1591 b,Kepler-1591,Transit,2016.0,8.18504949,,1.27,,1419.58,False
Kepler-1592 b,Kepler-1592,Transit,2016.0,3.05710069,,1.54,,1639.47,False
Kepler-1593 b,Kepler-1593,Transit,2016.0,174.509835,,3.17,,638.249,False
Kepler-544 b,Kepler-544,Transit,2016.0,21.41616926,,2.12,,963.18,False
Kepler-1594 b,Kepler-1594,Transit,2016.0,2.71603809,,1.06,,976.868,False
Kepler-1595 b,Kepler-1595,Transit,2016.0,4.56380468,,1.23,,845.022,False
Kepler-577 b,Kepler-577,Transit,2016.0,25.69578251,,2.55,,524.247,False
Kepler-1596 b,Kepler-1596,Transit,2016.0,66.373379,,1.9,,2146.23,False
Kepler-403 d,Kepler-403,Transit,2016.0,13.61159129,,1.42,,840.269,False
Kepler-1597 b,Kepler-1597,Transit,2016.0,2.94654179,,1.06,,1221.05,False
Kepler-1598 b,Kepler-1598,Transit,2016.0,4.34195123,,0.95,,619.862,False
Kepler-1599 b,Kepler-1599,Transit,2016.0,122.363553,,1.62,,1328.2,False
Kepler-687 b,Kepler-687,Transit,2016.0,20.50586978,,3.52,,633.66,False
Kepler-1601 b,Kepler-1601,Transit,2016.0,2.20921951,,0.82,,644.456,False
Kepler-1602 b,Kepler-1602,Transit,2016.0,11.17931605,,1.34,,629.804,False
Kepler-597 b,Kepler-597,Transit,2016.0,13.02365861,,2.37,,663.418,False
Kepler-1603 b,Kepler-1603,Transit,2016.0,2.27163926,,1.29,,2712.58,False
Kepler-1604 b,Kepler-1604,Transit,2016.0,0.683684256,,1.41,,541.189,False
Kepler-1605 b,Kepler-1605,Transit,2016.0,85.7565495,,1.08,,546.23,False
Kepler-1606 b,Kepler-1606,Transit,2016.0,196.435224,,2.07,,831.287,False
Kepler-688 b,Kepler-688,Transit,2016.0,3.895936844,,9.76,,1357.75,False
Kepler-1607 b,Kepler-1607,Transit,2016.0,13.6473676,,0.92,,1286.1,False
Kepler-1608 b,Kepler-1608,Transit,2016.0,16.4735686,,1.73,,,False
Kepler-1609 b,Kepler-1609,Transit,2016.0,114.34219,,2.22,,1826.04,False
Kepler-578 b,Kepler-578,Transit,2016.0,1.616883696,,2.0,,541.432,False
Kepler-1610 b,Kepler-1610,Transit,2016.0,8.70181574,,1.61,,864.331,False
Kepler-689 b,Kepler-689,Transit,2016.0,22.36656079,,2.89,,1131.73,False
Kepler-1611 b,Kepler-1611,Transit,2016.0,5.1762429,,0.81,,908.444,False
Kepler-624 b,Kepler-624,Transit,2016.0,14.58649607,,2.31,,748.188,False
Kepler-1612 b,Kepler-1612,Transit,2016.0,3.91795101,,1.03,,764.726,False
Kepler-625 b,Kepler-625,Transit,2016.0,7.75192492,,1.99,,760.708,False
Kepler-626 b,Kepler-626,Transit,2016.0,14.48585199,,2.29,,635.643,False
Kepler-627 b,Kepler-627,Transit,2016.0,40.6994443,,3.73,,984.307,False
Kepler-1613 b,Kepler-1613,Transit,2016.0,1.5184299,,2.08,,1508.33,False
Kepler-1614 b,Kepler-1614,Transit,2016.0,3.9466141,,1.49,,1191.19,False
Kepler-1615 b,Kepler-1615,Transit,2016.0,47.3126192,,2.06,,1393.83,False
Kepler-690 b,Kepler-690,Transit,2016.0,7.748094374,,5.95,,1665.31,False
Kepler-1616 b,Kepler-1616,Transit,2016.0,6.76284377,,1.02,,1137.81,False
Kepler-1617 b,Kepler-1617,Transit,2016.0,27.4785572,,1.2,,898.31,False
Kepler-629 b,Kepler-629,Transit,2016.0,7.2385854,,1.38,,372.05,False
Kepler-621 b,Kepler-621,Transit,2016.0,2.628113746,,2.3,,,False
Kepler-1618 b,Kepler-1618,Transit,2016.0,6.10826019,,1.26,,1229.25,False
Kepler-630 b,Kepler-630,Transit,2016.0,161.4743937,,3.18,,839.784,False
Kepler-579 b,Kepler-579,Transit,2016.0,9.66857723,,2.0,,530.765,False
Kepler-691 b,Kepler-691,Transit,2016.0,8.114379,,2.09,,279.115,False
Kepler-1619 b,Kepler-1619,Transit,2016.0,23.6225913,,0.76,,734.85,False
Kepler-1620 b,Kepler-1620,Transit,2016.0,101.951829,,1.61,,895.069,False
Kepler-1621 b,Kepler-1621,Transit,2016.0,92.263714,,2.16,,1631.66,False
Kepler-692 b,Kepler-692,Transit,2016.0,21.81293494,,3.11,,991.336,False
Kepler-1622 b,Kepler-1622,Transit,2016.0,10.8118737,,1.47,,796.477,False
Kepler-1623 b,Kepler-1623,Transit,2016.0,4.36128348,,1.31,,837.481,False
Kepler-631 b,Kepler-631,Transit,2016.0,17.97979059,,2.9,,761.966,False
Kepler-632 b,Kepler-632,Transit,2016.0,30.99660733,,2.21,,,False
Kepler-693 b,Kepler-693,Transit,2016.0,15.37563332,,10.18,,1151.51,False
Kepler-1442 b,Kepler-1442,Transit,2016.0,81.4162941,,3.93,,608.68,False
Kepler-694 b,Kepler-694,Transit,2016.0,6.365841612,,2.8,,1023.06,False
Kepler-1443 b,Kepler-1443,Transit,2016.0,2.41811321,,0.97,,593.646,False
Kepler-1444 b,Kepler-1444,Transit,2016.0,33.42035034,,2.18,,319.675,False
Kepler-1445 b,Kepler-1445,Transit,2016.0,10.60052251,,0.96,,506.357,False
Kepler-1446 b,Kepler-1446,Transit,2016.0,0.689967832,,0.82,,152.075,False
Kepler-271 d,Kepler-271,Transit,2016.0,5.24972541,,0.66,,404.542,False
Kepler-1447 b,Kepler-1447,Transit,2016.0,56.6747285,,2.9,,890.296,False
Kepler-1448 b,Kepler-1448,Transit,2016.0,12.27065865,,1.61,,768.903,False
Kepler-1449 b,Kepler-1449,Transit,2016.0,13.2274528,,1.68,,2006.48,False
Kepler-580 b,Kepler-580,Transit,2016.0,8.222419656,,2.57,,323.899,False
Kepler-1450 b,Kepler-1450,Transit,2016.0,54.5094166,,1.71,,505.829,False
Kepler-1451 b,Kepler-1451,Transit,2016.0,35.622233,,3.35,,1058.72,False
Kepler-1452 b,Kepler-1452,Transit,2016.0,42.913751,,2.7,,996.32,False
Kepler-1453 b,Kepler-1453,Transit,2016.0,47.1611696,,2.67,,1196.04,False
Kepler-1455 b,Kepler-1455,Transit,2016.0,49.276764,,2.16,,357.621,False
Kepler-1456 b,Kepler-1456,Transit,2016.0,18.1373829,,1.14,,370.312,False
Kepler-1457 b,Kepler-1457,Transit,2016.0,51.1110243,,1.99,,889.885,False
Kepler-1458 b,Kepler-1458,Transit,2016.0,47.9872764,,2.76,,544.45,False
Kepler-1459 b,Kepler-1459,Transit,2016.0,62.8691611,,1.36,,455.479,False
Kepler-1460 b,Kepler-1460,Transit,2016.0,29.9633247,,1.96,,553.218,False
Kepler-1461 b,Kepler-1461,Transit,2016.0,29.3494775,,2.03,,679.106,False
Kepler-1462 b,Kepler-1462,Transit,2016.0,65.6488341,,3.82,,1017.82,False
Kepler-1463 b,Kepler-1463,Transit,2016.0,25.15864,,1.86,,1687.47,False
Kepler-1464 b,Kepler-1464,Transit,2016.0,31.7785901,,1.66,,1151.73,False
Kepler-1464 c,Kepler-1464,Transit,2016.0,5.32786292,,1.0,,1151.73,False
Kepler-1465 b,Kepler-1465,Transit,2016.0,31.8277111,,1.77,,359.497,False
Kepler-1466 b,Kepler-1466,Transit,2016.0,31.1750448,,1.55,,631.949,False
Kepler-1467 b,Kepler-1467,Transit,2016.0,47.0569043,,3.3,,852.888,False
Kepler-1468 b,Kepler-1468,Transit,2016.0,8.23984869,,1.73,,1899.24,False
Kepler-1468 c,Kepler-1468,Transit,2016.0,3.54553021,,1.15,,1899.24,False
Kepler-1469 b,Kepler-1469,Transit,2016.0,21.8635301,,2.8,,1159.3,False
Kepler-633 b,Kepler-633,Transit,2016.0,8.50340718,,1.63,,680.54,False
Kepler-1470 b,Kepler-1470,Transit,2016.0,16.2950903,,1.07,,590.601,False
Kepler-132 e,Kepler-132,Transit,2016.0,110.2869374,,1.18,,349.549,False
Kepler-1471 b,Kepler-1471,Transit,2016.0,3.63899398,,1.41,,978.678,False
Kepler-1472 b,Kepler-1472,Transit,2016.0,38.1312831,,1.9,,1479.14,False
Kepler-1473 b,Kepler-1473,Transit,2016.0,14.4273551,,1.19,,652.253,False
Kepler-1474 b,Kepler-1474,Transit,2016.0,36.4333452,,2.16,,1180.9,False
Kepler-1475 b,Kepler-1475,Transit,2016.0,82.177374,,2.92,,1568.38,False
Kepler-1476 b,Kepler-1476,Transit,2016.0,10.35863224,,1.67,,1002.74,False
Kepler-1477 b,Kepler-1477,Transit,2016.0,11.55530021,,1.18,,680.828,False
Kepler-1478 b,Kepler-1478,Transit,2016.0,26.0840594,,1.73,,1845.58,False
Kepler-1479 b,Kepler-1479,Transit,2016.0,14.53261362,,1.83,,728.668,False
Kepler-1480 b,Kepler-1480,Transit,2016.0,22.12679948,,1.67,,500.892,False
Kepler-1481 b,Kepler-1481,Transit,2016.0,5.94220998,,1.23,,459.076,False
Kepler-1483 b,Kepler-1483,Transit,2016.0,9.5085156,,1.52,,1273.78,False
Kepler-545 b,Kepler-545,Transit,2016.0,13.24934059,,2.69,,818.001,False
Kepler-1484 b,Kepler-1484,Transit,2016.0,30.4549136,,2.11,,2879.83,False
Kepler-1485 b,Kepler-1485,Transit,2016.0,19.9157725,,1.47,,615.66,False
Kepler-1486 b,Kepler-1486,Transit,2016.0,54.6495759,,2.32,,1769.14,False
Kepler-920 c,Kepler-920,Transit,2016.0,100.8274113,,3.8,,1001.68,False
Kepler-1487 b,Kepler-1487,Transit,2016.0,7.31946363,,2.13,,1014.62,False
Kepler-581 b,Kepler-581,Transit,2016.0,40.6069821,,2.63,,703.758,False
Kepler-1488 b,Kepler-1488,Transit,2016.0,39.8189932,,1.86,,905.825,False
Kepler-1489 b,Kepler-1489,Transit,2016.0,82.294751,,1.77,,1283.05,False
Kepler-1490 b,Kepler-1490,Transit,2016.0,92.4362973,,3.04,,862.92,False
Kepler-1491 b,Kepler-1491,Transit,2016.0,16.5861762,,1.51,,2065.59,False
Kepler-1492 b,Kepler-1492,Transit,2016.0,16.75255007,,1.49,,331.553,False
Kepler-1493 b,Kepler-1493,Transit,2016.0,15.0217983,,1.41,,555.051,False
Kepler-1494 b,Kepler-1494,Transit,2016.0,91.080482,,3.07,,1285.48,False
Kepler-1495 b,Kepler-1495,Transit,2016.0,85.273256,,2.94,,1355.54,False
Kepler-1496 b,Kepler-1496,Transit,2016.0,64.6588017,,2.22,,1307.66,False
Kepler-1497 b,Kepler-1497,Transit,2016.0,8.74199772,,1.66,,,False
Kepler-937 c,Kepler-937,Transit,2016.0,153.343364,,2.67,,1571.46,False
Kepler-1498 b,Kepler-1498,Transit,2016.0,48.051405,,1.33,,,False
Kepler-634 b,Kepler-634,Transit,2016.0,5.16950177,,1.89,,888.027,False
Kepler-1499 b,Kepler-1499,Transit,2016.0,44.2008,,1.19,,309.869,False
Kepler-1500 b,Kepler-1500,Transit,2016.0,15.0330105,,1.2,,1217.82,False
Kepler-1501 b,Kepler-1501,Transit,2016.0,14.5564533,,1.56,,749.06,False
Kepler-1502 b,Kepler-1502,Transit,2016.0,41.7083629,,3.18,,1514.02,False
Kepler-1503 b,Kepler-1503,Transit,2016.0,96.16987,,2.27,,1225.57,False
Kepler-1504 b,Kepler-1504,Transit,2016.0,82.304003,,2.13,,2435.94,False
Kepler-1505 b,Kepler-1505,Transit,2016.0,30.8609366,,0.93,,495.148,False
Kepler-1506 b,Kepler-1506,Transit,2016.0,14.0329154,,1.32,,2366.02,False
Kepler-1507 b,Kepler-1507,Transit,2016.0,16.0506213,,0.84,,320.478,False
Kepler-1508 b,Kepler-1508,Transit,2016.0,20.7056504,,1.33,,1260.28,False
Kepler-1509 b,Kepler-1509,Transit,2016.0,25.4338197,,1.85,,2002.96,False
Kepler-635 b,Kepler-635,Transit,2016.0,23.44971004,,2.64,,1141.08,False
Kepler-1510 b,Kepler-1510,Transit,2016.0,84.703921,,3.36,,1696.25,False
Kepler-1511 b,Kepler-1511,Transit,2016.0,23.2382792,,1.68,,1475.6,False
Kepler-1512 b,Kepler-1512,Transit,2016.0,20.35972599,,1.18,,,False
Kepler-953 c,Kepler-953,Transit,2016.0,9.10967112,,1.19,,258.893,False
Kepler-695 b,Kepler-695,Transit,2016.0,3.040330424,,9.21,,842.947,False
Kepler-546 b,Kepler-546,Transit,2016.0,4.147020258,,7.0,,1019.65,False
Kepler-622 b,Kepler-622,Transit,2016.0,14.28226676,,2.13,,284.761,False
Kepler-967 c,Kepler-967,Transit,2016.0,198.7112502,,3.65,,568.546,False
Kepler-598 b,Kepler-598,Transit,2016.0,3.70175428,,1.5,,681.086,False
Kepler-968 c,Kepler-968,Transit,2016.0,5.709404918,,1.69,,290.324,False
Kepler-599 b,Kepler-599,Transit,2016.0,15.65562652,,2.84,,558.517,False
Kepler-969 c,Kepler-969,Transit,2016.0,1.682934604,,0.99,,390.354,False
Kepler-990 c,Kepler-990,Transit,2016.0,0.538354308,,1.53,,802.163,False
Kepler-489 b,Kepler-489,Transit,2016.0,17.276296119,,7.72,,369.645,False
Kepler-636 b,Kepler-636,Transit,2016.0,16.080661147,,4.45,,310.301,False
Kepler-1016 c,Kepler-1016,Transit,2016.0,105.6551369,,3.68,,1402.82,False
Kepler-582 b,Kepler-582,Transit,2016.0,18.49235668,,3.68,,613.179,False
Kepler-342 e,Kepler-342,Transit,2016.0,1.644224613,,0.88,,781.611,False
Kepler-696 b,Kepler-696,Transit,2016.0,4.190425575,,6.14,,1416.44,False
Kepler-1513 b,Kepler-1513,Transit,2016.0,160.8842,48.30991786,8.594,,349.247,False
Kepler-1514 b,Kepler-1514,Transit,2016.0,217.83184,1678.1424,12.419572,387.9,397.292,False
Kepler-1515 b,Kepler-1515,Transit,2016.0,214.3114164,,9.55,,539.321,False
Kepler-1516 b,Kepler-1516,Transit,2016.0,7.25931979,,1.75,,1358.95,False
Kepler-1031 b,Kepler-1031,Transit,2016.0,1.22621732,,0.87,,682.882,False
Kepler-1047 c,Kepler-1047,Transit,2016.0,3.18897601,,0.99,,817.647,False
Kepler-697 b,Kepler-697,Transit,2016.0,3.709870645,,4.13,,1277.33,False
Kepler-1517 b,Kepler-1517,Transit,2016.0,5.546083665,,9.76,,847.299,False
Kepler-698 b,Kepler-698,Transit,2016.0,16.32976218,,3.68,,1995.57,False
Kepler-351 d,Kepler-351,Transit,2016.0,142.544247,,2.72,,1083.91,False
Kepler-1519 b,Kepler-1519,Transit,2016.0,240.7989397,,7.06,,1441.63,False
Kepler-637 b,Kepler-637,Transit,2016.0,23.20584623,,4.75,,786.091,False
Kepler-700 b,Kepler-700,Transit,2016.0,80.8720639,,5.99,,1491.76,False
Kepler-1520 b,Kepler-1520,Transit,2016.0,0.653553572,,5.77,,607.917,False
Kepler-1065 c,Kepler-1065,Transit,2016.0,2.37030743,,1.6,,1122.48,False
Kepler-1067 b,Kepler-1067,Transit,2016.0,0.762129261,,0.8,,667.693,False
Kepler-638 b,Kepler-638,Transit,2016.0,6.07972888,,1.83,,991.214,False
Kepler-1073 c,Kepler-1073,Transit,2016.0,4.02582254,,1.64,,809.897,False
Kepler-701 b,Kepler-701,Transit,2016.0,10.35533177,,2.84,,774.152,False
Kepler-1521 b,Kepler-1521,Transit,2016.0,47.14840805,,2.5,,206.983,False
Kepler-557 b,Kepler-557,Transit,2016.0,3.705989551,,2.67,,2097.12,False
Kepler-1522 b,Kepler-1522,Transit,2016.0,1.847889171,,1.73,,814.125,False
Kepler-702 b,Kepler-702,Transit,2016.0,10.526294063,,9.17,,992.071,False
Kepler-1523 b,Kepler-1523,Transit,2016.0,0.93875077,,1.58,,865.596,False
Kepler-1085 b,Kepler-1085,Transit,2016.0,219.3217528,,7.22,,1364.53,False
Kepler-1524 b,Kepler-1524,Transit,2016.0,70.9674603,,3.54,,381.773,False
Kepler-639 b,Kepler-639,Transit,2016.0,10.21420496,,2.38,,850.242,False
Kepler-1086 c,Kepler-1086,Transit,2016.0,161.5163345,,2.94,,466.084,False
Kepler-1525 b,Kepler-1525,Transit,2016.0,2.416601183,,0.91,,382.989,False
Kepler-1526 b,Kepler-1526,Transit,2016.0,3.908632005,,2.43,,555.574,False
Kepler-703 b,Kepler-703,Transit,2016.0,4.583521756,,8.2,,1156.83,False
Kepler-1527 b,Kepler-1527,Transit,2016.0,160.129918,,4.77,,1842.13,False
Kepler-704 b,Kepler-704,Transit,2016.0,3.76182115,,2.61,,1228.83,False
Kepler-1528 b,Kepler-1528,Transit,2016.0,1.791110205,,1.46,,817.534,False
Kepler-1529 b,Kepler-1529,Transit,2016.0,5.33905686,,2.1,,661.014,False
Kepler-154 e,Kepler-154,Transit,2016.0,3.93276465,,1.5,,915.212,False
Kepler-1090 b,Kepler-1090,Transit,2016.0,198.680179,,2.25,,858.77,False
Kepler-1530 b,Kepler-1530,Transit,2016.0,2.5904434,,1.64,,489.876,False
Kepler-1530 c,Kepler-1530,Transit,2016.0,5.3227406,,1.65,,489.876,False
Kepler-1531 b,Kepler-1531,Transit,2016.0,1.138543376,,1.11,,666.334,False
Kepler-1093 c,Kepler-1093,Transit,2016.0,89.722292,,1.96,,1072.88,False
Kepler-1532 b,Kepler-1532,Transit,2016.0,1.093663559,,1.35,,798.246,False
Kepler-1533 b,Kepler-1533,Transit,2016.0,308.5471,,3.46,,966.801,False
Kepler-705 b,Kepler-705,Transit,2016.0,56.0560538,,2.11,,276.881,False
Kepler-1535 b,Kepler-1535,Transit,2016.0,138.9442,,2.55,,897.733,False
Kepler-467 b,Kepler-467,Transit,2016.0,24.99324193,,2.25,,466.265,False
Kepler-539 b,Kepler-539,Transit,2016.0,125.63243,308.2951,8.373123,387.6,307.318,False
Kepler-1536 b,Kepler-1536,Transit,2016.0,364.758031,,3.14,,387.248,False
Kepler-600 b,Kepler-600,Transit,2016.0,23.67517607,,2.9,,619.723,False
Kepler-1537 b,Kepler-1537,Transit,2016.0,1.444453798,,1.18,,517.292,False
Kepler-1129 c,Kepler-1129,Transit,2016.0,76.5369586,,2.73,,1183.88,False
Kepler-1538 b,Kepler-1538,Transit,2016.0,175.138819,,2.82,,1125.3,False
Kepler-1539 b,Kepler-1539,Transit,2016.0,133.3036741,,2.7,,748.326,False
Kepler-1540 b,Kepler-1540,Transit,2016.0,125.4131177,,2.49,,244.96,False
Kepler-1409 b,Kepler-1409,Transit,2016.0,0.764864926,,1.04,,694.89,False
Kepler-1425 b,Kepler-1425,Transit,2016.0,14.4541302,,0.94,,863.873,False
Kepler-601 b,Kepler-601,Transit,2016.0,5.378868441,,1.9,,414.825,False
Kepler-1350 c,Kepler-1350,Transit,2016.0,1.766789062,,1.73,,340.691,False
Kepler-607 b,Kepler-607,Transit,2016.0,0.638163204,,0.87,,519.122,False
Kepler-1454 b,Kepler-1454,Transit,2016.0,47.0319479,,1.88,,780.566,False
Kepler-460 c,KIC 5437945,Transit,2016.0,220.1303357,,5.52,,1274.01,False
Kepler-707 b,Kepler-707,Transit,2016.0,2.237492751,,1.33,,591.776,False
Kepler-1624 b,Kepler-1624,Transit,2016.0,3.290314,,6.59,,258.979,False
Kepler-602 b,Kepler-602,Transit,2016.0,15.28469497,,2.09,,1159.31,False
Kepler-640 b,Kepler-640,Transit,2016.0,22.24813967,,2.56,,557.787,False
Kepler-708 b,Kepler-708,Transit,2016.0,3.167891938,,2.93,,1394.22,False
Kepler-603 b,Kepler-603,Transit,2016.0,21.05358596,,2.65,,1539.63,False
Kepler-583 b,Kepler-583,Transit,2016.0,6.5100253,,2.28,,867.271,False
Kepler-709 b,Kepler-709,Transit,2016.0,16.08524954,,2.92,,664.843,False
Kepler-1625 b,Kepler-1625,Transit,2016.0,287.378949,,6.06,,2310.11,False
Kepler-584 b,Kepler-584,Transit,2016.0,35.1810304,,4.21,,1848.84,False
Kepler-641 b,Kepler-641,Transit,2016.0,9.48961571,,1.85,,969.918,False
Kepler-1626 b,Kepler-1626,Transit,2016.0,4.13962966,,2.02,,1368.83,False
Kepler-558 b,Kepler-558,Transit,2016.0,29.00790538,,2.37,,661.876,False
Kepler-495 b,Kepler-495,Transit,2016.0,3.413036221,,5.23,,658.924,False
Kepler-710 b,Kepler-710,Transit,2016.0,4.347285527,,1.88,,1448.34,False
Kepler-604 b,Kepler-604,Transit,2016.0,25.85501786,,2.59,,1026.49,False
Kepler-1627 b,Kepler-1627,Transit,2016.0,7.20283653,,3.69,,317.437,False
Kepler-642 b,Kepler-642,Transit,2016.0,4.41745855,,2.9,,781.582,False
Kepler-643 b,Kepler-643,Transit,2016.0,16.33889626,,10.16,,1063.58,False
Kepler-711 b,Kepler-711,Transit,2016.0,23.58914398,,3.41,,624.575,False
Kepler-712 b,Kepler-712,Transit,2016.0,21.02247699,,3.41,,872.493,False
Kepler-1628 b,Kepler-1628,Transit,2016.0,76.378033,,6.43,,,False
Kepler-1630 b,Kepler-1630,Transit,2016.0,509.997402,,2.19,,331.213,False
Kepler-1631 b,Kepler-1631,Transit,2016.0,4.09513932,,1.35,,1305.99,False
Kepler-1632 b,Kepler-1632,Transit,2016.0,448.303558,,2.47,,716.76,False
Kepler-472 b,Kepler-472,Transit,2016.0,4.176255514,,3.22,,306.602,False
Kepler-713 b,Kepler-713,Transit,2016.0,7.411141,,2.48,,1089.87,False
Kepler-714 b,Kepler-714,Transit,2016.0,8.098887986,,9.67,,2083.37,False
Kepler-1633 b,Kepler-1633,Transit,2016.0,186.404271,,1.58,,1114.91,False
Kepler-605 b,Kepler-605,Transit,2016.0,3.383538066,,1.44,,556.58,False
Kepler-1634 b,Kepler-1634,Transit,2016.0,374.876239,,3.19,,617.339,False
Kepler-1635 b,Kepler-1635,Transit,2016.0,469.63111,,3.64,,1069.45,False
Kepler-715 b,Kepler-715,Transit,2016.0,10.00652995,,3.75,,1327.44,False
Kepler-716 b,Kepler-716,Transit,2016.0,10.37168453,,2.9,,635.009,False
Kepler-717 b,Kepler-717,Transit,2016.0,4.40840023,,2.42,,2805.48,False
Kepler-644 b,Kepler-644,Transit,2016.0,3.173917103,,3.15,,1318.05,False
Kepler-1636 b,Kepler-1636,Transit,2016.0,425.47785,,3.23,,1947.54,False
Kepler-718 b,Kepler-718,Transit,2016.0,2.052349905,,16.56,,1302.33,False
Kepler-1637 b,Kepler-1637,Transit,2016.0,6.10960324,,0.89,,567.187,False
Kepler-585 b,Kepler-585,Transit,2016.0,2.752359753,,2.83,,585.187,False
Kepler-1638 b,Kepler-1638,Transit,2016.0,259.33683,,1.87,,1525.52,False
Kepler-1639 b,Kepler-1639,Transit,2016.0,9.878482,,2.58,,1031.31,False
Kepler-719 b,Kepler-719,Transit,2016.0,5.007317779,,8.52,,2497.51,False
Kepler-559 b,Kepler-559,Transit,2016.0,17.58752333,,3.61,,776.708,False
Kepler-645 b,Kepler-645,Transit,2016.0,3.275822621,,2.1,,1173.57,False
Kepler-720 b,Kepler-720,Transit,2016.0,4.708326542,,8.41,,1065.37,False
Kepler-547 b,Kepler-547,Transit,2016.0,6.010384289,,4.0,,378.972,False
Kepler-646 b,Kepler-646,Transit,2016.0,15.87364565,,1.99,,451.794,False
Kepler-606 b,Kepler-606,Transit,2016.0,24.31575992,,3.31,,1215.11,False
Kepler-721 b,Kepler-721,Transit,2016.0,5.392025388,,2.64,,926.598,False
Kepler-722 b,Kepler-722,Transit,2016.0,4.093573252,,2.63,,1239.5,False
Kepler-1640 b,Kepler-1640,Transit,2016.0,7.5844126,,4.82,,1859.78,False
Kepler-723 b,Kepler-723,Transit,2016.0,4.082275068,,12.19,,1071.8,False
Kepler-1641 b,Kepler-1641,Transit,2016.0,19.672266,,3.11,,860.37,False
Kepler-1641 c,Kepler-1641,Transit,2016.0,32.657212,,2.95,,860.37,False
Kepler-1642 b,Kepler-1642,Transit,2016.0,12.2057513,,3.2,,413.873,False
Kepler-1642 c,Kepler-1642,Transit,2016.0,6.6513802,,2.66,,413.873,False
Kepler-608 b,Kepler-608,Transit,2016.0,6.412515037,,3.64,,946.683,False
Kepler-1643 b,Kepler-1643,Transit,2016.0,5.342657,,2.32,,341.774,False
Kepler-609 b,Kepler-609,Transit,2016.0,6.521210666,,3.35,,1065.82,False
Kepler-724 b,Kepler-724,Transit,2016.0,3.314946338,,3.29,,853.119,False
Kepler-725 b,Kepler-725,Transit,2016.0,39.64372,,10.8,514.0,758.469,False
Kepler-475 b,Kepler-475,Transit,2016.0,3.105508189,,2.49,,280.069,False
Kepler-540 b,Kepler-540,Transit,2016.0,172.7049784,,2.71,,390.374,False
Kepler-1644 b,Kepler-1644,Transit,2016.0,21.0907758,,1.88,,629.27,False
Kepler-1645 b,Kepler-1645,Transit,2016.0,16.1779561,,1.78,,1202.47,False
Kepler-726 b,Kepler-726,Transit,2016.0,21.80451088,,3.26,,762.081,False
Kepler-1143 c,Kepler-1143,Transit,2016.0,210.630591,,3.6,,555.189,False
Kepler-401 d,Kepler-401,Transit,2016.0,184.256405,,2.27,,965.56,False
Kepler-1388 d,Kepler-1388,Transit,2016.0,20.9568158,,2.86,,453.795,False
Kepler-1388 e,Kepler-1388,Transit,2016.0,37.6327084,,2.46,,453.795,False
Kepler-648 b,Kepler-648,Transit,2016.0,17.4211749,,3.22,,636.03,False
Kepler-1482 b,Kepler-1482,Transit,2016.0,12.25383217,,1.01,,567.556,False
Kepler-649 b,Kepler-649,Transit,2016.0,29.90722674,,2.26,,513.748,False
Kepler-1534 b,Kepler-1534,Transit,2016.0,5.71668872,,1.89,,,False
Kepler-176 e,Kepler-176,Transit,2016.0,51.16579,,1.45,,527.321,False
Kepler-1542 d,Kepler-1542,Transit,2016.0,5.99273738,,0.87,,399.114,False
Kepler-1542 e,Kepler-1542,Transit,2016.0,5.10115756,,0.76,,399.114,False
Kepler-610 b,Kepler-610,Transit,2016.0,6.996926554,,4.19,,845.824,False
Kepler-1600 b,Kepler-1600,Transit,2016.0,386.370548,,3.13,,1030.81,False
Kepler-727 b,Kepler-727,Transit,2016.0,5.154484417,,2.53,,831.842,False
Kepler-1518 b,Kepler-1518,Transit,2016.0,5.11177904,,3.05,,903.51,False
Kepler-560 b,Kepler-560,Transit,2016.0,18.47764449,,1.72,,109.308,False
Kepler-1185 b,Kepler-1185,Transit,2016.0,104.3518976,,1.33,,459.273,False
Kepler-650 b,Kepler-650,Transit,2016.0,3.032145588,,2.96,,884.378,False
Kepler-728 b,Kepler-728,Transit,2016.0,5.743477265,,3.34,,1765.23,False
Kepler-561 b,Kepler-561,Transit,2016.0,58.3620495,,6.96,,621.378,False
Kepler-191 d,Kepler-191,Transit,2016.0,5.945041017,,2.28,,594.464,False
Kepler-611 b,Kepler-611,Transit,2016.0,2.437033302,,1.65,,1395.56,False
Kepler-729 b,Kepler-729,Transit,2016.0,3.166353714,,3.58,,1921.15,False
Kepler-548 b,Kepler-548,Transit,2016.0,4.454194338,,11.99,,751.776,False
Kepler-730 b,Kepler-730,Transit,2016.0,6.491682808,,12.3299,1219.0,1935.04,False
Kepler-586 b,Kepler-586,Transit,2016.0,2.104722184,,2.79,,693.766,False
Kepler-731 b,Kepler-731,Transit,2016.0,3.855603551,,13.88,,1257.16,False
Kepler-612 b,Kepler-612,Transit,2016.0,3.722156413,,2.84,,1445.53,False
Kepler-732 b,Kepler-732,Transit,2016.0,9.467814048,,2.18,,174.826,False
Kepler-733 b,Kepler-733,Transit,2016.0,20.83424726,,2.82,,916.706,False
Kepler-734 b,Kepler-734,Transit,2016.0,6.104852856,,3.56,,1157.21,False
Kepler-735 b,Kepler-735,Transit,2016.0,11.51516988,,2.95,,695.059,False
Kepler-736 b,Kepler-736,Transit,2016.0,3.60147201,,2.93,,1005.43,False
Kepler-613 b,Kepler-613,Transit,2016.0,15.77979614,,2.29,,861.494,False
Kepler-651 b,Kepler-651,Transit,2016.0,21.38521506,,2.37,,509.408,False
Kepler-562 b,Kepler-562,Transit,2016.0,18.009314436,,5.21,,992.769,False
Kepler-563 b,Kepler-563,Transit,2016.0,22.18432708,,3.09,,565.207,False
Kepler-614 b,Kepler-614,Transit,2016.0,14.03491514,,2.39,,527.995,False
Kepler-615 b,Kepler-615,Transit,2016.0,10.35584657,,1.74,,,False
Kepler-506 b,Kepler-506,Transit,2016.0,6.8834055,,2.73,,228.439,False
Kepler-652 b,Kepler-652,Transit,2016.0,4.182002531,,2.49,,394.55,False
Kepler-737 b,Kepler-737,Transit,2016.0,28.59915399,,1.96,,205.118,False
Kepler-738 b,Kepler-738,Transit,2016.0,24.58721573,,2.5,,1113.65,False
Kepler-739 b,Kepler-739,Transit,2016.0,12.53248465,,3.32,,1370.65,False
Kepler-1646 b,Kepler-1646,Transit,2016.0,4.48558383,,1.23,,127.591,False
Kepler-740 b,Kepler-740,Transit,2016.0,3.584101216,,4.57,,1442.02,False
Kepler-741 b,Kepler-741,Transit,2016.0,7.03902374,,2.97,,1661.87,False
Kepler-564 b,Kepler-564,Transit,2016.0,3.750832285,,4.63,,863.037,False
Kepler-653 b,Kepler-653,Transit,2016.0,14.70748976,,1.95,,595.634,False
Kepler-742 b,Kepler-742,Transit,2016.0,8.360868238,,3.24,,489.253,False
Kepler-148 d,Kepler-148,Transit,2016.0,51.84688575,,8.68,,791.163,False
Kepler-616 b,Kepler-616,Transit,2016.0,9.99761851,,2.43,,945.775,False
Kepler-654 b,Kepler-654,Transit,2016.0,13.72465129,,2.07,,974.124,False
Kepler-655 b,Kepler-655,Transit,2016.0,46.4063358,,2.71,,752.562,False
Kepler-565 b,Kepler-565,Transit,2016.0,4.243747226,,3.64,,,False
Kepler-656 b,Kepler-656,Transit,2016.0,1.260259094,,3.12,,890.352,False
Kepler-587 b,Kepler-587,Transit,2016.0,10.94027841,,2.23,,787.894,False
Kepler-657 b,Kepler-657,Transit,2016.0,24.54350418,,3.52,,1691.88,False
Kepler-623 b,Kepler-623,Transit,2016.0,9.07097734,,3.01,,737.702,False
Kepler-658 b,Kepler-658,Transit,2016.0,1.287076762,,1.63,,388.384,False
Kepler-617 b,Kepler-617,Transit,2016.0,1.682696148,,1.32,,173.354,False
Kepler-659 b,Kepler-659,Transit,2016.0,17.671796,,2.5,,722.64,False
Kepler-588 b,Kepler-588,Transit,2016.0,4.221625357,,2.63,,1209.4,False
Kepler-589 b,Kepler-589,Transit,2016.0,16.54964934,,2.27,,612.803,False
Kepler-660 b,Kepler-660,Transit,2016.0,9.27358194,,2.57,,568.431,False
Kepler-661 b,Kepler-661,Transit,2016.0,6.029301321,,3.07,,534.788,False
Kepler-496 b,Kepler-496,Transit,2016.0,8.30864937,,2.32,,605.274,False
Kepler-566 b,Kepler-566,Transit,2016.0,18.42794624,,2.15,,564.277,False
Kepler-550 b,Kepler-550,Transit,2016.0,8.600104109,,4.42,,531.944,False
Kepler-1629 b,Kepler-1629,Transit,2016.0,3.87595807,,0.77,,336.09,False
Kepler-662 b,Kepler-662,Transit,2016.0,21.67697486,,2.18,,815.637,False
Kepler-663 b,Kepler-663,Transit,2016.0,4.99678284,,2.6,,1063.09,False
Kepler-551 b,Kepler-551,Transit,2016.0,12.3764661,,2.73,,311.175,False
Kepler-487 b,Kepler-487,Transit,2016.0,15.358768403,,11.42,,872.343,False
Kepler-618 b,Kepler-618,Transit,2016.0,3.595769645,,2.6,,1221.96,False
K2-44 b,K2-44,Transit,2016.0,5.657,,2.433,,476.703,False
K2-46 b,K2-46,Transit,2016.0,19.1541,,2.05,,449.237,False
K2-8 c,K2-8,Transit,2016.0,5.06416,,2.41,801.0,403.513,False
K2-27 b,K2-27,Transit,2016.0,6.771347,30.2,4.74,836.0,249.645,False
K2-35 c,K2-35,Transit,2016.0,5.608352,,1.93,,252.596,False
Kepler-664 b,Kepler-664,Transit,2016.0,2.525593315,,2.66,,1210.12,False
Kepler-552 b,Kepler-552,Transit,2016.0,5.263415765,,3.95,,843.689,False
K2-42 b,K2-42,Transit,2016.0,6.68796,,2.15,,396.913,False
K2-43 b,K2-43,Transit,2016.0,3.471149,,4.51,939.3,182.536,False
K2-45 b,K2-45,Transit,2016.0,1.7292684,,6.71,,495.317,False
K2-19 d,K2-19,Transit,2016.0,2.50827,6.2,1.044,1258.0,289.827,False
Kepler-590 b,Kepler-590,Transit,2016.0,5.85296257,,4.02,,1421.81,False
K2-35 b,K2-35,Transit,2016.0,2.399964,,1.32,,252.596,False
K2-47 b,K2-47,Transit,2016.0,31.6372,,1.89,,349.881,False
K2-48 b,K2-48,Transit,2016.0,20.5065,,2.24,,313.764,False
K2-49 b,K2-49,Transit,2016.0,2.77065,,1.93,,457.125,False
K2-36 c,K2-36,Transit,2016.0,5.340888,7.9,3.2,854.0,109.749,False
K2-36 b,K2-36,Transit,2016.0,1.422614,4.3,1.43,1328.0,109.749,False
Kepler-567 b,Kepler-567,Transit,2016.0,16.54297375,,2.25,,558.81,False
K2-50 b,K2-50,Transit,2016.0,8.7529,,1.59,,257.443,False
WASP-85 A b,WASP-85 A,Transit,2016.0,2.6556777,402.05495,13.89916,1452.0,141.887,False
Kepler-553 b,Kepler-553,Transit,2016.0,4.030467,116.00736855,4.74139884,1089.0,728.525,False
K2-24 c,K2-24,Transit,2016.0,42.3391,15.4,7.5,,170.562,False
K2-24 b,K2-24,Transit,2016.0,20.88977,19.0,5.4,,170.562,False
K2-52 b,K2-52,Transit,2016.0,3.535055,,18.0,2004.0,1038.41,False
Kepler-591 b,Kepler-591,Transit,2016.0,81.1694299,,3.39,,785.137,False
K2-37 c,K2-37,Transit,2016.0,6.42966,,2.41,839.0,179.943,False
K2-37 d,K2-37,Transit,2016.0,14.09229,12.5,2.31,646.0,179.943,False
K2-37 b,K2-37,Transit,2016.0,4.4434,,1.39,949.0,179.943,False
K2-31 b,K2-31,Transit,2016.0,1.25785,563.83042,11.88154,,110.527,False
Kepler-619 b,Kepler-619,Transit,2016.0,5.404272197,,3.16,,900.678,False
K2-53 b,K2-53,Transit,2016.0,12.20772,,2.6,665.0,138.018,False
K2-32 b,K2-32,Transit,2016.0,8.992,15.0,5.299,837.0,157.682,False
K2-32 d,K2-32,Transit,2016.0,31.71701,6.7,3.484,550.0,157.682,False
K2-32 c,K2-32,Transit,2016.0,20.66093,8.1,3.134,634.0,157.682,False
Kepler-665 b,Kepler-665,Transit,2016.0,16.01310205,,2.6,,612.838,False
K2-33 b,K2-33,Transit,2016.0,5.424865,1175.971,5.04,,139.268,False
K2-55 b,K2-55,Transit,2016.0,2.849271,44.0,4.43,900.0,159.522,False
Kepler-568 b,Kepler-568,Transit,2016.0,11.02347475,,2.26,,130.645,False
Kepler-569 b,Kepler-569,Transit,2016.0,34.18890521,,3.16,,638.301,False
K2-57 b,K2-57,Transit,2016.0,9.0073,,2.30905002,635.8,264.213,False
K2-58 b,K2-58,Transit,2016.0,7.05254,,2.68,,181.746,False
K2-58 c,K2-58,Transit,2016.0,2.53726,,1.62,,181.746,False
K2-58 d,K2-58,Transit,2016.0,22.8827,,1.71,,181.746,False
K2-59 b,K2-59,Transit,2016.0,20.6921,,2.41,,311.313,False
K2-59 c,K2-59,Transit,2016.0,11.2954,,2.3,,311.313,False
K2-60 b,K2-60,Transit,2016.0,3.00265,135.39558,7.655747,1400.0,491.87,False
K2-61 b,K2-61,Transit,2016.0,2.57336,,1.92,1325.0,405.732,False
Kepler-592 b,Kepler-592,Transit,2016.0,2.820192408,,2.39,,1153.13,False
K2-62 b,K2-62,Transit,2016.0,6.67199,,2.02,666.0,112.467,False
K2-62 c,K2-62,Transit,2016.0,16.19697,,1.99,495.0,112.467,False
K2-63 c,K2-63,Transit,2016.0,25.4556,,3.9,,517.534,False
K2-63 b,K2-63,Transit,2016.0,20.257,,3.22,,517.534,False
K2-64 b,K2-64,Transit,2016.0,6.53044,,2.07,,499.891,False
Kepler-593 b,Kepler-593,Transit,2016.0,21.21708973,,2.87,,973.76,False
K2-65 b,K2-65,Transit,2016.0,12.6475,,1.58,,,False
K2-66 b,K2-66,Transit,2016.0,5.06963,21.3,2.49,1372.0,513.877,False
K2-68 b,K2-68,Transit,2016.0,8.05428,,1.58,,168.652,False
K2-69 b,K2-69,Transit,2016.0,7.06599,,2.32,,180.697,False
K2-70 b,K2-70,Transit,2016.0,13.97896,,2.89,,232.964,False
Kepler-570 b,Kepler-570,Transit,2016.0,4.301662003,,2.45,,568.148,False
K2-71 b,K2-71,Transit,2016.0,6.98541,,2.15,,153.192,False
K2-72 b,K2-72,Transit,2016.0,5.577212,,1.08,,66.4321,False
K2-73 b,K2-73,Transit,2016.0,7.49556,9.2,2.58,968.0,269.183,False
K2-39 b,K2-39,Transit,2016.0,4.60543,28.6047,6.27704,,307.47,False
K2-74 b,K2-74,Transit,2016.0,19.5666,,2.31,,377.822,False
K2-28 b,K2-28,Transit,2016.0,2.260455,,2.32,568.0,62.9969,False
K2-75 b,K2-75,Transit,2016.0,7.8142,,2.67,,561.93,False
K2-75 c,K2-75,Transit,2016.0,18.311,,2.77,,561.93,False
Kepler-666 b,Kepler-666,Transit,2016.0,4.49876092,,2.4,,1508.71,False
K2-85 b,K2-85,Transit,2016.0,0.68453862616,3.2,1.4,1355.0,97.2179,False
K2-54 b,K2-54,Transit,2016.0,9.7833,,2.6116925,560.0,174.955,False
K2-72 c,K2-72,Transit,2016.0,15.189034,,1.16,,66.4321,False
K2-72 d,K2-72,Transit,2016.0,7.760178,,1.01,,66.4321,False
K2-72 e,K2-72,Transit,2016.0,24.158868,,1.29,,66.4321,False
Kepler-667 b,Kepler-667,Transit,2016.0,41.43962808,,4.73,,2302.45,False
K2-77 b,K2-77,Transit,2016.0,8.2000844,,2.4996027,806.0,141.731,False
K2-79 b,K2-79,Transit,2016.0,10.995039,5.9,4.15,1033.0,256.011,False
K2-80 b,K2-80,Transit,2016.0,19.0918,,2.01,,200.802,False
K2-80 c,K2-80,Transit,2016.0,5.605,,1.47,,200.802,False
K2-81 b,K2-81,Transit,2016.0,6.102325,,1.97,,252.318,False
K2-83 b,K2-83,Transit,2016.0,2.74697,,1.244,,125.529,False
Kepler-668 b,Kepler-668,Transit,2016.0,8.35390639,,2.7,,784.618,False
K2-83 c,K2-83,Transit,2016.0,9.99767,,1.483,,125.529,False
K2-84 b,K2-84,Transit,2016.0,6.4215,,2.41,,284.876,False
K2-84 c,K2-84,Transit,2016.0,27.86,,2.03,,284.876,False
K2-86 b,K2-86,Transit,2016.0,8.77683,,1.96,,258.699,False
Kepler-669 b,Kepler-669,Transit,2016.0,4.125546869,,4.83,,2063.41,False
K2-87 b,K2-87,Transit,2016.0,9.726618,,7.6,979.0,491.242,False
K2-88 b,K2-88,Transit,2016.0,4.6122,,1.23,,110.561,False
K2-89 b,K2-89,Transit,2016.0,1.096026,,0.615,,86.0386,False
K2-90 b,K2-90,Transit,2016.0,13.733314,,2.6,502.0,134.188,False
K2-90 c,K2-90,Transit,2016.0,2.900706,,1.3,,134.188,False
Kepler-670 b,Kepler-670,Transit,2016.0,2.816504852,,13.18,,939.744,False
K2-91 b,K2-91,Transit,2016.0,1.419549,,1.1,,62.5785,False
K2-97 b,K2-97,Transit,2016.0,8.407115,174.48779544,13.45077684,1566.0,878.43,False
K2-98 b,K2-98,Transit,2016.0,10.1367349,34.00763955,5.06645928,1185.0,518.625,False
Kepler-671 b,Kepler-671,Transit,2016.0,4.280958588,,2.69,,1168.26,False
Kepler-571 b,Kepler-571,Transit,2016.0,4.798599388,,2.64,,723.875,False
K2-104 b,K2-104,Transit,2016.0,1.9741954,,1.79,798.0,189.289,False
K2-100 b,K2-100,Transit,2016.0,1.6739035,21.8,3.88,1841.0,188.959,False
Kepler-672 b,Kepler-672,Transit,2016.0,38.3774623,,2.5,,1033.93,False
Kepler-538 b,Kepler-538,Transit,2016.0,81.73778,12.9,2.215,417.0,155.956,False
K2-350 c,K2-350,Transit,2016.0,19.991944,,2.74,687.0,489.368,False
Kepler-594 b,Kepler-594,Transit,2016.0,13.64618192,,2.18,,769.2,False
Kepler-154 d,Kepler-154,Transit,2016.0,20.54981883,,3.84,,915.212,False
K2-99 b,K2-99,Transit,2016.0,18.24783,276.51071409,11.88151954,1184.0,519.229,False
Kepler-673 b,Kepler-673,Transit,2016.0,3.728731093,,6.54,,918.21,False
Kepler-501 b,Kepler-501,Transit,2016.0,5.640677572,,4.3,,1125.24,False
Kepler-674 b,Kepler-674,Transit,2016.0,2.243381847,,1.69,,342.254,False
Kepler-675 b,Kepler-675,Transit,2016.0,2.33743801,,2.44,,665.68,False
Kepler-676 b,Kepler-676,Transit,2016.0,11.59822172,,3.04,,295.196,False
Kepler-677 b,Kepler-677,Transit,2016.0,6.57531678,,5.38,,1954.08,False
Kepler-678 b,Kepler-678,Transit,2016.0,7.27503724,,5.14,,1826.15,False
Kepler-483 b,Kepler-483,Transit,2016.0,30.229104,,3.21,,860.355,False
Kepler-572 b,Kepler-572,Transit,2016.0,17.20523483,,2.58,,504.667,False
Kepler-679 b,Kepler-679,Transit,2016.0,12.39358604,,3.01,,922.244,False
Kepler-680 b,Kepler-680,Transit,2016.0,3.689926291,,2.42,,1492.48,False
Kepler-595 b,Kepler-595,Transit,2016.0,25.3029092,17.4,3.708,,643.009,False
Kepler-681 b,Kepler-681,Transit,2016.0,26.39435646,,3.08,,686.923,False
Kepler-573 b,Kepler-573,Transit,2016.0,22.18329658,,2.79,,771.471,False
Kepler-620 b,Kepler-620,Transit,2016.0,12.91375431,,3.32,,1355.28,False
Kepler-554 b,Kepler-554,Transit,2016.0,1.902208556,,4.29,,690.525,False
Kepler-596 b,Kepler-596,Transit,2016.0,21.30022655,,3.46,,1023.85,False
Kepler-682 b,Kepler-682,Transit,2016.0,12.611906672,,7.37,,1979.25,False
Kepler-574 b,Kepler-574,Transit,2016.0,7.65880414,,2.39,,682.896,False
Kepler-712 c,Kepler-712,Transit,2016.0,226.89047,,4.85,,872.493,False
Kepler-561 c,Kepler-561,Transit,2016.0,5.350161983,,2.68,,621.378,False
Kepler-445 d,Kepler-445,Transit,2015.0,8.15275,,1.25,,127.201,False
HD 95127 b,HD 95127,Radial Velocity,2015.0,482.0,3378.5329,,,676.579,False
HD 216536 b,HD 216536,Radial Velocity,2015.0,148.60001,333.7215,,,376.233,False
OGLE-2014-BLG-0124L b,OGLE-2014-BLG-0124L,Microlensing,2015.0,,206.58846455,,,3500.0,False
WASP-82 b,WASP-82,Transit,2015.0,2.70579,371.8611,18.15858,,275.664,False
K2-3 b,K2-3,Transit,2015.0,10.0546535,5.11,2.078,501.3,44.0727,False
K2-3 c,K2-3,Transit,2015.0,24.646729,2.68,1.582,371.8,44.0727,False
K2-3 d,K2-3,Transit,2015.0,44.55603,2.2,1.458,305.2,44.0727,True
OGLE-2011-BLG-0265L b,OGLE-2011-BLG-0265L,Microlensing,2015.0,,280.0,,,4380.0,False
WASP-20 b,WASP-20,Transit,2015.0,,,15.46839337,1362.0,211.877,False
HD 1605 b,HD 1605,Radial Velocity,2015.0,577.2,296.85322,,,88.8047,False
HD 1605 c,HD 1605,Radial Velocity,2015.0,2149.0,1150.5446,,,88.8047,False
HD 1666 b,HD 1666,Radial Velocity,2015.0,270.0,2040.0,,,117.908,False
HD 67087 b,HD 67087,Radial Velocity,2015.0,352.2,973.0,,,76.5217,False
HD 67087 c,HD 67087,Radial Velocity,2015.0,2374.0,1540.0,,,76.5217,False
CoRoT-28 b,CoRoT-28,Transit,2015.0,5.20851,153.82972,10.704595,,766.183,False
CoRoT-29 b,CoRoT-29,Transit,2015.0,2.85057,270.1555,10.0881,,806.507,False
HAT-P-54 b,HAT-P-54,Transit,2015.0,3.799847,241.5508,10.581296,818.0,143.651,False
Kepler-432 c,Kepler-432,Radial Velocity,2015.0,406.2,772.3269,,,848.023,False
HATS-6 b,HATS-6,Transit,2015.0,3.3252725,101.38777,11.186582,712.8,169.318,False
HD 7924 c,HD 7924,Radial Velocity,2015.0,15.299,7.86,,583.6,16.9922,False
HD 7924 d,HD 7924,Radial Velocity,2015.0,24.451,6.44,,499.0,16.9922,False
VHS J125601.92-125723.9 b,VHS J125601.92-125723.9,Imaging,2015.0,5800000.0,5085.254512,13.67495645,1194.0,,False
2MASS J02192210-3925225 b,2MASS J02192210-3925225,Imaging,2015.0,,4417.837,16.14096,,,False
LkCa 15 b,LkCa 15,Imaging,2015.0,,,,,158.152,False
HD 204313 c,HD 204313,Radial Velocity,2015.0,34.95875,17.16273398,,,47.7945,False
HD 1461 c,HD 1461,Radial Velocity,2015.0,13.5052,5.59,,,23.4534,False
HIP 107773 b,HIP 107773,Radial Velocity,2015.0,144.3,629.3034,,,105.18,False
KELT-7 b,KELT-7,Transit,2015.0,2.73477,441.7837,17.9344,,136.681,False
HAT-P-55 b,HAT-P-55,Transit,2015.0,3.5852313,189.42573057,14.84069045,1367.0,511.388,False
HATS-8 b,HATS-8,Transit,2015.0,3.583893,43.86054,9.785457,1324.0,794.637,False
WASP-74 b,WASP-74,Transit,2015.0,2.13775,228.8376,15.24424,,149.216,False
WASP-83 b,WASP-83,Transit,2015.0,4.971252,95.349,11.65736,1120.0,271.103,False
WASP-89 b,WASP-89,Transit,2015.0,3.3564227,1875.197,11.65736,1120.0,290.946,False
K2-4 b,K2-4,Transit,2015.0,10.003417,,2.1,,231.828,False
K2-5 b,K2-5,Transit,2015.0,5.73594,,1.91,565.0,202.943,False
K2-5 c,K2-5,Transit,2015.0,10.93241,,2.26,456.0,202.943,False
K2-6 b,K2-6,Transit,2015.0,30.94191,,2.5,615.0,316.819,False
K2-7 b,K2-7,Transit,2015.0,28.6781,,4.03523305,786.0,738.553,False
K2-8 b,K2-8,Transit,2015.0,10.35239,,3.58,631.0,403.513,False
K2-9 b,K2-9,Transit,2015.0,18.4498,,2.25,314.0,82.9631,False
K2-19 b,K2-19,Transit,2015.0,7.9193,30.8,7.0,,289.827,False
K2-19 c,K2-19,Transit,2015.0,11.906,11.0,4.1,,289.827,False
K2-10 b,K2-10,Transit,2015.0,19.30553,25.2,3.773,649.0,272.36,False
K2-11 b,K2-11,Transit,2015.0,39.93767,,7.55,734.0,329.309,False
K2-12 b,K2-12,Transit,2015.0,8.28246,5.2,2.44,1026.0,326.381,False
K2-13 b,K2-13,Transit,2015.0,39.91488,,1.89,511.0,342.394,False
K2-14 b,K2-14,Transit,2015.0,8.36802,,4.81,488.0,364.048,False
K2-15 b,K2-15,Transit,2015.0,11.8104,,2.48,676.0,493.992,False
K2-16 b,K2-16,Transit,2015.0,7.6188,,2.02,658.0,334.967,False
K2-16 c,K2-16,Transit,2015.0,19.07863,,2.54,485.0,334.967,False
K2-17 b,K2-17,Transit,2015.0,17.96753,,2.23,487.0,125.106,False
K2-18 b,K2-18,Transit,2015.0,32.939623,8.92,2.37,284.0,38.0266,True
HAT-P-56 b,HAT-P-56,Transit,2015.0,2.79083,734.1873,16.92559,,320.639,False
HD 219134 b,HD 219134,Radial Velocity,2015.0,3.092926,4.74,1.602,1015.0,6.53127,False
HD 219134 c,HD 219134,Radial Velocity,2015.0,6.76458,4.36,1.511,782.0,6.53127,False
HD 219134 d,HD 219134,Radial Velocity,2015.0,46.859,16.17,1.61,410.5,6.53127,False
HATS-13 b,HATS-13,Transit,2015.0,3.0440499,172.58169,13.585308,1244.0,421.855,False
HATS-14 b,HATS-14,Transit,2015.0,2.7667641,340.39593,11.646151,1276.0,513.011,False
OGLE-2012-BLG-0563L b,OGLE-2012-BLG-0563L,Microlensing,2015.0,,120.0,,,1300.0,False
51 Eri b,51 Eri,Imaging,2015.0,9100.0,3464.3296363,,,29.7575,False
KELT-8 b,KELT-8,Transit,2015.0,3.24406,209.7678,18.15858,,197.572,False
KELT-6 c,KELT-6,Radial Velocity,2015.0,1276.0,1179.1493,,,240.726,False
HD 164595 b,HD 164595,Radial Velocity,2015.0,40.0,16.14,,,28.254,False
K2-21 b,K2-21,Transit,2015.0,9.325038,,1.84,,83.6448,False
K2-21 c,K2-21,Transit,2015.0,15.50192,,2.49,,83.6448,False
K2-22 b,K2-22,Transit,2015.0,0.381073,,2.3,,243.836,False
WASP-47 c,WASP-47,Radial Velocity,2015.0,589.57,447.0,,,264.78,False
WASP-47 d,WASP-47,Transit,2015.0,9.030501,15.5,3.65,,264.78,False
WASP-47 e,WASP-47,Transit,2015.0,0.78961,9.0,1.83,,264.78,False
WASP-41 c,WASP-41,Radial Velocity,2015.0,421.0,1010.6994,,241.0,163.371,True
HD 11755 b,HD 11755,Radial Velocity,2015.0,433.70001,1789.3829,,,235.045,False
HD 12648 b,HD 12648,Radial Velocity,2015.0,133.60001,622.9468,,,182.192,False
HD 24064 b,HD 24064,Radial Velocity,2015.0,535.59998,4096.8287,,,300.247,False
8 UMi b,8 UMi,Radial Velocity,2015.0,93.31,524.41687155,,,162.552,False
Kepler-453 b,Kepler-453,Transit,2015.0,240.503,16.0,6.204,,442.846,False
HAT-P-57 b,HAT-P-57,Transit,2015.0,2.4653,448.1403,19.50366,,279.86,False
GJ 1132 b,GJ 1132,Transit,2015.0,1.62893,1.69,1.22,591.0,12.613,False
HAT-P-50 b,HAT-P-50,Transit,2015.0,3.1220109,429.0705,14.437192,1862.0,515.458,False
HAT-P-51 b,HAT-P-51,Transit,2015.0,4.21802091,97.57332095,13.50682174,1168.2,440.089,False
HAT-P-52 b,HAT-P-52,Transit,2015.0,2.7535953,259.98494,11.309881,1218.0,361.155,False
HAT-P-53 b,HAT-P-53,Transit,2015.0,1.9616241,471.65972,14.773462,1778.0,666.802,False
HD 175607 b,HD 175607,Radial Velocity,2015.0,29.01,8.98,,,40.3303,False
HD 219134 f,HD 219134,Radial Velocity,2015.0,22.717,7.3,1.31,522.6,6.53127,False
HIP 67851 b,HIP 67851,Radial Velocity,2015.0,89.23,365.50266805,,,64.1181,False
HIP 67851 c,HIP 67851,Radial Velocity,2015.0,3128.41,1579.60718279,,,64.1181,False
GJ 3293 b,GJ 3293,Radial Velocity,2015.0,30.5987,23.54,,,20.1903,False
GJ 3293 c,GJ 3293,Radial Velocity,2015.0,122.6196,21.09,,,20.1903,False
GJ 3341 b,GJ 3341,Radial Velocity,2015.0,14.207,6.6,,,23.619,False
BD+49 828 b,BD+49 828,Radial Velocity,2015.0,2590.0,508.5,,,442.042,False
HD 145934 b,HD 145934,Radial Velocity,2015.0,2751.53433,658.5404593,,,227.881,False
Kepler-452 b,Kepler-452,Transit,2015.0,384.843,,1.63,265.0,551.727,True
Kepler-433 b,Kepler-433,Transit,2015.0,5.33408384,896.24,16.25,1776.0,1878.31,False
KOI-12 b,KOI-12,Transit,2015.0,17.855182,349.613,13.78707,,399.398,False
KIC 5437945 b,KIC 5437945,Transit,2015.0,440.7813,,6.4,,1274.01,False
Kepler-439 b,Kepler-439,Transit,2015.0,178.1396,,2.24,,757.048,False
Kepler-434 b,Kepler-434,Transit,2015.0,12.8747099,908.96,12.67,1000.0,1222.54,False
Kepler-435 b,Kepler-435,Transit,2015.0,8.6001536,266.97,22.31,1729.0,1418.77,False
Kepler-436 b,Kepler-436,Transit,2015.0,64.00205,,2.73,,588.867,False
Kepler-446 c,Kepler-446,Transit,2015.0,3.036179,,1.11,,96.339,False
Kepler-444 b,Kepler-444,Transit,2015.0,3.6001053,,0.403,,36.4396,False
Kepler-444 c,Kepler-444,Transit,2015.0,4.5458841,,0.497,,36.4396,False
Kepler-444 d,Kepler-444,Transit,2015.0,6.189392,,0.53,,36.4396,False
Kepler-444 e,Kepler-444,Transit,2015.0,7.743493,,0.546,,36.4396,False
Kepler-444 f,Kepler-444,Transit,2015.0,9.740486,,0.741,,36.4396,False
Kepler-441 b,Kepler-441,Transit,2015.0,207.2482,,1.64,,268.003,False
Kepler-442 b,Kepler-442,Transit,2015.0,112.3053,,1.34,,365.965,False
Kepler-443 b,Kepler-443,Transit,2015.0,177.6693,,2.33,,802.271,False
Kepler-450 d,Kepler-450,Transit,2015.0,7.51464,,0.837,,455.982,False
Kepler-437 b,Kepler-437,Transit,2015.0,66.65062,,2.14,,,False
Kepler-438 b,Kepler-438,Transit,2015.0,35.23319,,1.12,,,False
Kepler-454 b,Kepler-454,Transit,2015.0,10.5737534,5.4,2.37,916.0,230.869,False
Kepler-431 d,Kepler-431,Transit,2015.0,11.922,,1.11,856.0,486.546,False
Kepler-431 b,Kepler-431,Transit,2015.0,6.803,,0.764,1032.0,486.546,False
Kepler-431 c,Kepler-431,Transit,2015.0,8.703,,0.668,951.0,486.546,False
Kepler-92 d,Kepler-92,Transit,2015.0,49.3568,,2.067,,477.992,False
Kepler-440 b,Kepler-440,Transit,2015.0,101.11141,,1.86,,301.03,False
Kepler-430 c,Kepler-430,Transit,2015.0,110.979,,1.75,458.0,917.477,False
KIC 9663113 b,KIC 9663113,Transit,2015.0,572.3847,,4.6,,1594.74,False
Kepler-445 b,Kepler-445,Transit,2015.0,2.984151,,1.58,,127.201,False
Kepler-446 d,Kepler-446,Transit,2015.0,5.148921,,1.35,,96.339,False
Kepler-450 b,Kepler-450,Transit,2015.0,28.454851,,6.14,,455.982,False
Kepler-445 c,Kepler-445,Transit,2015.0,4.871229,,2.51,,127.201,False
Kepler-446 b,Kepler-446,Transit,2015.0,1.565409,,1.5,,96.339,False
Kepler-449 b,Kepler-449,Transit,2015.0,12.58242,,2.056,,241.949,False
Kepler-430 b,Kepler-430,Transit,2015.0,35.968,,3.25,667.0,917.477,False
Kepler-447 b,Kepler-447,Transit,2015.0,7.79430132,435.41,18.49,,268.041,False
Kepler-449 c,Kepler-449,Transit,2015.0,33.6727,,2.764,,241.949,False
Kepler-450 c,Kepler-450,Transit,2015.0,15.413135,,2.62,,455.982,False
HD 219134 g,HD 219134,Radial Velocity,2015.0,94.2,10.80622,,,6.53127,False
HD 219134 h,HD 219134,Radial Velocity,2015.0,2247.0,108.0622,,,6.53127,False
WASP-135 b,WASP-135,Transit,2015.0,1.4013794,603.877,14.5717,,298.214,False
LkCa 15 c,LkCa 15,Imaging,2015.0,,,,,158.152,False
Kepler-454 c,Kepler-454,Radial Velocity,2015.0,524.19,1433.40611557,,,230.869,False
HD 95872 b,HD 95872,Radial Velocity,2015.0,4375.0,1188.6842,,,72.2195,False
psi1 Dra B b,psi1 Dra B,Radial Velocity,2015.0,3117.0,486.2799,,,22.7188,False
Wolf 1061 b,Wolf 1061,Radial Velocity,2015.0,4.8869,1.91,,,4.30592,False
Wolf 1061 c,Wolf 1061,Radial Velocity,2015.0,17.8719,3.41,,,4.30592,False
Wolf 1061 d,Wolf 1061,Radial Velocity,2015.0,217.21,7.7,,,4.30592,False
KIC 3558849 b,KIC 3558849,Transit,2015.0,1322.3,,6.9,,1215.7,False
KIC 8540376 b,KOI-7892,Transit,2015.0,31.8099,,4.1,,1072.3,False
KIC 8540376 c,KOI-7892,Transit,2015.0,75.2,,2.4,,1072.3,False
KIC 10525077 b,KIC 10525077,Transit,2015.0,854.083,,5.5,,1461.15,False
K2-25 b,K2-25,Transit,2015.0,3.48456408,24.5,3.44,494.0,44.9565,False
HD 32963 b,HD 32963,Radial Velocity,2015.0,2372.0,222.481,,,38.0786,False
HD 33844 b,HD 33844,Radial Velocity,2015.0,551.40002,638.8383,,,105.779,False
HD 33844 c,HD 33844,Radial Velocity,2015.0,916.0,556.2025,,,105.779,False
MOA-2010-BLG-353L b,MOA-2010-BLG-353L,Microlensing,2015.0,,86.0,,,6430.0,False
HATS-7 b,HATS-7,Transit,2015.0,3.185315,38.1396,6.310667,1084.0,240.707,False
Kepler-432 b,Kepler-432,Transit,2015.0,52.501129,1719.4603,12.834305,,848.023,False
HATS-9 b,HATS-9,Transit,2015.0,1.915291,,13.85,1746.0,638.7,False
HATS-10 b,HATS-10,Transit,2015.0,3.312846,167.17858,10.861521,1407.0,534.889,False
alf Tau b,alf Tau,Radial Velocity,2015.0,628.96,2056.3601,,,20.4332,False
2MASS J19383260+4603591 b,2MASS J19383260+4603591,Eclipse Timing Variations,2015.0,406.0,591.16083702,,,396.332,False
HIP 65891 b,HIP 65891,Radial Velocity,2015.0,1079.55726,1871.37366042,,,150.292,False
OGLE-2008-BLG-355L b,OGLE-2008-BLG-355L,Microlensing,2014.0,,1500.0,,,6800.0,False
Kepler-419 c,Kepler-419,Transit Timing Variations,2014.0,675.47,2320.1,,,1011.36,False
HATS-4 b,HATS-4,Transit,2014.0,2.516729,420.471,11.433,1315.0,416.459,False
OGLE-2013-BLG-0341L B b,OGLE-2013-BLG-0341L B,Microlensing,2014.0,,1.66,,,911.0,False
XO-2 S b,XO-2 S,Radial Velocity,2014.0,18.157,82.6358,,,151.398,False
XO-2 S c,XO-2 S,Radial Velocity,2014.0,120.8,435.409,,,151.398,False
Kepler-116 b,Kepler-116,Transit,2014.0,5.968734,,3.42,,955.168,False
WASP-28 b,WASP-28,Transit,2014.0,3.40883495,282.54945382,13.66374747,1456.0,348.494,False
Kepler-273 b,Kepler-273,Transit,2014.0,2.936532,,1.5,,713.964,False
Kepler-272 c,Kepler-272,Transit,2014.0,6.057342,,1.79,,889.608,False
Kepler-112 b,Kepler-112,Transit,2014.0,8.408878,,2.36,,513.206,False
Kepler-267 b,Kepler-267,Transit,2014.0,3.353728,,1.98,,264.993,False
Kepler-123 b,Kepler-123,Transit,2014.0,17.232366,,2.94,,1021.66,False
Kepler-257 b,Kepler-257,Transit,2014.0,2.382667,,2.61,,780.256,False
Kepler-216 b,Kepler-216,Transit,2014.0,7.693641,,2.35,,1187.47,False
Kepler-259 c,Kepler-259,Transit,2014.0,36.924931,,2.7,,1002.14,False
Kepler-148 c,Kepler-148,Transit,2014.0,4.180043,,3.6,,791.163,False
Kepler-222 d,Kepler-222,Transit,2014.0,28.081912,,3.69,,758.854,False
Kepler-179 b,Kepler-179,Transit,2014.0,2.735926,,1.64,,605.68,False
Kepler-165 c,Kepler-165,Transit,2014.0,15.31299,,2.23,,560.885,False
Kepler-228 c,Kepler-228,Transit,2014.0,4.134444,,2.7,,1644.61,False
Kepler-197 d,Kepler-197,Transit,2014.0,15.677563,,1.22,,330.575,False
Kepler-184 d,Kepler-184,Transit,2014.0,29.022358,,2.49,,610.326,False
Kepler-257 d,Kepler-257,Transit,2014.0,24.664551,,4.95,,780.256,False
Kepler-222 c,Kepler-222,Transit,2014.0,10.08881,,4.64,,758.854,False
Kepler-229 b,Kepler-229,Transit,2014.0,6.252972,,2.2,,826.265,False
Kepler-166 c,Kepler-166,Transit,2014.0,34.260281,,2.38,,603.53,False
Kepler-197 b,Kepler-197,Transit,2014.0,5.599308,,1.02,,330.575,False
Kepler-108 c,Kepler-108,Transit,2014.0,190.323494,,8.18,,338.732,False
Kepler-108 b,Kepler-108,Transit,2014.0,49.183921,,8.65,,338.732,False
Kepler-262 c,Kepler-262,Transit,2014.0,21.853722,,1.64,,613.129,False
Kepler-264 b,Kepler-264,Transit,2014.0,40.806231,,3.33,,942.173,False
Kepler-263 b,Kepler-263,Transit,2014.0,16.568087,,2.67,,754.747,False
Kepler-261 b,Kepler-261,Transit,2014.0,10.381227,,2.18,,317.499,False
Kepler-260 b,Kepler-260,Transit,2014.0,8.187399,,2.01,,627.365,False
Kepler-268 b,Kepler-268,Transit,2014.0,25.934138,,2.55,,851.87,False
Kepler-119 b,Kepler-119,Transit,2014.0,2.422082,,3.6,,701.996,False
WASP-94 B b,WASP-94 B,Radial Velocity,2014.0,2.00839,196.411,,,208.696,False
KIC 10001893 b,KIC 10001893,Orbital Brightness Modulation,2014.0,0.2197,,,,1672.94,False
KIC 10001893 c,KIC 10001893,Orbital Brightness Modulation,2014.0,0.32528,,,,1672.94,False
KIC 10001893 d,KIC 10001893,Orbital Brightness Modulation,2014.0,0.81161,,,,1672.94,False
Kepler-424 c,Kepler-424,Radial Velocity,2014.0,223.3,2215.18,,,698.646,False
WASP-69 b,WASP-69,Transit,2014.0,3.86813881,82.58,11.21,971.0,49.9605,False
WASP-70 A b,WASP-70 A,Transit,2014.0,3.7130203,187.512,13.047,1387.0,222.355,False
WASP-84 b,WASP-84,Transit,2014.0,8.52349648,220.0,10.72,732.0,100.588,False
TYC 1422-614-1 b,TYC 1422-614-1,Radial Velocity,2014.0,198.4,794.5,,,672.41,False
TYC 1422-614-1 c,TYC 1422-614-1,Radial Velocity,2014.0,559.3,3178.0,,,672.41,False
OGLE-2008-BLG-092L b,OGLE-2008-BLG-092L,Microlensing,2014.0,,57.0,,,8100.0,False
Kepler-289 d,Kepler-289,Transit,2014.0,66.0282,5.33,3.03,,704.438,False
HD 5319 c,HD 5319,Radial Velocity,2014.0,872.2,334.67499,,,121.405,False
HD 10442 b,HD 10442,Radial Velocity,2014.0,1032.3,472.61321,,,135.374,False
HD 75784 b,HD 75784,Radial Velocity,2014.0,341.2,317.83,,,85.4321,False
HIP 116454 b,HIP 116454,Transit,2014.0,9.1004157,9.7,2.469,753.2,62.4491,False
HD 564 b,HD 564,Radial Velocity,2014.0,492.3,104.88,,,51.1659,False
HD 30669 b,HD 30669,Radial Velocity,2014.0,1684.0,149.37,,,58.0844,False
HD 108341 b,HD 108341,Radial Velocity,2014.0,1129.0,1112.4,,,48.9102,False
HD 103720 b,HD 103720,Radial Velocity,2014.0,4.5557,197.046,,,45.5352,False
BD-11 4672 b,BD-11 4672,Radial Velocity,2014.0,1634.0,206.5895,,,27.1665,False
OGLE-2013-BLG-0102L b,OGLE-2013-BLG-0102L,Microlensing,2014.0,,4100.0,,,3040.0,False
Kepler-265 c,Kepler-265,Transit,2014.0,17.028937,,2.63,,1280.25,False
HD 100546 b,HD 100546,Imaging,2014.0,,2701.5414595,77.3421,,109.677,False
Kepler-93 c,Kepler-93,Radial Velocity,2014.0,1460.0,954.0,,,95.9115,False
Kepler-94 c,Kepler-94,Radial Velocity,2014.0,820.3,3126.0,,,191.904,False
Kepler-48 e,Kepler-48,Radial Velocity,2014.0,982.0,657.0,,,306.738,False
Kepler-25 d,Kepler-25,Radial Velocity,2014.0,122.4,71.9,,,243.249,False
Kepler-97 c,Kepler-97,Radial Velocity,2014.0,789.0,344.0,,,400.907,False
Kepler-407 c,Kepler-407,Radial Velocity,2014.0,3000.0,4000.0,,,338.368,False
CoRoT-27 b,CoRoT-27,Transit,2014.0,3.57532,3302.11,11.287,1500.0,1010.28,False
WASP-103 b,WASP-103,Transit,2014.0,0.925542,473.547,17.127,2508.0,375.647,False
KELT-6 b,KELT-6,Transit,2014.0,7.8457,165.2716,14.5717,,240.726,False
NGC 2682 YBP 1194 b,NGC 2682 YBP 1194,Radial Velocity,2014.0,6.959,101.7056,,,872.92,False
NGC 2682 YBP 1514 b,NGC 2682 YBP 1514,Radial Velocity,2014.0,5.118,127.132,,,914.221,False
HD 154857 c,HD 154857,Radial Velocity,2014.0,3452.0,819.97,,,63.4482,False
Kepler-413 b,Kepler-413,Transit,2014.0,66.262,67.0,4.347,,847.536,False
HAT-P-49 b,HAT-P-49,Transit,2014.0,2.69155,699.226,17.82231,,350.351,False
WTS-2 b,WTS-2,Transit,2014.0,1.0187068,355.9696,15.277867,2000.0,,False
HD 4203 c,HD 4203,Radial Velocity,2014.0,6700.0,689.66,,,81.3795,False
WASP-68 b,WASP-68,Transit,2014.0,5.0843,343.2564,14.79588,,226.399,False
WASP-73 b,WASP-73,Transit,2014.0,4.08722,908.9938,15.91678,,316.678,False
WASP-88 b,WASP-88,Transit,2014.0,4.954,133.4886,16.36514,,523.756,False
WASP-95 b,WASP-95,Transit,2014.0,2.18467,457.6752,13.78707,,137.544,False
WASP-96 b,WASP-96,Transit,2014.0,3.4252602,152.55,13.45,1285.0,352.464,False
WASP-97 b,WASP-97,Transit,2014.0,2.07276,432.2488,12.77826,,151.068,False
WASP-98 b,WASP-98,Transit,2014.0,2.96264036,293.03926,12.823096,1171.0,281.742,False
WASP-99 b,WASP-99,Transit,2014.0,5.75251,772.3269,11.43318,,158.66,False
WASP-100 b,WASP-100,Transit,2014.0,2.84938,400.4658,14.90797,,364.411,False
WASP-101 b,WASP-101,Transit,2014.0,3.58572,162.0933,16.02887,,201.224,False
HAT-P-44 b,HAT-P-44,Transit,2014.0,4.301219,111.871,13.922,1108.0,347.85,False
HAT-P-45 b,HAT-P-45,Transit,2014.0,3.128992,283.492,15.984,1652.0,298.64,False
HAT-P-46 b,HAT-P-46,Transit,2014.0,4.463129,156.684,14.392,1458.0,290.736,False
HAT-P-44 c,HAT-P-44,Radial Velocity,2014.0,872.2,1271.3,,,347.85,False
GU Psc b,GU Psc,Imaging,2014.0,,3591.3,14.179,1050.0,47.5501,False
HATS-5 b,HATS-5,Transit,2014.0,4.763387,75.323,10.223,1025.0,246.384,False
bet Cnc b,bet Cnc,Radial Velocity,2014.0,605.2,2479.0,,,89.0472,False
mu Leo b,mu Leo,Radial Velocity,2014.0,357.8,762.8,,,32.6081,False
bet UMi b,bet UMi,Radial Velocity,2014.0,522.3,1938.7,,,38.77472,False
GJ 687 b,GJ 687,Radial Velocity,2014.0,38.142,17.2,,,4.54939,False
Kapteyn c,Kapteyn,Radial Velocity,2014.0,121.54,7.0,,,3.93305,False
HIP 105854 b,HIP 105854,Radial Velocity,2014.0,184.2,2606.1,,,78.6381,False
CoRoT-24 b,CoRoT-24,Transit,2014.0,5.1134,5.7,3.7,1070.0,591.555,False
CoRoT-24 c,CoRoT-24,Transit,2014.0,11.759,28.0,5.0,850.0,591.555,False
Kepler-125 b,Kepler-125,Transit,2014.0,4.164389,,2.37,,183.365,False
Kepler-304 b,Kepler-304,Transit,2014.0,3.295709,,2.86,,434.684,False
Kepler-306 c,Kepler-306,Transit,2014.0,7.240193,,2.35,,775.679,False
Kepler-107 e,Kepler-107,Transit,2014.0,14.749143,14.1,2.903,955.0,525.997,False
Kepler-308 b,Kepler-308,Transit,2014.0,9.694928,,2.12,,1335.92,False
Kepler-309 b,Kepler-309,Transit,2014.0,5.923653,,1.56,,544.568,False
Kepler-310 c,Kepler-310,Transit,2014.0,56.47542,,3.38,,602.268,False
Kepler-311 b,Kepler-311,Transit,2014.0,9.176092,,1.7,,778.654,False
Kepler-275 b,Kepler-275,Transit,2014.0,10.300682,,2.34,,2034.25,False
Kepler-424 b,Kepler-424,Transit,2014.0,3.3118644,327.35,9.98,,698.646,False
Kepler-276 b,Kepler-276,Transit,2014.0,14.12841,,2.87,,1144.86,False
Kepler-278 c,Kepler-278,Transit,2014.0,51.111,34.9,3.268,492.0,443.03,False
Kepler-279 b,Kepler-279,Transit,2014.0,12.309681,,3.62,,1037.4,False
Kepler-284 c,Kepler-284,Transit,2014.0,37.514456,,2.61,,1031.95,False
Kepler-286 c,Kepler-286,Transit,2014.0,3.468095,,1.37,,1226.85,False
Kepler-287 b,Kepler-287,Transit,2014.0,20.342199,,2.33,,835.86,False
Kepler-110 b,Kepler-110,Transit,2014.0,12.691112,,1.83,,586.531,False
Kepler-290 b,Kepler-290,Transit,2014.0,14.589347,,2.25,,694.627,False
HD 141399 b,HD 141399,Radial Velocity,2014.0,94.44,143.34133,,,37.0169,False
HD 141399 c,HD 141399,Radial Velocity,2014.0,201.99,422.7139,,,37.0169,False
HD 141399 d,HD 141399,Radial Velocity,2014.0,1069.8,375.0394,,,37.0169,False
HD 141399 e,HD 141399,Radial Velocity,2014.0,5000.0,209.7678,,,37.0169,False
Kepler-266 b,Kepler-266,Transit,2014.0,6.61833,,2.48,,1370.79,False
Kepler-418 b,Kepler-418,Transit,2014.0,86.67856,349.6112477,13.45,,1002.53,False
Kepler-269 b,Kepler-269,Transit,2014.0,5.326718,,2.47,,2257.32,False
Kepler-270 b,Kepler-270,Transit,2014.0,11.476094,,2.01,,948.781,False
Kepler-271 b,Kepler-271,Transit,2014.0,10.43547805,,1.23,,404.542,False
Kepler-407 b,Kepler-407,Transit,2014.0,0.6693124,1.93,1.19,,338.368,False
Kepler-301 b,Kepler-301,Transit,2014.0,2.508553,,1.35,,719.166,False
Kepler-300 c,Kepler-300,Transit,2014.0,40.714955,,2.25,,1098.45,False
GJ 27.1 b,GJ 27.1,Radial Velocity,2014.0,15.819,13.0,,,23.6062,False
GJ 160.2 b,GJ 160.2,Radial Velocity,2014.0,5.2354,10.2,,,25.8557,False
GJ 180 b,GJ 180,Radial Velocity,2014.0,17.133,6.49,,,11.9407,False
GJ 180 c,GJ 180,Radial Velocity,2014.0,24.329,6.4,,,11.9407,False
GJ 229 b,GJ 229,Radial Velocity,2014.0,579.47495,14.93793513,,,5.75624,False
GJ 422 b,GJ 422,Radial Velocity,2014.0,20.129,11.07,,,12.6631,False
GJ 433 c,GJ 433,Radial Velocity,2014.0,5094.105,32.422,,,9.06456,False
GJ 682 b,GJ 682,Radial Velocity,2014.0,17.478,4.4,,,5.00671,False
GJ 682 c,GJ 682,Radial Velocity,2014.0,57.32,8.7,,,5.00671,False
Kepler-299 c,Kepler-299,Transit,2014.0,6.885875,,2.65,,1052.24,False
Kepler-298 b,Kepler-298,Transit,2014.0,10.475464,,1.96,,518.204,False
Kepler-95 b,Kepler-95,Transit,2014.0,11.5231,13.0,3.42,,445.656,False
Kepler-297 b,Kepler-297,Transit,2014.0,38.871826,,2.87,,692.14,False
Kepler-296 c,Kepler-296,Transit,2014.0,5.8416366,,2.0,,,False
MOA-2013-BLG-220L b,MOA-2013-BLG-220L,Microlensing,2014.0,,871.0,,,6720.0,False
Kepler-295 b,Kepler-295,Transit,2014.0,12.645164,,1.22,,1699.19,False
Kepler-106 c,Kepler-106,Transit,2014.0,13.5708,10.44,2.5,,444.322,False
GJ 849 c,GJ 849,Radial Velocity,2014.0,5990.0,314.65012293,,,8.80058,False
Kepler-294 c,Kepler-294,Transit,2014.0,6.6264,,2.71,,1357.01,False
Kepler-288 c,Kepler-288,Transit,2014.0,19.305772,,2.85,,1194.15,False
Kepler-287 c,Kepler-287,Transit,2014.0,44.851896,,3.26,,835.86,False
Kepler-286 b,Kepler-286,Transit,2014.0,1.796302,,1.24,,1226.85,False
Kepler-285 b,Kepler-285,Transit,2014.0,2.633867,,1.34,,824.31,False
Kepler-284 b,Kepler-284,Transit,2014.0,12.699149,,2.24,,1031.95,False
MOA-2011-BLG-262L b,MOA-2011-BLG-262L,Microlensing,2014.0,,17.0,,,7200.0,False
CoRoT-22 b,CoRoT-22,Transit,2014.0,9.75598,12.2,4.88,885.0,627.158,False
Kepler-412 b,Kepler-412,Transit,2014.0,1.7208604,299.07803,15.031269,1850.0,1086.24,False
WASP-117 b,WASP-117,Transit,2014.0,10.02165,95.349,11.88154,,157.963,False
GJ 15 A b,GJ 15 A,Radial Velocity,2014.0,11.4407,3.03,,,3.56228,False
WASP-104 b,WASP-104,Transit,2014.0,1.7554137,404.263,12.745,1516.0,185.932,False
WASP-106 b,WASP-106,Transit,2014.0,9.28969,613.40882551,12.10569916,,352.181,False
HD 14067 b,HD 14067,Radial Velocity,2014.0,2744.0,4862.7746271,,,142.024,False
HIP 97233 b,HIP 97233,Radial Velocity,2014.0,1062.26506,6098.17364511,,,102.275,False
WASP-94 A b,WASP-94 A,Transit,2014.0,3.95019,158.915,17.71022,,211.211,False
Kepler-130 b,Kepler-130,Transit,2014.0,8.457458,,1.02,,316.663,False
Kepler-133 b,Kepler-133,Transit,2014.0,8.129976,,1.76,,653.6,False
Kepler-149 d,Kepler-149,Transit,2014.0,160.018032,,3.96,,571.034,False
Kepler-152 c,Kepler-152,Transit,2014.0,88.255055,,2.39,,441.09,False
Kepler-153 c,Kepler-153,Transit,2014.0,46.90232,,2.53,,459.368,False
Kepler-157 b,Kepler-157,Transit,2014.0,1.732342,,1.32,,773.713,False
Kepler-160 b,Kepler-160,Transit,2014.0,4.309397,,1.715,,937.013,False
Kepler-162 b,Kepler-162,Transit,2014.0,6.919798,,1.26,,855.641,False
Kepler-164 d,Kepler-164,Transit,2014.0,28.986769,,2.45,,890.758,False
Kepler-168 b,Kepler-168,Transit,2014.0,4.425391,,1.46,,1343.6,False
Kepler-176 b,Kepler-176,Transit,2014.0,5.433074,,1.43,,527.321,False
Kepler-178 d,Kepler-178,Transit,2014.0,96.678988,,3.95,,716.025,False
Kepler-181 b,Kepler-181,Transit,2014.0,3.137873,,1.27,,609.283,False
Kepler-183 b,Kepler-183,Transit,2014.0,5.687945,,2.06,,1050.64,False
Kepler-193 c,Kepler-193,Transit,2014.0,50.697494,,2.75,,1009.1,False
Kepler-194 b,Kepler-194,Transit,2014.0,2.092281,,1.51,,1097.97,False
Kepler-199 c,Kepler-199,Transit,2014.0,67.093408,,3.25,,521.054,False
Kepler-207 b,Kepler-207,Transit,2014.0,1.611865,,1.57,,875.519,False
Kepler-214 b,Kepler-214,Transit,2014.0,15.660544,,2.61,,1208.44,False
Kepler-218 b,Kepler-218,Transit,2014.0,3.619337,,1.48,,656.38,False
Kepler-219 c,Kepler-219,Transit,2014.0,22.714613,,3.58,,787.07,False
Kepler-223 c,Kepler-223,Transit,2014.0,9.84564,5.1,3.44,,1859.71,False
Kepler-224 d,Kepler-224,Transit,2014.0,11.349393,,2.3,,782.088,False
Kepler-225 b,Kepler-225,Transit,2014.0,6.738975,,1.2,,561.101,False
Kepler-124 c,Kepler-124,Transit,2014.0,13.821375,,1.75,,420.046,False
Kepler-226 b,Kepler-226,Transit,2014.0,3.940997,,1.55,,980.138,False
Kepler-227 c,Kepler-227,Transit,2014.0,54.418694,,3.04,,1083.06,False
Kepler-232 c,Kepler-232,Transit,2014.0,11.379349,,3.83,,1349.13,False
Kepler-235 d,Kepler-235,Transit,2014.0,20.060548,,2.05,,428.018,False
Kepler-53 d,Kepler-53,Transit,2014.0,9.751962,,2.12,,1366.07,False
Kepler-238 d,Kepler-238,Transit,2014.0,13.233549,,3.07,,1798.75,False
Kepler-240 b,Kepler-240,Transit,2014.0,4.144495,,1.37,,746.927,False
Kepler-241 c,Kepler-241,Transit,2014.0,36.065978,,2.57,,,False
Kepler-242 c,Kepler-242,Transit,2014.0,14.496481,,2.0,,600.241,False
Kepler-244 d,Kepler-244,Transit,2014.0,20.050401,,2.31,,1036.49,False
Kepler-249 b,Kepler-249,Transit,2014.0,3.306539,,1.09,,190.401,False
Kepler-254 c,Kepler-254,Transit,2014.0,12.412183,,2.15,,1389.48,False
Kepler-268 c,Kepler-268,Transit,2014.0,83.446393,,3.38,,851.87,False
Kepler-271 c,Kepler-271,Transit,2014.0,7.41086267,,0.95,,404.542,False
Kepler-273 c,Kepler-273,Transit,2014.0,8.014927,,1.98,,713.964,False
Kepler-171 c,Kepler-171,Transit,2014.0,11.463462,,2.56,,863.855,False
Kepler-80 e,Kepler-80,Transit,2014.0,4.64489,4.13,1.6,,369.451,False
Kepler-238 b,Kepler-238,Transit,2014.0,2.090876,,1.73,,1798.75,False
Kepler-82 d,Kepler-82,Transit,2014.0,2.382961,,1.77,,904.326,False
Kepler-283 b,Kepler-283,Transit,2014.0,11.008151,,2.13,,468.094,False
Kepler-421 b,Kepler-421,Transit,2014.0,704.1984,,4.16,185.0,348.558,True
Kepler-281 c,Kepler-281,Transit,2014.0,36.337373,,5.31,,1745.45,False
KOI-1257 b,KOI-1257,Transit,2014.0,86.647661,460.83,10.54,511.0,,False
Kepler-115 c,Kepler-115,Transit,2014.0,8.990889,,2.6,,623.609,False
Kepler-280 b,Kepler-280,Transit,2014.0,2.139542,,1.45,,780.361,False
Kepler-278 b,Kepler-278,Transit,2014.0,30.1556,56.0,3.955,586.0,443.03,False
Kepler-275 c,Kepler-275,Transit,2014.0,16.088134,,3.38,,2034.25,False
Kepler-415 c,Kepler-415,Transit Timing Variations,2014.0,8.708,,,,530.487,False
Kepler-422 b,Kepler-422,Transit,2014.0,7.8914483,136.66,12.89,,722.795,False
Kepler-293 b,Kepler-293,Transit,2014.0,19.254196,,3.07,,974.633,False
Kepler-292 f,Kepler-292,Transit,2014.0,20.834237,,2.35,,1056.48,False
Kepler-291 b,Kepler-291,Transit,2014.0,3.546511,,2.16,,1786.48,False
Kepler-290 c,Kepler-290,Transit,2014.0,36.77031,,2.7,,694.627,False
Kepler-423 b,Kepler-423,Transit,2014.0,2.6843285,189.101,13.361,1605.0,758.753,False
Kepler-289 c,Kepler-289,Transit,2014.0,125.8723,157.18,11.23,,704.438,False
Kepler-303 b,Kepler-303,Transit,2014.0,1.937055,,0.89,,209.738,False
Kepler-302 c,Kepler-302,Transit,2014.0,127.282184,,12.45,,1402.58,False
Kepler-419 b,Kepler-419,Transit,2014.0,69.7546,794.5,10.8,,1011.36,False
Kepler-94 b,Kepler-94,Transit,2014.0,2.50806,10.84,3.51,,191.904,False
Kepler-334 c,Kepler-334,Transit,2014.0,12.758005,,1.43,,426.59,False
Kepler-337 c,Kepler-337,Transit,2014.0,9.693201,,2.05,,677.975,False
Kepler-332 b,Kepler-332,Transit,2014.0,7.626324,,1.17,,344.19,False
Kepler-339 b,Kepler-339,Transit,2014.0,4.977656,,1.42,,616.637,False
Kepler-347 b,Kepler-347,Transit,2014.0,12.79836,,1.97,,1298.88,False
Kepler-324 c,Kepler-324,Transit,2014.0,51.805612,,3.15,,501.574,False
Kepler-325 b,Kepler-325,Transit,2014.0,4.544439,,2.91,,823.242,False
Kepler-188 b,Kepler-188,Transit,2014.0,2.061897,,1.68,,968.544,False
Kepler-361 c,Kepler-361,Transit,2014.0,55.188023,,2.52,,930.32,False
Kepler-362 c,Kepler-362,Transit,2014.0,37.866281,,1.45,,1090.51,False
Kepler-104 b,Kepler-104,Transit,2014.0,11.427548,,3.1,,400.785,False
Kepler-363 d,Kepler-363,Transit,2014.0,11.932125,,2.05,,762.596,False
Kepler-364 c,Kepler-364,Transit,2014.0,59.980627,,2.15,,891.462,False
Kepler-223 b,Kepler-223,Transit,2014.0,7.38449,7.4,2.99,,1859.71,False
Kepler-107 d,Kepler-107,Transit,2014.0,7.95839,7.7,0.86,1173.0,525.997,False
Kepler-26 d,Kepler-26,Transit,2014.0,3.543919,,1.07,,335.307,False
Kepler-148 b,Kepler-148,Transit,2014.0,1.729366,,1.8,,791.163,False
Kepler-150 e,Kepler-150,Transit,2014.0,30.826557,,3.12,,891.092,False
Kepler-167 c,Kepler-167,Transit,2014.0,7.406106,,1.674,771.0,341.908,False
Kepler-426 b,Kepler-426,Transit,2014.0,3.21751883,108.06,12.22,1300.0,843.695,False
Kepler-80 d,Kepler-80,Transit,2014.0,3.07222,6.75,1.53,,369.451,False
Kepler-176 d,Kepler-176,Transit,2014.0,25.751974,,2.51,,527.321,False
Kepler-178 c,Kepler-178,Transit,2014.0,20.552802,,2.88,,716.025,False
Kepler-186 b,Kepler-186,Transit,2014.0,3.8867907,,1.07,,177.594,False
Kepler-207 c,Kepler-207,Transit,2014.0,3.071571,,1.5,,875.519,False
Kepler-219 d,Kepler-219,Transit,2014.0,47.903645,,2.81,,787.07,False
Kepler-223 e,Kepler-223,Transit,2014.0,19.72567,4.8,4.6,,1859.71,False
Kepler-224 b,Kepler-224,Transit,2014.0,3.132924,,1.39,,782.088,False
Kepler-228 b,Kepler-228,Transit,2014.0,2.566546,,1.53,,1644.61,False
Kepler-235 e,Kepler-235,Transit,2014.0,46.183669,,2.22,,428.018,False
Kepler-238 c,Kepler-238,Transit,2014.0,6.155557,,2.39,,1798.75,False
Kepler-244 c,Kepler-244,Transit,2014.0,9.767292,,2.05,,1036.49,False
Kepler-82 e,Kepler-82,Transit,2014.0,5.902206,,2.47,,904.326,False
Kepler-247 b,Kepler-247,Transit,2014.0,3.33616,,1.64,,663.711,False
Kepler-249 d,Kepler-249,Transit,2014.0,15.368459,,1.57,,190.401,False
Kepler-251 b,Kepler-251,Transit,2014.0,4.790936,,1.33,,924.625,False
Kepler-254 d,Kepler-254,Transit,2014.0,18.746477,,2.5,,1389.48,False
Kepler-31 d,Kepler-31,Transit,2014.0,87.6451,2161.244,3.9,,1664.64,False
Kepler-286 d,Kepler-286,Transit,2014.0,5.914323,,1.33,,1226.85,False
Kepler-296 b,Kepler-296,Transit,2014.0,10.864384,,1.61,,,False
Kepler-253 b,Kepler-253,Transit,2014.0,3.783986,,1.63,,838.595,False
Kepler-312 c,Kepler-312,Transit,2014.0,19.747412,,3.15,,797.72,False
Kepler-408 b,Kepler-408,Transit,2014.0,2.46502,5.0,0.82,,88.7832,False
Kepler-314 c,Kepler-314,Transit,2014.0,5.960392,,2.9,,268.881,False
Kepler-315 b,Kepler-315,Transit,2014.0,96.101141,,3.77,,1160.63,False
Kepler-104 c,Kepler-104,Transit,2014.0,23.668205,,3.13,,400.785,False
Kepler-316 c,Kepler-316,Transit,2014.0,6.827766,,1.16,,384.938,False
Kepler-313 b,Kepler-313,Transit,2014.0,14.970418,,2.53,,,False
Kepler-120 c,Kepler-120,Transit,2014.0,12.794585,,1.53,,388.63,False
Kepler-109 c,Kepler-109,Transit,2014.0,21.22265,8.2,2.65,859.0,474.861,False
Kepler-323 c,Kepler-323,Transit,2014.0,3.5538229,6.8,1.57,1431.0,454.883,False
Kepler-317 b,Kepler-317,Transit,2014.0,5.524242,,2.09,,940.584,False
Kepler-416 b,Kepler-416,Transit Timing Variations,2014.0,6.319,58.2,2.48,,690.819,False
Kepler-331 b,Kepler-331,Transit,2014.0,8.457496,,1.82,,580.119,False
Kepler-292 d,Kepler-292,Transit,2014.0,7.055679,,2.23,,1056.48,False
Kepler-294 b,Kepler-294,Transit,2014.0,3.701212,,1.77,,1357.01,False
Kepler-296 d,Kepler-296,Transit,2014.0,19.850291,,2.09,,,False
Kepler-297 c,Kepler-297,Transit,2014.0,74.920137,,6.54,,692.14,False
Kepler-302 b,Kepler-302,Transit,2014.0,30.184104,,4.06,,1402.58,False
Kepler-306 b,Kepler-306,Transit,2014.0,4.646186,,1.52,,775.679,False
Kepler-309 c,Kepler-309,Transit,2014.0,105.356383,,2.51,,544.568,False
Kepler-23 d,Kepler-23,Transit,2014.0,15.27,4.44,2.206,,835.756,False
Kepler-119 c,Kepler-119,Transit,2014.0,4.125103,,0.92,,701.996,False
Kepler-121 c,Kepler-121,Transit,2014.0,41.008011,,2.27,,510.523,False
Kepler-376 c,Kepler-376,Transit,2014.0,14.172327,,1.79,,923.067,False
Kepler-377 c,Kepler-377,Transit,2014.0,27.014976,,2.06,,823.804,False
Kepler-378 b,Kepler-378,Transit,2014.0,16.092361,,0.75,,152.094,False
Kepler-379 c,Kepler-379,Transit,2014.0,62.784697,,2.29,,731.274,False
Kepler-113 c,Kepler-113,Transit,2014.0,8.92507,8.7,2.18,,262.351,False
Kepler-122 b,Kepler-122,Transit,2014.0,5.766193,,2.34,,1027.45,False
Kepler-112 c,Kepler-112,Transit,2014.0,28.574263,,2.4,,513.206,False
Kepler-357 d,Kepler-357,Transit,2014.0,49.499875,,3.43,,688.573,False
Kepler-114 b,Kepler-114,Transit,2014.0,5.188549,,1.26,,259.533,False
Kepler-358 c,Kepler-358,Transit,2014.0,83.488369,,2.85,,1101.1,False
Kepler-353 c,Kepler-353,Transit,2014.0,8.410894,,1.38,,384.694,False
Kepler-110 c,Kepler-110,Transit,2014.0,31.719775,,2.21,,586.531,False
Kepler-359 c,Kepler-359,Transit,2014.0,57.68802,,4.3,,1443.21,False
Kepler-113 b,Kepler-113,Transit,2014.0,4.754,11.7,1.82,,262.351,False
Kepler-48 d,Kepler-48,Transit,2014.0,42.8961,7.93,2.04,,306.738,False
Kepler-360 b,Kepler-360,Transit,2014.0,3.289672,,1.65,,876.044,False
Kepler-417 c,Kepler-417,Transit Timing Variations,2014.0,15.943,,,,973.989,False
Kepler-106 e,Kepler-106,Transit,2014.0,43.8445,11.17,2.56,,444.322,False
Kepler-103 c,Kepler-103,Transit,2014.0,179.60978,58.47,5.4539,,494.832,False
Kepler-106 b,Kepler-106,Transit,2014.0,6.16486,5.3,0.82,,444.322,False
Kepler-104 d,Kepler-104,Transit,2014.0,51.755394,,3.58,,400.785,False
Kepler-100 b,Kepler-100,Transit,2014.0,6.88734,4.01,1.34,,304.645,False
Kepler-100 d,Kepler-100,Transit,2014.0,35.3331,3.0,1.61,,304.645,False
Kepler-101 c,Kepler-101,Transit,2014.0,6.02976,3.78,1.25,1413.0,927.981,False
Kepler-102 f,Kepler-102,Transit,2014.0,27.453592,4.3,0.861,495.0,107.796,False
Kepler-102 c,Kepler-102,Transit,2014.0,7.071392,1.7,0.567,777.0,107.796,False
Kepler-102 b,Kepler-102,Transit,2014.0,5.286965,1.1,0.46,857.0,107.796,False
Kepler-37 e,Kepler-37,Transit Timing Variations,2014.0,51.196,,,,63.9207,False
Kepler-49 e,Kepler-49,Transit,2014.0,18.596108,,1.56,,311.222,False
Kepler-115 b,Kepler-115,Transit,2014.0,2.403679,,1.09,,623.609,False
Kepler-116 c,Kepler-116,Transit,2014.0,13.07163,,2.3,,955.168,False
Kepler-319 c,Kepler-319,Transit,2014.0,6.941357,,2.63,,503.436,False
Kepler-340 c,Kepler-340,Transit,2014.0,22.824669,,3.37,,808.762,False
Kepler-348 b,Kepler-348,Transit,2014.0,7.05677,,1.52,,570.783,False
Kepler-338 b,Kepler-338,Transit,2014.0,13.726976,,2.44,,552.798,False
Kepler-111 b,Kepler-111,Transit,2014.0,3.341815,,1.58,,657.223,False
Kepler-333 b,Kepler-333,Transit,2014.0,12.551158,,1.32,,324.413,False
Kepler-105 c,Kepler-105,Transit,2014.0,7.12592,5.6,1.44,,459.223,False
Kepler-336 d,Kepler-336,Transit,2014.0,20.678772,,2.37,,768.86,False
Kepler-102 d,Kepler-102,Transit,2014.0,10.311767,3.0,1.154,686.0,107.796,False
Kepler-343 b,Kepler-343,Transit,2014.0,8.96855,,2.41,,927.193,False
Kepler-107 c,Kepler-107,Transit,2014.0,4.901452,10.0,1.597,1378.0,525.997,False
Kepler-351 c,Kepler-351,Transit,2014.0,57.24809,,3.19,,1083.91,False
Kepler-49 d,Kepler-49,Transit,2014.0,2.576549,,1.6,,311.222,False
Kepler-341 c,Kepler-341,Transit,2014.0,8.01041,,1.7,,1047.03,False
Kepler-107 b,Kepler-107,Transit,2014.0,3.1800218,3.8,1.536,1592.0,525.997,False
Kepler-327 b,Kepler-327,Transit,2014.0,2.549575,,1.11,,241.987,False
Kepler-321 c,Kepler-321,Transit,2014.0,13.093921,,2.32,,384.542,False
Kepler-322 c,Kepler-322,Transit,2014.0,4.337234,,1.67,,400.48,False
Kepler-349 b,Kepler-349,Transit,2014.0,5.929778,,1.9,,940.724,False
Kepler-330 c,Kepler-330,Transit,2014.0,15.955387,,1.95,,717.527,False
Kepler-127 d,Kepler-127,Transit,2014.0,48.630408,,2.64,,352.794,False
Kepler-329 c,Kepler-329,Transit,2014.0,18.684737,,1.93,,439.719,False
Kepler-335 b,Kepler-335,Transit,2014.0,6.562331,,3.39,,1278.97,False
Kepler-345 c,Kepler-345,Transit,2014.0,9.387427,,1.2,,,False
Kepler-326 c,Kepler-326,Transit,2014.0,4.580358,,1.4,,487.675,False
Kepler-352 c,Kepler-352,Transit,2014.0,16.332995,,1.24,,252.733,False
Kepler-346 b,Kepler-346,Transit,2014.0,6.511127,,2.66,,984.105,False
Kepler-127 c,Kepler-127,Transit,2014.0,29.393195,,2.66,,352.794,False
Kepler-344 b,Kepler-344,Transit,2014.0,21.963945,,2.61,,1002.94,False
Kepler-93 b,Kepler-93,Transit,2014.0,4.72673978,4.66,1.478,1133.0,95.9115,False
Kepler-342 b,Kepler-342,Transit,2014.0,15.170318,,2.25,,781.611,False
Kepler-318 b,Kepler-318,Transit,2014.0,4.662715,,4.71,,489.141,False
Kepler-409 b,Kepler-409,Transit,2014.0,68.9583216,6.0,1.199,438.0,68.173,False
Kepler-129 c,Kepler-129,Transit,2014.0,82.2,43.0,2.52,,408.845,False
Kepler-298 c,Kepler-298,Transit,2014.0,22.92881,,1.93,,518.204,False
Kepler-299 d,Kepler-299,Transit,2014.0,15.054786,,1.86,,1052.24,False
Kepler-300 b,Kepler-300,Transit,2014.0,10.446347,,1.67,,1098.45,False
Kepler-303 c,Kepler-303,Transit,2014.0,7.061149,,1.14,,209.738,False
Kepler-126 b,Kepler-126,Transit,2014.0,10.495711,,1.52,,237.401,False
Kepler-380 b,Kepler-380,Transit,2014.0,3.930821,,1.19,,813.713,False
Kepler-129 b,Kepler-129,Transit,2014.0,15.79,20.0,2.4,,408.845,False
Kepler-136 c,Kepler-136,Transit,2014.0,16.399235,,1.99,,420.818,False
Kepler-138 b,Kepler-138,Transit,2014.0,10.3134,0.07,0.64,452.0,66.8624,False
Kepler-381 c,Kepler-381,Transit,2014.0,13.391635,,1.12,,267.323,False
Kepler-126 d,Kepler-126,Transit,2014.0,100.283134,,2.5,,237.401,False
Kepler-139 c,Kepler-139,Transit,2014.0,157.072878,,3.38,,391.038,False
Kepler-98 b,Kepler-98,Transit,2014.0,1.54168,3.55,1.99,,350.315,False
Kepler-141 b,Kepler-141,Transit,2014.0,3.107675,,0.69,,301.183,False
Kepler-382 b,Kepler-382,Transit,2014.0,5.262155,,1.32,,935.446,False
Kepler-142 d,Kepler-142,Transit,2014.0,41.809118,,2.16,,548.686,False
Kepler-135 b,Kepler-135,Transit,2014.0,6.00253,,1.81,,621.855,False
Kepler-144 c,Kepler-144,Transit,2014.0,10.104665,,1.35,,384.917,False
Kepler-383 b,Kepler-383,Transit,2014.0,12.904532,,1.32,,,False
Kepler-384 b,Kepler-384,Transit,2014.0,22.597053,,1.12,,895.678,False
Kepler-147 b,Kepler-147,Transit,2014.0,12.610584,,1.53,,1042.02,False
Kepler-131 b,Kepler-131,Transit,2014.0,16.092,16.13,2.41,,228.678,False
Kepler-132 d,Kepler-132,Transit,2014.0,18.010199,,1.55,,349.549,False
Kepler-151 c,Kepler-151,Transit,2014.0,24.674612,,2.09,,649.919,False
Kepler-385 c,Kepler-385,Transit,2014.0,15.163161,,3.04,,1432.61,False
Kepler-386 c,Kepler-386,Transit,2014.0,25.193458,,1.58,,882.462,False
Kepler-99 b,Kepler-99,Transit,2014.0,4.60358,6.15,1.48,,208.369,False
Kepler-387 b,Kepler-387,Transit,2014.0,6.791636,,1.03,,801.052,False
Kepler-155 c,Kepler-155,Transit,2014.0,52.661793,,2.24,,293.499,False
Kepler-388 b,Kepler-388,Transit,2014.0,3.173315,,0.81,,,False
Kepler-389 b,Kepler-389,Transit,2014.0,3.244107,,1.51,,816.559,False
Kepler-161 c,Kepler-161,Transit,2014.0,7.06424,,2.05,,434.632,False
Kepler-118 b,Kepler-118,Transit,2014.0,7.518496,,1.96,,574.228,False
Kepler-163 b,Kepler-163,Transit,2014.0,7.810937,,1.05,,689.814,False
Kepler-137 c,Kepler-137,Transit,2014.0,18.735753,,1.88,,302.979,False
Kepler-390 b,Kepler-390,Transit,2014.0,6.738088,,0.82,,435.277,False
Kepler-139 b,Kepler-139,Transit,2014.0,15.771044,,2.94,,391.038,False
Kepler-111 c,Kepler-111,Transit,2014.0,224.77833,222.4798849,7.0840758,352.2,657.223,False
Kepler-169 c,Kepler-169,Transit,2014.0,6.195469,,1.21,,406.529,False
Kepler-172 d,Kepler-172,Transit,2014.0,14.627119,,2.25,,828.592,False
Kepler-391 b,Kepler-391,Transit,2014.0,7.4175,1100.0,2.5,930.0,869.236,False
Kepler-406 b,Kepler-406,Transit,2014.0,2.42629,6.35,1.43,,364.03,False
Kepler-173 b,Kepler-173,Transit,2014.0,4.263742,,1.29,,833.165,False
Kepler-175 c,Kepler-175,Transit,2014.0,34.035257,,3.1,,1312.34,False
Kepler-180 b,Kepler-180,Transit,2014.0,13.817124,,1.5,,695.65,False
Kepler-140 b,Kepler-140,Transit,2014.0,3.25427,,1.61,,583.859,False
Kepler-182 b,Kepler-182,Transit,2014.0,9.825792,,2.58,,1549.09,False
Kepler-365 b,Kepler-365,Transit,2014.0,10.664903,,2.04,,1038.99,False
Kepler-427 b,Kepler-427,Transit,2014.0,10.290994,92.17,13.79,1100.0,1017.8,False
Kepler-366 b,Kepler-366,Transit,2014.0,3.281959,,1.46,,1856.28,False
Kepler-354 b,Kepler-354,Transit,2014.0,5.47666,,1.84,,554.064,False
Kepler-367 b,Kepler-367,Transit,2014.0,37.815724,,1.3,,188.027,False
Kepler-368 b,Kepler-368,Transit,2014.0,26.84768,,3.26,,770.978,False
Kepler-369 c,Kepler-369,Transit,2014.0,14.871572,,1.41,,,False
Kepler-370 c,Kepler-370,Transit,2014.0,19.02293,,1.91,,1167.94,False
Kepler-371 b,Kepler-371,Transit,2014.0,34.763278,,1.89,,813.192,False
Kepler-372 c,Kepler-372,Transit,2014.0,20.053763,,2.09,,1493.95,False
Kepler-373 b,Kepler-373,Transit,2014.0,5.535309,,1.36,,1090.45,False
Kepler-374 c,Kepler-374,Transit,2014.0,3.282807,,1.1,,1265.61,False
Kepler-355 c,Kepler-355,Transit,2014.0,25.762294,,2.71,,1432.17,False
Kepler-375 c,Kepler-375,Transit,2014.0,19.986326,,2.65,,1238.81,False
Kepler-356 c,Kepler-356,Transit,2014.0,13.121632,,1.81,,707.559,False
Kepler-79 d,Kepler-79,Transit,2014.0,52.0902,6.0,7.16,,1020.72,False
Kepler-185 b,Kepler-185,Transit,2014.0,1.6329,,1.17,,466.735,False
Kepler-133 c,Kepler-133,Transit,2014.0,31.517586,,2.84,,653.6,False
Kepler-393 b,Kepler-393,Transit,2014.0,9.182417,,1.29,,881.404,False
Kepler-186 e,Kepler-186,Transit,2014.0,22.407704,,1.27,,177.594,False
Kepler-97 b,Kepler-97,Transit,2014.0,2.58664,3.51,1.48,,400.907,False
Kepler-394 b,Kepler-394,Transit,2014.0,8.005013,,1.6,,1058.72,False
Kepler-187 b,Kepler-187,Transit,2014.0,4.938864,,1.41,,1143.0,False
Kepler-189 b,Kepler-189,Transit,2014.0,10.399931,,1.21,,591.534,False
Kepler-190 c,Kepler-190,Transit,2014.0,3.763024,,1.46,,433.387,False
Kepler-191 c,Kepler-191,Transit,2014.0,17.738506,,1.86,,594.464,False
Kepler-395 c,Kepler-395,Transit,2014.0,34.989262,,1.32,,421.382,False
Kepler-132 c,Kepler-132,Transit,2014.0,6.414914,,1.28,,349.549,False
Kepler-137 b,Kepler-137,Transit,2014.0,8.436387,,1.47,,302.979,False
Kepler-51 d,Kepler-51,Transit,2014.0,130.194,7.6,9.7,381.0,783.831,False
Kepler-132 b,Kepler-132,Transit,2014.0,6.178196,,1.21,,349.549,False
Kepler-397 c,Kepler-397,Transit,2014.0,135.498527,,6.18,,,False
Kepler-122 e,Kepler-122,Transit,2014.0,37.993273,,2.6,,1027.45,False
Kepler-198 c,Kepler-198,Transit,2014.0,49.567416,,2.47,,495.358,False
Kepler-398 b,Kepler-398,Transit,2014.0,4.081423,,0.93,,177.355,False
Kepler-201 c,Kepler-201,Transit,2014.0,151.884058,,2.85,,636.445,False
Kepler-136 b,Kepler-136,Transit,2014.0,11.5789,,2.05,,420.818,False
Kepler-203 d,Kepler-203,Transit,2014.0,11.32972,,1.44,,703.302,False
Kepler-399 d,Kepler-399,Transit,2014.0,58.034616,,1.89,,740.537,False
Kepler-400 b,Kepler-400,Transit,2014.0,9.024389,,1.65,,845.97,False
Kepler-138 c,Kepler-138,Transit,2014.0,13.7815,2.3,1.51,410.0,66.8624,False
Kepler-401 b,Kepler-401,Transit,2014.0,14.383035,,1.71,,965.56,False
Kepler-204 c,Kepler-204,Transit,2014.0,25.660593,,1.79,,686.723,False
Kepler-402 c,Kepler-402,Transit,2014.0,6.124821,,1.56,,625.339,False
Kepler-206 b,Kepler-206,Transit,2014.0,7.781987,,1.2,,594.447,False
Kepler-403 b,Kepler-403,Transit,2014.0,7.031462,,1.25,,840.269,False
Kepler-208 c,Kepler-208,Transit,2014.0,7.466623,,1.39,,775.328,False
Kepler-211 b,Kepler-211,Transit,2014.0,4.138575,,1.26,,309.353,False
Kepler-212 b,Kepler-212,Transit,2014.0,16.257582,,1.09,,687.194,False
Kepler-213 c,Kepler-213,Transit,2014.0,4.822962,,2.34,,634.939,False
Kepler-404 b,Kepler-404,Transit,2014.0,11.829851,,1.27,,812.524,False
Kepler-215 c,Kepler-215,Transit,2014.0,14.667108,,1.77,,485.997,False
Kepler-122 f,Kepler-122,Transit Timing Variations,2014.0,56.268,36.0,1.75,,1027.45,False
Kepler-134 b,Kepler-134,Transit,2014.0,5.317429,,2.0,,334.797,False
Kepler-221 d,Kepler-221,Transit,2014.0,10.04156,,2.73,,385.231,False
Kepler-221 e,Kepler-221,Transit,2014.0,18.369917,,2.63,,385.231,False
Kepler-221 b,Kepler-221,Transit,2014.0,2.795906,,1.71,,385.231,False
Kepler-130 c,Kepler-130,Transit,2014.0,27.50868,,2.9,683.0,316.663,False
Kepler-224 e,Kepler-224,Transit,2014.0,18.643577,,1.97,,782.088,False
Kepler-226 d,Kepler-226,Transit,2014.0,8.109044,,1.22,,980.138,False
Kepler-52 d,Kepler-52,Transit,2014.0,36.445171,,1.95,,321.542,False
Kepler-231 b,Kepler-231,Transit,2014.0,10.065275,,1.73,,316.618,False
Kepler-235 c,Kepler-235,Transit,2014.0,7.824904,,1.28,,428.018,False
Kepler-236 b,Kepler-236,Transit,2014.0,8.295611,,1.57,,288.763,False
Kepler-237 b,Kepler-237,Transit,2014.0,4.715106,,1.41,,657.822,False
Kepler-141 c,Kepler-141,Transit,2014.0,7.010606,,1.41,,301.183,False
Kepler-123 c,Kepler-123,Transit,2014.0,26.695074,,1.48,,1021.66,False
Kepler-239 c,Kepler-239,Transit,2014.0,56.228098,,2.51,,648.109,False
Kepler-243 c,Kepler-243,Transit,2014.0,20.026218,,1.99,,693.86,False
Kepler-245 c,Kepler-245,Transit,2014.0,17.460812,,2.18,,861.527,False
Kepler-414 c,Kepler-414,Transit Timing Variations,2014.0,7.171,29.9,3.01,,413.46,False
Kepler-46 d,Kepler-46,Transit,2014.0,6.766589,,1.64,,777.06,False
Kepler-280 c,Kepler-280,Transit,2014.0,4.807091,,2.01,,780.361,False
Kepler-281 b,Kepler-281,Transit,2014.0,14.646008,,2.82,,1745.45,False
Kepler-285 c,Kepler-285,Transit,2014.0,6.186676,,1.12,,824.31,False
Kepler-288 b,Kepler-288,Transit,2014.0,6.097326,,1.67,,1194.15,False
Kepler-289 b,Kepler-289,Transit,2014.0,34.5383,3.7,2.49,,704.438,False
Kepler-291 c,Kepler-291,Transit,2014.0,5.700786,,1.88,,1786.48,False
Kepler-292 e,Kepler-292,Transit,2014.0,11.97901,,2.67,,1056.48,False
Kepler-293 c,Kepler-293,Transit,2014.0,54.155743,,3.83,,974.633,False
Kepler-330 b,Kepler-330,Transit,2014.0,8.25978,,1.35,,717.527,False
Kepler-331 c,Kepler-331,Transit,2014.0,17.28111,,1.84,,580.119,False
Kepler-256 e,Kepler-256,Transit,2014.0,10.681572,,2.35,,1026.43,False
Kepler-331 d,Kepler-331,Transit,2014.0,32.134328,,1.64,,580.119,False
Kepler-333 c,Kepler-333,Transit,2014.0,24.08821,,1.11,,324.413,False
Kepler-142 c,Kepler-142,Transit,2014.0,4.761702,,2.86,,548.686,False
Kepler-246 c,Kepler-246,Transit,2014.0,11.187161,,1.5,,626.078,False
Kepler-250 d,Kepler-250,Transit,2014.0,17.648312,,2.18,,760.585,False
Kepler-251 e,Kepler-251,Transit,2014.0,99.640161,,2.77,,924.625,False
Kepler-26 e,Kepler-26,Transit,2014.0,46.827915,,2.41,,335.307,False
Kepler-252 b,Kepler-252,Transit,2014.0,6.668391,,1.23,,379.424,False
Kepler-255 b,Kepler-255,Transit,2014.0,5.714606,,1.55,,1052.53,False
Kepler-256 d,Kepler-256,Transit,2014.0,5.839172,,2.48,,1026.43,False
Kepler-258 c,Kepler-258,Transit,2014.0,33.653079,,3.61,,575.988,False
Kepler-260 c,Kepler-260,Transit,2014.0,76.050178,,1.74,,627.365,False
Kepler-261 c,Kepler-261,Transit,2014.0,24.570858,,2.0,,317.499,False
Kepler-264 c,Kepler-264,Transit,2014.0,140.101261,,2.83,,942.173,False
Kepler-125 c,Kepler-125,Transit,2014.0,5.774464,,0.74,,183.365,False
Kepler-265 b,Kepler-265,Transit,2014.0,6.846262,,1.86,,1280.25,False
Kepler-266 c,Kepler-266,Transit,2014.0,107.723601,,3.89,,1370.79,False
Kepler-267 c,Kepler-267,Transit,2014.0,6.87745,,2.13,,264.993,False
Kepler-269 c,Kepler-269,Transit,2014.0,8.127899,,1.69,,2257.32,False
Kepler-272 d,Kepler-272,Transit,2014.0,10.937304,,2.25,,889.608,False
Kepler-275 d,Kepler-275,Transit,2014.0,35.676062,,3.33,,2034.25,False
Kepler-206 d,Kepler-206,Transit,2014.0,23.44281,,1.19,,594.447,False
Kepler-208 e,Kepler-208,Transit,2014.0,16.259458,,1.48,,775.328,False
Kepler-344 c,Kepler-344,Transit,2014.0,125.596809,,2.95,,1002.94,False
Kepler-345 b,Kepler-345,Transit,2014.0,7.415563,,0.74,,,False
Kepler-346 c,Kepler-346,Transit,2014.0,23.851549,,3.07,,984.105,False
Kepler-349 c,Kepler-349,Transit,2014.0,12.247629,,1.96,,940.724,False
Kepler-350 b,Kepler-350,Transit,2014.0,11.189562,,1.85,,956.859,False
Kepler-351 b,Kepler-351,Transit,2014.0,37.054919,,3.06,,1083.91,False
Kepler-352 b,Kepler-352,Transit,2014.0,10.05537,,0.86,,252.733,False
Kepler-267 d,Kepler-267,Transit,2014.0,28.464515,,2.27,,264.993,False
Kepler-353 b,Kepler-353,Transit,2014.0,5.795278,,0.89,,384.694,False
Kepler-85 d,Kepler-85,Transit,2014.0,17.91323,,1.2,,765.025,False
Kepler-85 e,Kepler-85,Transit,2014.0,25.216751,,1.27,,765.025,False
Kepler-354 d,Kepler-354,Transit,2014.0,24.209842,,1.24,,554.064,False
Kepler-355 b,Kepler-355,Transit,2014.0,11.03189,,1.46,,1432.17,False
Kepler-356 b,Kepler-356,Transit,2014.0,4.612696,,1.57,,707.559,False
Kepler-357 b,Kepler-357,Transit,2014.0,6.475434,,1.84,,688.573,False
Kepler-357 c,Kepler-357,Transit,2014.0,16.85837,,2.67,,688.573,False
Kepler-358 b,Kepler-358,Transit,2014.0,34.060467,,2.72,,1101.1,False
Kepler-359 b,Kepler-359,Transit,2014.0,25.563222,,3.53,,1443.21,False
Kepler-360 c,Kepler-360,Transit,2014.0,7.186434,,2.1,,876.044,False
Kepler-417 b,Kepler-417,Transit Timing Variations,2014.0,12.331,11.0,2.31,,973.989,False
Kepler-363 c,Kepler-363,Transit,2014.0,7.542427,,1.69,,762.596,False
Kepler-363 b,Kepler-363,Transit,2014.0,3.614568,,1.16,,762.596,False
Kepler-364 b,Kepler-364,Transit,2014.0,25.745718,,1.55,,891.462,False
Kepler-272 b,Kepler-272,Transit,2014.0,2.971353,,1.43,,889.608,False
Kepler-366 c,Kepler-366,Transit,2014.0,12.51616,,1.79,,1856.28,False
Kepler-367 c,Kepler-367,Transit,2014.0,53.578637,,1.2,,188.027,False
Kepler-143 c,Kepler-143,Transit,2014.0,27.082511,,3.37,,809.467,False
Kepler-415 b,Kepler-415,Transit Timing Variations,2014.0,4.176,119.9,1.21,,530.487,False
Kepler-369 b,Kepler-369,Transit,2014.0,2.732756,,1.13,,,False
Kepler-370 b,Kepler-370,Transit,2014.0,4.57953,,1.59,,1167.94,False
Kepler-373 c,Kepler-373,Transit,2014.0,16.725948,,1.24,,1090.45,False
Kepler-374 d,Kepler-374,Transit,2014.0,5.028219,,1.31,,1265.61,False
Kepler-374 b,Kepler-374,Transit,2014.0,1.897806,,1.03,,1265.61,False
Kepler-375 b,Kepler-375,Transit,2014.0,12.125934,,1.45,,1238.81,False
Kepler-376 b,Kepler-376,Transit,2014.0,4.920199,,1.07,,923.067,False
Kepler-377 b,Kepler-377,Transit,2014.0,12.509529,,1.39,,823.804,False
Kepler-392 b,Kepler-392,Transit,2014.0,5.341853,,1.0,,681.428,False
Kepler-122 d,Kepler-122,Transit,2014.0,21.587475,,2.2,,1027.45,False
Kepler-399 b,Kepler-399,Transit,2014.0,14.425281,,0.96,,740.537,False
Kepler-399 c,Kepler-399,Transit,2014.0,26.67569,,1.43,,740.537,False
Kepler-126 c,Kepler-126,Transit,2014.0,21.869741,,1.58,,237.401,False
Kepler-400 c,Kepler-400,Transit,2014.0,17.340824,,1.49,,845.97,False
Kepler-401 c,Kepler-401,Transit,2014.0,47.318218,,2.15,,965.56,False
Kepler-402 e,Kepler-402,Transit,2014.0,11.242861,,1.46,,625.339,False
Kepler-402 b,Kepler-402,Transit,2014.0,4.028751,,1.22,,625.339,False
Kepler-402 d,Kepler-402,Transit,2014.0,8.921099,,1.38,,625.339,False
Kepler-403 c,Kepler-403,Transit,2014.0,54.280749,,1.75,,840.269,False
Kepler-404 c,Kepler-404,Transit,2014.0,14.751166,,1.72,,812.524,False
Kepler-380 c,Kepler-380,Transit,2014.0,7.630004,,1.27,,813.713,False
Kepler-381 b,Kepler-381,Transit,2014.0,5.629021,,0.99,,267.323,False
Kepler-382 c,Kepler-382,Transit,2014.0,12.162701,,1.59,,935.446,False
Kepler-383 c,Kepler-383,Transit,2014.0,31.200751,,1.24,,,False
Kepler-384 c,Kepler-384,Transit,2014.0,45.348269,,1.13,,895.678,False
Kepler-385 b,Kepler-385,Transit,2014.0,10.043686,,2.73,,1432.61,False
Kepler-387 c,Kepler-387,Transit,2014.0,11.837549,,0.89,,801.052,False
Kepler-388 c,Kepler-388,Transit,2014.0,13.297004,,0.86,,,False
Kepler-393 c,Kepler-393,Transit,2014.0,14.613612,,1.33,,881.404,False
Kepler-394 c,Kepler-394,Transit,2014.0,12.130686,,1.66,,1058.72,False
Kepler-292 c,Kepler-292,Transit,2014.0,3.715335,,1.47,,1056.48,False
Kepler-395 b,Kepler-395,Transit,2014.0,7.054346,,1.03,,421.382,False
Kepler-292 b,Kepler-292,Transit,2014.0,2.580827,,1.32,,1056.48,False
Kepler-298 d,Kepler-298,Transit,2014.0,77.473633,,2.5,,518.204,False
Kepler-299 b,Kepler-299,Transit,2014.0,2.927128,,1.32,,1052.24,False
Kepler-301 d,Kepler-301,Transit,2014.0,13.751243,,1.75,,719.166,False
Kepler-301 c,Kepler-301,Transit,2014.0,5.419026,,1.35,,719.166,False
Kepler-304 d,Kepler-304,Transit,2014.0,9.653471,,2.75,,434.684,False
Kepler-304 c,Kepler-304,Transit,2014.0,5.315946,,2.17,,434.684,False
Kepler-54 d,Kepler-54,Transit,2014.0,20.995694,,1.53,,271.701,False
Kepler-305 d,Kepler-305,Transit,2014.0,16.74,6.2,2.76,,868.477,False
Kepler-306 d,Kepler-306,Transit,2014.0,17.326644,,2.47,,775.679,False
Kepler-306 e,Kepler-306,Transit,2014.0,44.840975,,2.27,,775.679,False
Kepler-84 e,Kepler-84,Transit,2014.0,27.434389,,2.6,,1023.9,False
Kepler-84 d,Kepler-84,Transit,2014.0,4.224537,,1.38,,1023.9,False
Kepler-84 f,Kepler-84,Transit,2014.0,44.552169,,2.2,,1023.9,False
Kepler-310 d,Kepler-310,Transit,2014.0,92.876125,,2.47,,602.268,False
Kepler-414 b,Kepler-414,Transit Timing Variations,2014.0,4.7,3.5,1.71,,413.46,False
Kepler-55 e,Kepler-55,Transit,2014.0,4.617534,,1.55,,578.796,False
Kepler-310 b,Kepler-310,Transit,2014.0,13.930698,,1.19,,602.268,False
Kepler-311 c,Kepler-311,Transit,2014.0,19.738286,,1.43,,778.654,False
Kepler-313 c,Kepler-313,Transit,2014.0,32.273273,,2.57,,,False
Kepler-142 b,Kepler-142,Transit,2014.0,2.024152,,1.99,,548.686,False
Kepler-314 b,Kepler-314,Transit,2014.0,2.461069,,0.83,,268.881,False
Kepler-55 f,Kepler-55,Transit,2014.0,10.198545,,1.59,,578.796,False
Kepler-316 b,Kepler-316,Transit,2014.0,2.240508,,1.06,,384.938,False
Kepler-317 c,Kepler-317,Transit,2014.0,8.77501,,1.72,,940.584,False
Kepler-318 c,Kepler-318,Transit,2014.0,11.815007,,3.68,,489.141,False
Kepler-319 d,Kepler-319,Transit,2014.0,31.781925,,2.29,,503.436,False
Kepler-319 b,Kepler-319,Transit,2014.0,4.362705,,1.63,,503.436,False
Kepler-321 b,Kepler-321,Transit,2014.0,4.915379,,1.77,,384.542,False
Kepler-322 b,Kepler-322,Transit,2014.0,1.653888,,1.01,,400.48,False
Kepler-323 b,Kepler-323,Transit,2014.0,1.678328,3.9,1.381,1838.0,454.883,False
Kepler-250 b,Kepler-250,Transit,2014.0,4.148141,,1.13,,760.585,False
Kepler-324 b,Kepler-324,Transit,2014.0,4.385315,,1.14,,501.574,False
Kepler-325 c,Kepler-325,Transit,2014.0,12.762172,,2.54,,823.242,False
Kepler-325 d,Kepler-325,Transit,2014.0,38.715185,,2.79,,823.242,False
Kepler-326 b,Kepler-326,Transit,2014.0,2.248329,,1.52,,487.675,False
Kepler-326 d,Kepler-326,Transit,2014.0,6.766888,,1.21,,487.675,False
Kepler-256 b,Kepler-256,Transit,2014.0,1.620493,,1.59,,1026.43,False
Kepler-416 c,Kepler-416,Transit Timing Variations,2014.0,12.209,,,,690.819,False
Kepler-327 d,Kepler-327,Transit,2014.0,13.969457,,1.73,,241.987,False
Kepler-327 c,Kepler-327,Transit,2014.0,5.212333,,1.03,,241.987,False
Kepler-329 b,Kepler-329,Transit,2014.0,7.416397,,1.4,,439.719,False
Kepler-200 c,Kepler-200,Transit,2014.0,10.222157,,1.59,,665.912,False
Kepler-208 d,Kepler-208,Transit,2014.0,11.131786,,1.2,,775.328,False
Kepler-215 e,Kepler-215,Transit,2014.0,68.16101,,1.75,,485.997,False
Kepler-217 c,Kepler-217,Transit,2014.0,8.586004,,1.85,,1104.64,False
Kepler-220 d,Kepler-220,Transit,2014.0,28.122397,,0.98,,171.109,False
Kepler-220 e,Kepler-220,Transit,2014.0,45.902733,,1.33,,171.109,False
Kepler-220 b,Kepler-220,Transit,2014.0,4.159807,,0.81,,171.109,False
Kepler-154 c,Kepler-154,Transit,2014.0,62.303276,,2.95,,915.212,False
Kepler-368 c,Kepler-368,Transit,2014.0,72.379334,,3.88,,770.978,False
Kepler-149 b,Kepler-149,Transit,2014.0,29.198943,,4.21,,571.034,False
Kepler-371 c,Kepler-371,Transit,2014.0,67.968015,,1.78,,813.192,False
Kepler-167 b,Kepler-167,Transit,2014.0,4.3931539,,1.718,918.0,341.908,False
Kepler-372 d,Kepler-372,Transit,2014.0,30.092568,,1.69,,1493.95,False
Kepler-372 b,Kepler-372,Transit,2014.0,6.849692,,1.36,,1493.95,False
Kepler-234 b,Kepler-234,Transit,2014.0,2.711506,,3.7,,1733.1,False
Kepler-378 c,Kepler-378,Transit,2014.0,28.906009,,0.7,,152.094,False
Kepler-379 b,Kepler-379,Transit,2014.0,20.09838,,1.66,,731.274,False
Kepler-198 b,Kepler-198,Transit,2014.0,17.790037,,2.82,,495.358,False
Kepler-146 b,Kepler-146,Transit,2014.0,31.158799,,3.71,,716.797,False
Kepler-186 f,Kepler-186,Transit,2014.0,129.9441,,1.17,,177.594,False
Kepler-386 b,Kepler-386,Transit,2014.0,12.31043,,1.39,,882.462,False
Kepler-157 c,Kepler-157,Transit,2014.0,13.5405,,2.24,,773.713,False
Kepler-334 b,Kepler-334,Transit,2014.0,5.470319,,1.12,,426.59,False
Kepler-334 d,Kepler-334,Transit,2014.0,25.09849,,1.41,,426.59,False
Kepler-336 c,Kepler-336,Transit,2014.0,9.600001,,2.1,,768.86,False
Kepler-138 d,Kepler-138,Transit,2014.0,23.0923,2.1,1.51,345.0,66.8624,False
Kepler-336 b,Kepler-336,Transit,2014.0,2.024823,,1.02,,768.86,False
Kepler-337 b,Kepler-337,Transit,2014.0,3.292781,,1.54,,677.975,False
Kepler-338 c,Kepler-338,Transit,2014.0,24.310856,,2.34,,552.798,False
Kepler-338 d,Kepler-338,Transit,2014.0,44.431014,,3.0,,552.798,False
Kepler-338 e,Kepler-338,Transit Timing Variations,2014.0,9.341,8.5,1.56,,552.798,False
Kepler-339 d,Kepler-339,Transit,2014.0,10.558345,,1.17,,616.637,False
Kepler-339 c,Kepler-339,Transit,2014.0,6.988055,,1.15,,616.637,False
Kepler-341 d,Kepler-341,Transit,2014.0,27.666313,,1.85,,1047.03,False
Kepler-341 b,Kepler-341,Transit,2014.0,5.195528,,1.18,,1047.03,False
Kepler-341 e,Kepler-341,Transit,2014.0,42.473269,,1.99,,1047.03,False
Kepler-342 d,Kepler-342,Transit,2014.0,39.459357,,2.49,,781.611,False
Kepler-230 c,Kepler-230,Transit,2014.0,91.773242,,2.04,,740.754,False
Kepler-233 c,Kepler-233,Transit,2014.0,60.418955,,2.71,,856.417,False
Kepler-106 d,Kepler-106,Transit,2014.0,23.9802,8.1,0.95,,444.322,False
Kepler-81 d,Kepler-81,Transit,2014.0,20.837846,,1.21,,348.291,False
Kepler-262 b,Kepler-262,Transit,2014.0,13.060855,,1.36,,613.129,False
Kepler-263 c,Kepler-263,Transit,2014.0,47.332773,,2.47,,754.747,False
Kepler-265 e,Kepler-265,Transit,2014.0,67.831024,,2.59,,1280.25,False
Kepler-265 d,Kepler-265,Transit,2014.0,43.130617,,2.49,,1280.25,False
Kepler-24 e,Kepler-24,Transit,2014.0,18.998355,,2.78,,1156.81,False
Kepler-24 d,Kepler-24,Transit,2014.0,4.244384,,1.67,,1156.81,False
Kepler-270 c,Kepler-270,Transit,2014.0,25.262887,,1.77,,948.781,False
Kepler-79 e,Kepler-79,Transit,2014.0,81.0659,4.1,3.49,,1020.72,False
Kepler-282 b,Kepler-282,Transit,2014.0,9.220524,,1.01,,1337.61,False
Kepler-282 c,Kepler-282,Transit,2014.0,13.638723,,1.2,,1337.61,False
Kepler-283 c,Kepler-283,Transit,2014.0,92.743711,,1.82,,468.094,False
Kepler-286 e,Kepler-286,Transit,2014.0,29.221289,,1.77,,1226.85,False
Kepler-288 d,Kepler-288,Transit,2014.0,56.633742,,2.67,,1194.15,False
Kepler-58 d,Kepler-58,Transit,2014.0,40.101371,,2.94,,969.252,False
Kepler-295 c,Kepler-295,Transit,2014.0,21.526258,,1.17,,1699.19,False
Kepler-101 b,Kepler-101,Transit,2014.0,3.4876812,51.1,5.77,1513.0,927.981,False
Kepler-295 d,Kepler-295,Transit,2014.0,33.884054,,1.36,,1699.19,False
Kepler-299 e,Kepler-299,Transit,2014.0,38.285489,,1.87,,1052.24,False
Kepler-308 c,Kepler-308,Transit,2014.0,15.38231,,2.16,,1335.92,False
Kepler-124 d,Kepler-124,Transit,2014.0,30.950851,,1.11,,420.046,False
Kepler-124 b,Kepler-124,Transit,2014.0,3.410493,,0.73,,420.046,False
Kepler-397 b,Kepler-397,Transit,2014.0,22.250949,,2.46,,,False
Kepler-398 c,Kepler-398,Transit,2014.0,11.419412,,1.01,,177.355,False
Kepler-187 c,Kepler-187,Transit,2014.0,10.640263,,2.67,,1143.0,False
Kepler-250 c,Kepler-250,Transit,2014.0,7.156804,,2.28,,760.585,False
Kepler-390 c,Kepler-390,Transit,2014.0,13.060022,,0.79,,435.277,False
Kepler-391 c,Kepler-391,Transit,2014.0,20.501,450.0,2.88,662.0,869.236,False
Kepler-392 c,Kepler-392,Transit,2014.0,10.423118,,1.1,,681.428,False
Kepler-147 c,Kepler-147,Transit,2014.0,33.416423,,2.43,,1042.02,False
Kepler-235 b,Kepler-235,Transit,2014.0,3.340222,,2.23,,428.018,False
Kepler-183 c,Kepler-183,Transit,2014.0,11.637071,,2.27,,1050.64,False
Kepler-158 b,Kepler-158,Transit,2014.0,16.709184,,2.12,,315.177,False
Kepler-236 c,Kepler-236,Transit,2014.0,23.968127,,2.0,,288.763,False
Kepler-168 c,Kepler-168,Transit,2014.0,13.193242,,2.69,,1343.6,False
Kepler-117 b,Kepler-117,Transit,2014.0,18.7959228,29.875,8.059,984.0,1455.57,False
Kepler-199 b,Kepler-199,Transit,2014.0,23.637604,,3.11,,521.054,False
Kepler-237 c,Kepler-237,Transit,2014.0,8.103636,,2.08,,657.822,False
Kepler-150 c,Kepler-150,Transit,2014.0,7.381998,,3.69,,891.092,False
Kepler-274 b,Kepler-274,Transit,2014.0,11.634788,,1.54,,1333.62,False
Kepler-428 b,Kepler-428,Transit,2014.0,3.52563254,403.63,12.11,1070.0,686.284,False
Kepler-274 c,Kepler-274,Transit,2014.0,33.197861,,1.84,,1333.62,False
Kepler-296 f,Kepler-296,Transit,2014.0,63.33627,,1.8,,,False
Kepler-312 b,Kepler-312,Transit,2014.0,1.772419,,1.29,,797.72,False
Kepler-239 b,Kepler-239,Transit,2014.0,11.763051,,2.33,,648.109,False
Kepler-315 c,Kepler-315,Transit,2014.0,265.469335,,4.15,,1160.63,False
Kepler-240 c,Kepler-240,Transit,2014.0,7.953528,,2.2,,746.927,False
Kepler-159 b,Kepler-159,Transit,2014.0,10.139623,,2.38,,373.744,False
Kepler-320 c,Kepler-320,Transit,2014.0,17.934937,,1.37,,826.613,False
Kepler-320 b,Kepler-320,Transit,2014.0,8.371554,,1.14,,826.613,False
Kepler-169 e,Kepler-169,Transit,2014.0,13.767102,,2.2,,406.529,False
Kepler-151 b,Kepler-151,Transit,2014.0,15.228958,,3.06,,649.919,False
Kepler-332 c,Kepler-332,Transit,2014.0,15.995622,,1.09,,344.19,False
Kepler-241 b,Kepler-241,Transit,2014.0,12.718092,,2.33,,,False
Kepler-143 b,Kepler-143,Transit,2014.0,16.007583,,2.41,,809.467,False
Kepler-332 d,Kepler-332,Transit,2014.0,34.21154,,1.18,,344.19,False
Kepler-335 c,Kepler-335,Transit,2014.0,67.844469,,3.07,,1278.97,False
Kepler-340 b,Kepler-340,Transit,2014.0,14.844387,,2.53,,808.762,False
Kepler-342 c,Kepler-342,Transit,2014.0,26.234138,,1.96,,781.611,False
Kepler-200 b,Kepler-200,Transit,2014.0,8.594805,,2.13,,665.912,False
Kepler-343 c,Kepler-343,Transit,2014.0,23.22182,,2.02,,927.193,False
Kepler-201 b,Kepler-201,Transit,2014.0,25.672083,,2.46,,636.445,False
Kepler-127 b,Kepler-127,Transit,2014.0,14.435889,,1.4,,352.794,False
Kepler-209 c,Kepler-209,Transit,2014.0,41.749882,,3.1,,576.946,False
Kepler-229 d,Kepler-229,Transit,2014.0,41.194912,,3.85,,826.265,False
Kepler-130 d,Kepler-130,Transit,2014.0,87.517905,,1.64,,316.663,False
Kepler-131 c,Kepler-131,Transit,2014.0,25.5169,8.25,0.84,,228.678,False
Kepler-156 c,Kepler-156,Transit,2014.0,15.906801,,2.55,,443.483,False
Kepler-405 c,Kepler-405,Transit,2014.0,29.726682,,4.66,,1065.08,False
Kepler-405 b,Kepler-405,Transit,2014.0,10.613839,,2.08,,1065.08,False
Kepler-134 c,Kepler-134,Transit,2014.0,10.105785,,1.26,,334.797,False
Kepler-135 c,Kepler-135,Transit,2014.0,11.448708,,1.16,,621.855,False
Kepler-406 c,Kepler-406,Transit,2014.0,4.62332,2.71,0.85,,364.03,False
Kepler-140 c,Kepler-140,Transit,2014.0,91.353282,,1.8,,583.859,False
Kepler-149 c,Kepler-149,Transit,2014.0,55.328328,,1.61,,571.034,False
Kepler-150 b,Kepler-150,Transit,2014.0,3.428054,,1.25,,891.092,False
Kepler-164 b,Kepler-164,Transit,2014.0,5.03503,,1.41,,890.758,False
Kepler-169 b,Kepler-169,Transit,2014.0,3.250619,,1.13,,406.529,False
Kepler-169 d,Kepler-169,Transit,2014.0,8.348125,,1.25,,406.529,False
Kepler-169 f,Kepler-169,Transit,2014.0,87.090195,,2.58,,406.529,False
Kepler-171 d,Kepler-171,Transit,2014.0,39.595519,,1.89,,863.855,False
Kepler-172 e,Kepler-172,Transit,2014.0,35.118736,,2.76,,828.592,False
Kepler-174 d,Kepler-174,Transit,2014.0,247.35373,,2.19,,384.757,False
Kepler-191 b,Kepler-191,Transit,2014.0,9.939632,,1.34,,594.464,False
Kepler-117 c,Kepler-117,Transit,2014.0,50.790391,584.78,12.341,704.0,1455.57,False
Kepler-194 d,Kepler-194,Transit,2014.0,52.814973,,2.4,,1097.97,False
Kepler-195 c,Kepler-195,Transit,2014.0,34.096863,,1.55,,652.051,False
Kepler-197 e,Kepler-197,Transit,2014.0,25.209715,,0.91,,330.575,False
Kepler-222 b,Kepler-222,Transit,2014.0,3.936981,,3.16,,758.854,False
Kepler-163 c,Kepler-163,Transit,2014.0,21.347262,,2.26,,689.814,False
Kepler-223 d,Kepler-223,Transit,2014.0,14.78869,8.0,5.24,,1859.71,False
Kepler-224 c,Kepler-224,Transit,2014.0,5.925003,,3.12,,782.088,False
Kepler-225 c,Kepler-225,Transit,2014.0,18.794234,,1.84,,561.101,False
Kepler-164 c,Kepler-164,Transit,2014.0,10.945723,,2.73,,890.758,False
Kepler-179 c,Kepler-179,Transit,2014.0,6.40013,,2.0,,605.68,False
Kepler-165 b,Kepler-165,Transit,2014.0,8.180848,,2.32,,560.885,False
Kepler-194 c,Kepler-194,Transit,2014.0,17.308032,,2.59,,1097.97,False
Kepler-226 c,Kepler-226,Transit,2014.0,5.349555,,2.27,,980.138,False
Kepler-195 b,Kepler-195,Transit,2014.0,8.307872,,2.03,,652.051,False
Kepler-227 b,Kepler-227,Transit,2014.0,9.488015,,3.11,,1083.06,False
Kepler-153 b,Kepler-153,Transit,2014.0,18.870227,,2.92,,459.368,False
Kepler-228 d,Kepler-228,Transit,2014.0,11.094286,,4.04,,1644.61,False
Kepler-229 c,Kepler-229,Transit,2014.0,16.068638,,4.92,,826.265,False
Kepler-230 b,Kepler-230,Transit,2014.0,32.625555,,4.26,,740.754,False
Kepler-347 c,Kepler-347,Transit,2014.0,27.320871,,1.75,,1298.88,False
Kepler-202 b,Kepler-202,Transit,2014.0,4.069427,,1.63,,285.111,False
Kepler-348 c,Kepler-348,Transit,2014.0,17.265427,,1.33,,570.783,False
Kepler-203 b,Kepler-203,Transit,2014.0,3.162697,,2.57,,703.302,False
Kepler-170 b,Kepler-170,Transit,2014.0,7.930592,,3.2,,738.657,False
Kepler-154 b,Kepler-154,Transit,2014.0,33.040532,,2.26,,915.212,False
Kepler-204 b,Kepler-204,Transit,2014.0,14.400974,,2.53,,686.723,False
Kepler-171 b,Kepler-171,Transit,2014.0,4.166972,,2.34,,863.855,False
Kepler-359 d,Kepler-359,Transit,2014.0,77.095691,,4.01,,1443.21,False
Kepler-172 b,Kepler-172,Transit,2014.0,2.940309,,2.35,,828.592,False
Kepler-205 b,Kepler-205,Transit,2014.0,2.75564,,1.51,,159.72,False
Kepler-242 b,Kepler-242,Transit,2014.0,8.20395,,2.61,,600.241,False
Kepler-361 b,Kepler-361,Transit,2014.0,8.486616,,1.45,,930.32,False
Kepler-206 c,Kepler-206,Transit,2014.0,13.137471,,1.77,,594.447,False
Kepler-362 b,Kepler-362,Transit,2014.0,10.327186,,0.88,,1090.51,False
Kepler-173 c,Kepler-173,Transit,2014.0,8.005777,,2.43,,833.165,False
Kepler-365 c,Kepler-365,Transit,2014.0,17.784129,,1.64,,1038.99,False
Kepler-152 b,Kepler-152,Transit,2014.0,18.207973,,2.79,,441.09,False
Kepler-196 b,Kepler-196,Transit,2014.0,20.739886,,1.9,,451.312,False
Kepler-243 b,Kepler-243,Transit,2014.0,5.715442,,2.45,,693.86,False
Kepler-296 e,Kepler-296,Transit,2014.0,34.14211,,1.53,,,False
Kepler-354 c,Kepler-354,Transit,2014.0,16.934402,,1.31,,554.064,False
Kepler-389 c,Kepler-389,Transit,2014.0,14.51143,,1.46,,816.559,False
Kepler-207 d,Kepler-207,Transit,2014.0,5.868075,,3.31,,875.519,False
Kepler-244 b,Kepler-244,Transit,2014.0,4.311792,,2.76,,1036.49,False
Kepler-245 b,Kepler-245,Transit,2014.0,7.49019,,2.57,,861.527,False
Kepler-208 b,Kepler-208,Transit,2014.0,4.22864,,1.63,,775.328,False
Kepler-209 b,Kepler-209,Transit,2014.0,16.087845,,2.26,,576.946,False
Kepler-246 b,Kepler-246,Transit,2014.0,4.60182,,2.34,,626.078,False
Kepler-144 b,Kepler-144,Transit,2014.0,5.885273,,1.33,,384.917,False
Kepler-160 c,Kepler-160,Transit,2014.0,13.699429,,3.76,,937.013,False
Kepler-247 c,Kepler-247,Transit,2014.0,9.439452,,4.09,,663.711,False
Kepler-161 b,Kepler-161,Transit,2014.0,4.921355,,2.12,,434.632,False
Kepler-184 b,Kepler-184,Transit,2014.0,10.687576,,2.36,,610.326,False
Kepler-210 c,Kepler-210,Transit,2014.0,7.972513,,3.62,,232.75,False
Kepler-211 c,Kepler-211,Transit,2014.0,6.04045,,1.29,,309.353,False
Kepler-212 c,Kepler-212,Transit,2014.0,31.805174,,2.74,,687.194,False
Kepler-120 b,Kepler-120,Transit,2014.0,6.312501,,2.15,,388.63,False
Kepler-121 b,Kepler-121,Transit,2014.0,3.177422,,2.34,,510.523,False
Kepler-248 c,Kepler-248,Transit,2014.0,16.239494,,4.07,,738.792,False
Kepler-249 c,Kepler-249,Transit,2014.0,7.113702,,1.51,,190.401,False
Kepler-162 c,Kepler-162,Transit,2014.0,19.446355,,3.03,,855.641,False
Kepler-185 c,Kepler-185,Transit,2014.0,20.729042,,2.02,,466.735,False
Kepler-174 b,Kepler-174,Transit,2014.0,13.98179,,1.96,,384.757,False
Kepler-175 b,Kepler-175,Transit,2014.0,11.903515,,2.56,,1312.34,False
Kepler-176 c,Kepler-176,Transit,2014.0,12.759712,,2.6,,527.321,False
Kepler-186 c,Kepler-186,Transit,2014.0,7.267302,,1.25,,177.594,False
Kepler-55 d,Kepler-55,Transit,2014.0,2.211099,,1.59,,578.796,False
Kepler-118 c,Kepler-118,Transit,2014.0,20.17202,,7.68,,574.228,False
Kepler-166 b,Kepler-166,Transit,2014.0,7.650254,,2.27,,603.53,False
Kepler-180 c,Kepler-180,Transit,2014.0,41.885775,,3.01,,695.65,False
Kepler-181 c,Kepler-181,Transit,2014.0,4.302149,,1.99,,609.283,False
Kepler-182 c,Kepler-182,Transit,2014.0,20.684342,,3.43,,1549.09,False
Kepler-231 c,Kepler-231,Transit,2014.0,19.271566,,1.93,,316.618,False
Kepler-197 c,Kepler-197,Transit,2014.0,10.349695,,1.23,,330.575,False
Kepler-155 b,Kepler-155,Transit,2014.0,5.931194,,2.09,,293.499,False
Kepler-100 c,Kepler-100,Transit,2014.0,12.8159,7.05,2.2,,304.645,False
Kepler-232 b,Kepler-232,Transit,2014.0,4.431222,,3.08,,1349.13,False
Kepler-233 b,Kepler-233,Transit,2014.0,8.472382,,2.43,,856.417,False
Kepler-156 b,Kepler-156,Transit,2014.0,4.973456,,2.3,,443.483,False
Kepler-234 c,Kepler-234,Transit,2014.0,7.21205,,3.51,,1733.1,False
Kepler-146 c,Kepler-146,Transit,2014.0,76.732171,,3.13,,716.797,False
Kepler-158 c,Kepler-158,Transit,2014.0,28.551383,,1.9,,315.177,False
Kepler-150 d,Kepler-150,Transit,2014.0,12.56093,,2.79,,891.092,False
Kepler-159 c,Kepler-159,Transit,2014.0,43.595792,,3.41,,373.744,False
Kepler-202 c,Kepler-202,Transit,2014.0,16.282493,,1.85,,285.111,False
Kepler-203 c,Kepler-203,Transit,2014.0,5.370647,,2.47,,703.302,False
Kepler-170 c,Kepler-170,Transit,2014.0,16.665863,,2.86,,738.657,False
Kepler-172 c,Kepler-172,Transit,2014.0,6.388996,,2.86,,828.592,False
Kepler-205 c,Kepler-205,Transit,2014.0,20.306546,,1.64,,159.72,False
Kepler-196 c,Kepler-196,Transit,2014.0,47.427737,,2.24,,451.312,False
Kepler-245 d,Kepler-245,Transit,2014.0,36.277108,,3.03,,861.527,False
Kepler-247 d,Kepler-247,Transit,2014.0,20.477912,,3.94,,663.711,False
Kepler-184 c,Kepler-184,Transit,2014.0,20.303005,,1.97,,610.326,False
Kepler-210 b,Kepler-210,Transit,2014.0,2.453234,,2.94,,232.75,False
Kepler-248 b,Kepler-248,Transit,2014.0,6.308205,,3.02,,738.792,False
Kepler-83 d,Kepler-83,Transit,2014.0,5.169796,,1.94,,400.409,False
Kepler-174 c,Kepler-174,Transit,2014.0,44.000529,,1.49,,384.757,False
Kepler-186 d,Kepler-186,Transit,2014.0,13.342996,,1.4,,177.594,False
Kepler-251 d,Kepler-251,Transit,2014.0,30.133001,,2.77,,924.625,False
Kepler-253 d,Kepler-253,Transit,2014.0,18.119869,,3.17,,838.595,False
Kepler-215 b,Kepler-215,Transit,2014.0,9.360672,,1.62,,485.997,False
Kepler-192 c,Kepler-192,Transit,2014.0,21.2234,,2.79,,651.674,False
Kepler-122 c,Kepler-122,Transit,2014.0,12.465988,,5.87,,1027.45,False
Kepler-251 c,Kepler-251,Transit,2014.0,16.514043,,2.77,,924.625,False
Kepler-188 c,Kepler-188,Transit,2014.0,5.996553,,3.19,,968.544,False
Kepler-189 c,Kepler-189,Transit,2014.0,20.134866,,2.38,,591.534,False
Kepler-103 b,Kepler-103,Transit,2014.0,15.9653287,11.67,3.4857,,494.832,False
Kepler-252 c,Kepler-252,Transit,2014.0,10.848463,,2.15,,379.424,False
Kepler-213 b,Kepler-213,Transit,2014.0,2.46236,,1.62,,634.939,False
Kepler-190 b,Kepler-190,Transit,2014.0,2.019999,,1.56,,433.387,False
Kepler-253 c,Kepler-253,Transit,2014.0,10.281951,,2.65,,838.595,False
Kepler-214 c,Kepler-214,Transit,2014.0,28.7798,,2.13,,1208.44,False
Kepler-109 b,Kepler-109,Transit,2014.0,6.4816307,4.9,2.49,1276.0,474.861,False
Kepler-215 d,Kepler-215,Transit,2014.0,30.864423,,2.39,,485.997,False
Kepler-425 b,Kepler-425,Transit,2014.0,3.79701816,79.45,10.962,1070.0,646.647,False
Kepler-192 b,Kepler-192,Transit,2014.0,9.926746,,2.74,,651.674,False
Kepler-254 b,Kepler-254,Transit,2014.0,5.826662,,3.87,,1389.48,False
Kepler-255 c,Kepler-255,Transit,2014.0,9.946047,,2.99,,1052.53,False
Kepler-96 b,Kepler-96,Transit,2014.0,16.2385,8.46,2.67,,122.881,False
Kepler-256 c,Kepler-256,Transit,2014.0,3.38802,,2.15,,1026.43,False
Kepler-257 c,Kepler-257,Transit,2014.0,6.581484,,5.41,,780.256,False
Kepler-216 c,Kepler-216,Transit,2014.0,17.406669,,3.04,,1187.47,False
Kepler-217 b,Kepler-217,Transit,2014.0,5.374943,,2.23,,1104.64,False
Kepler-218 c,Kepler-218,Transit,2014.0,44.699576,,3.14,,656.38,False
Kepler-258 b,Kepler-258,Transit,2014.0,13.19722,,4.06,,575.988,False
Kepler-193 b,Kepler-193,Transit,2014.0,11.38848,,2.39,,1009.1,False
Kepler-259 b,Kepler-259,Transit,2014.0,8.115317,,2.8,,1002.14,False
Kepler-219 b,Kepler-219,Transit,2014.0,4.585512,,2.95,,787.07,False
Kepler-178 b,Kepler-178,Transit,2014.0,9.576694,,2.9,,716.025,False
Kepler-220 c,Kepler-220,Transit,2014.0,9.034199,,1.57,,171.109,False
Kepler-221 c,Kepler-221,Transit,2014.0,5.690586,,2.93,,385.231,False
Kepler-1704 b,Kepler-1704,Transit,2013.0,988.88112,1322.16617312,11.94877343,253.8,835.455,True
Kepler-62 b,Kepler-62,Transit,2013.0,5.714932,9.0,1.31,750.0,300.874,False
Kepler-145 c,Kepler-145,Transit,2013.0,42.882,79.4,4.32,,566.85,False
Kepler-177 c,Kepler-177,Transit,2013.0,49.40926,14.7,8.73,,1435.44,False
Kepler-62 d,Kepler-62,Transit,2013.0,18.16406,14.0,1.95,510.0,300.874,False
KOI-142 b,KOI-142,Transit,2013.0,10.91647,9.5,3.438,,376.863,False
Kepler-74 b,Kepler-74,Transit,2013.0,7.340711,200.22,10.76,1078.0,1177.55,False
KOI-351 e,KOI-351,Transit,2013.0,91.93913,,2.66,,848.254,False
KOI-351 c,KOI-351,Transit,2013.0,8.719375,,1.19,,848.254,False
KOI-351 b,KOI-351,Transit,2013.0,7.008151,,1.31,,848.254,False
KOI-351 f,KOI-351,Transit,2013.0,124.9144,,2.88,,848.254,False
KOI-94 c,KOI-94,Transit,2013.0,10.423648,15.6,4.32,1012.0,477.052,False
KOI-94 e,KOI-94,Transit,2013.0,54.32031,35.0,6.56,584.0,477.052,False
Kepler-238 e,Kepler-238,Transit,2013.0,23.654,169.7,5.6,,1798.75,False
Kepler-328 b,Kepler-328,Transit,2013.0,34.921,28.5,2.3,,2213.19,False
PH2 b,PH2,Transit,2013.0,282.52542,87.08498352,9.33708092,295.1,343.863,True
Kepler-75 b,Kepler-75,Transit,2013.0,8.8849116,3209.9,11.77,767.0,835.356,False
Kepler-92 c,Kepler-92,Transit,2013.0,26.723,6.1,2.6,,477.992,False
Kepler-62 c,Kepler-62,Transit,2013.0,12.4417,4.0,0.54,578.0,300.874,False
Kepler-62 f,Kepler-62,Transit,2013.0,267.291,35.0,1.41,208.0,300.874,True
Kepler-238 f,Kepler-238,Transit,2013.0,50.447,13.5,2.0,,1798.75,False
Kepler-279 d,Kepler-279,Transit,2013.0,54.414,37.5,3.1,,1037.4,False
Kepler-69 c,Kepler-69,Transit,2013.0,242.4613,,1.71,299.0,730.625,True
Kepler-87 c,Kepler-87,Transit,2013.0,191.2318,6.4,6.14,403.0,1232.9,False
Kepler-396 b,Kepler-396,Transit,2013.0,42.994,75.5,3.5,,223.757,False
Kepler-305 c,Kepler-305,Transit,2013.0,8.291,6.0,3.3,,868.477,False
Kepler-307 c,Kepler-307,Transit,2013.0,13.0729,3.64,2.2,,575.581,False
Kepler-411 b,Kepler-411,Transit,2013.0,3.005156,25.6,2.401,1138.0,153.676,False
Kepler-350 d,Kepler-350,Transit,2013.0,26.136,14.9,2.8,,956.859,False
KOI-351 h,KOI-351,Transit,2013.0,331.60296,203.0,,,848.254,False
Kepler-396 c,Kepler-396,Transit,2013.0,88.505,17.9,5.3,,223.757,False
Kepler-92 b,Kepler-92,Transit,2013.0,13.749,64.3,3.51,,477.992,False
Kepler-276 d,Kepler-276,Transit,2013.0,48.648,16.3,2.8,,1144.86,False
Kepler-128 c,Kepler-128,Transit,2013.0,22.8,3.38,1.521,,396.379,False
Kepler-145 b,Kepler-145,Transit,2013.0,22.951,37.1,2.65,,566.85,False
Kepler-114 c,Kepler-114,Transit,2013.0,8.041,2.8,1.6,,259.533,False
Kepler-114 d,Kepler-114,Transit,2013.0,11.776,3.9,2.53,,259.533,False
Kepler-67 b,Kepler-67,Transit,2013.0,15.7259,,2.94,,1131.19,False
KOI-94 b,KOI-94,Transit,2013.0,3.743208,10.5,1.71,1486.0,477.052,False
Kepler-37 c,Kepler-37,Transit,2013.0,21.301848,1.3,0.755,615.0,63.9207,False
Kepler-37 b,Kepler-37,Transit,2013.0,13.36702,0.79,0.3098,718.0,63.9207,False
Kepler-68 c,Kepler-68,Transit,2013.0,9.605027,1.3,0.979,1052.0,144.166,False
Kepler-350 c,Kepler-350,Transit,2013.0,17.849,6.1,3.1,,956.859,False
Kepler-328 c,Kepler-328,Transit,2013.0,71.312,39.4,5.4,,2213.19,False
KOI-1843.03,Kepler-974,Transit,2013.0,0.1768913,8.0,0.61,,134.311,False
Kepler-37 d,Kepler-37,Transit,2013.0,39.7922622,2.0,2.03,499.0,63.9207,False
Kepler-66 b,Kepler-66,Transit,2013.0,17.815815,,2.8,,1202.96,False
Kepler-91 b,Kepler-91,Transit,2013.0,6.24658,257.4423,15.322703,2040.0,1294.69,False
Kepler-62 e,Kepler-62,Transit,2013.0,122.3874,36.0,1.61,270.0,300.874,True
KOI-94 d,KOI-94,Transit,2013.0,22.342989,106.0,11.27,806.0,477.052,False
Kepler-63 b,Kepler-63,Transit,2013.0,9.4341505,120.0,6.11,,194.033,False
KOI-351 g,KOI-351,Transit,2013.0,210.73514,15.0,,,848.254,False
KOI-351 d,KOI-351,Transit,2013.0,59.73667,,2.87,,848.254,False
Kepler-76 b,Kepler-76,Orbital Brightness Modulation,2013.0,1.5449298,638.8383,15.24424,2140.0,822.96,False
Kepler-177 b,Kepler-177,Transit,2013.0,36.8601,5.84,3.5,,1435.44,False
Kepler-68 b,Kepler-68,Transit,2013.0,5.39875259,8.03,2.357,1275.0,144.166,False
Kepler-282 d,Kepler-282,Transit,2013.0,24.806,61.0,2.46,,1337.61,False
Kepler-410 A b,Kepler-410 A,Transit,2013.0,17.833648,,2.838,,147.527,False
Kepler-279 c,Kepler-279,Transit,2013.0,35.736,49.4,4.3,,1037.4,False
Kepler-277 b,Kepler-277,Transit,2013.0,17.324,87.3,2.92,,976.643,False
Kepler-276 c,Kepler-276,Transit,2013.0,31.884,16.6,2.9,,1144.86,False
Kepler-105 b,Kepler-105,Transit,2013.0,5.4122034,10.8,2.53,,459.223,False
Kepler-61 b,Kepler-61,Transit,2013.0,59.87756,,2.15,273.0,335.079,True
Kepler-102 e,Kepler-102,Transit,2013.0,16.1456994,4.7,2.17,590.0,107.796,False
Kepler-305 b,Kepler-305,Transit,2013.0,5.487,10.5,3.6,,868.477,False
Kepler-87 b,Kepler-87,Transit,2013.0,114.73635,324.2,13.49,478.0,1232.9,False
Kepler-307 b,Kepler-307,Transit,2013.0,10.4208,7.44,2.43,,575.581,False
Kepler-277 c,Kepler-277,Transit,2013.0,33.006,64.2,3.36,,976.643,False
Kepler-282 e,Kepler-282,Transit,2013.0,44.347,56.2,3.1,,1337.61,False
Kepler-128 b,Kepler-128,Transit,2013.0,15.0,3.79,1.421,,396.379,False
2MASS J01033563-5515561 AB b,2MASS J01033563-5515561 A,Imaging,2013.0,,4131.79,,,,False
Kepler-77 b,Kepler-77,Transit,2013.0,3.57878087,136.661,10.761,1440.0,639.411,False
Kepler-69 b,Kepler-69,Transit,2013.0,13.722341,,2.24,779.0,730.625,False
MOA-2010-BLG-328L b,MOA-2010-BLG-328L,Microlensing,2013.0,,9.2,,,810.0,False
HD 13908 b,HD 13908,Radial Velocity,2013.0,19.382,274.91,,,79.5515,False
HD 13908 c,HD 13908,Radial Velocity,2013.0,931.0,1630.4,,,79.5515,False
HD 159243 b,HD 159243,Radial Velocity,2013.0,12.62,359.13,,,73.3055,False
HD 159243 c,HD 159243,Radial Velocity,2013.0,248.4,603.9,,,73.3055,False
HIP 91258 b,HIP 91258,Radial Velocity,2013.0,5.0505,346.4347,,,45.8846,False
ROXs 12 b,ROXs 12,Imaging,2013.0,,5085.0,,,136.65,False
HD 106906 b,HD 106906,Imaging,2013.0,,3496.0,,1800.0,103.029,False
OGLE-2012-BLG-0406L b,OGLE-2012-BLG-0406L,Microlensing,2013.0,,868.0,,,4970.0,False
KOI-142 c,KOI-142,Transit Timing Variations,2013.0,22.26492,214.1,,,376.863,False
MOA-2011-BLG-322L b,MOA-2011-BLG-322L,Microlensing,2013.0,,3690.0,,,7560.0,False
WASP-8 c,WASP-8,Radial Velocity,2013.0,4323.0,3003.37,,,89.9606,False
CoRoT-25 b,CoRoT-25,Transit,2013.0,4.86069,85.81,12.11,1330.0,1103.48,False
CoRoT-26 b,CoRoT-26,Transit,2013.0,4.20474,165.26,14.12,1600.0,1045.18,False
HD 285507 b,HD 285507,Radial Velocity,2013.0,6.0881,311.4734,,,45.0293,False
BD-06 1339 b,BD-06 1339,Radial Velocity,2013.0,3.8728,8.5,,,20.2695,False
BD-06 1339 c,BD-06 1339,Radial Velocity,2013.0,125.94,53.0,,,20.2695,False
HD 103774 b,HD 103774,Radial Velocity,2013.0,5.8881,116.0,,,56.4089,False
HD 109271 b,HD 109271,Radial Velocity,2013.0,7.8543,17.162,,,55.8716,False
HD 109271 c,HD 109271,Radial Velocity,2013.0,30.93,24.154,,,55.8716,False
Kepler-68 d,Kepler-68,Radial Velocity,2013.0,632.62,238.05347684,,,144.166,False
ome Ser b,ome Ser,Radial Velocity,2013.0,278.59,233.92170755,,,76.7556,False
HD 2952 b,HD 2952,Radial Velocity,2013.0,312.08,284.77425267,,,110.103,False
HD 120084 b,HD 120084,Radial Velocity,2013.0,2142.0,2034.1018048,,,103.044,False
BD+15 2940 b,BD+15 2940,Radial Velocity,2013.0,137.48,352.78,,,426.42,False
HD 233604 b,HD 233604,Radial Velocity,2013.0,192.0,2089.644,,,847.058,False
HD 95086 b,HD 95086,Imaging,2013.0,,1589.0,,1000.0,86.2279,False
KELT-3 b,KELT-3,Transit,2013.0,2.70339,616.5902,17.48604,,210.252,False
GJ 163 b,GJ 163,Radial Velocity,2013.0,8.63182,10.6,,,15.1285,False
GJ 163 c,GJ 163,Radial Velocity,2013.0,25.63058,6.8,,,15.1285,False
GJ 163 d,GJ 163,Radial Velocity,2013.0,603.95116,29.4,,,15.1285,False
DENIS-P J082303.1-491201 b,DENIS-P J082303.1-491201,Astrometry,2013.0,246.36,9057.77,,,,False
HIP 63242 b,HIP 63242,Radial Velocity,2013.0,124.6,2917.56,,,156.456,False
GJ 667 C e,GJ 667 C,Radial Velocity,2013.0,62.24,2.7,,,7.24396,False
GJ 667 C f,GJ 667 C,Radial Velocity,2013.0,39.026,2.7,,,7.24396,False
GJ 667 C g,GJ 667 C,Radial Velocity,2013.0,256.2,4.6,,,7.24396,False
GJ 504 b,GJ 504,Imaging,2013.0,,1271.3,,510.0,17.5299,False
Kepler-78 b,Kepler-78,Transit,2013.0,0.35500745,1.68,1.201,2223.0,124.376,False
GJ 328 b,GJ 328,Radial Velocity,2013.0,3771.0,797.74930157,,,20.5266,False
2MASS J01225093-2439505 b,2MASS J01225093-2439505,Imaging,2013.0,,7786.5,,,33.8281,False
POTS-1 b,POTS-1,Transit,2013.0,3.1606296,734.16,10.548,,747.959,False
HATS-2 b,HATS-2,Transit,2013.0,1.35413379,435.42491759,12.57647635,1550.0,341.925,False
HATS-3 b,HATS-3,Transit,2013.0,3.547851,340.382,15.48,1648.0,411.211,False
WASP-65 b,WASP-65,Transit,2013.0,2.3114243,492.62,12.464,1480.0,273.703,False
WASP-75 b,WASP-75,Transit,2013.0,2.484193,340.06,14.235,1710.0,294.001,False
HD 113337 b,HD 113337,Radial Velocity,2013.0,317.58639,1035.80277841,,,36.18,False
OGLE-2012-BLG-0358L b,OGLE-2012-BLG-0358L,Microlensing,2013.0,,588.0,,,1760.0,False
ROXs 42 B b,ROXs 42 B,Imaging,2013.0,,2860.0,,1975.0,143.59,False
MOA-2008-BLG-379L b,MOA-2008-BLG-379L,Microlensing,2013.0,,1300.0,,,3300.0,False
tau Gem b,tau Gem,Radial Velocity,2013.0,305.5,6547.0,,,112.537,False
HD 40307 f,HD 40307,Radial Velocity,2013.0,51.76,5.2,,,12.9363,False
HD 40307 g,HD 40307,Radial Velocity,2013.0,197.8,7.1,,,12.9363,False
HD 65216 c,HD 65216,Radial Velocity,2013.0,5370.0,645.1949,,,35.1205,False
91 Aqr b,91 Aqr,Radial Velocity,2013.0,181.4,1017.0,,,44.0304,False
GJ 667 C c,GJ 667 C,Radial Velocity,2013.0,28.14,3.8,,,7.24396,False
WASP-41 b,WASP-41,Transit,2012.0,3.0524,270.1555,12.3299,,163.371,False
HD 106515 A b,HD 106515 A,Radial Velocity,2012.0,3626.0,6006.9568923,,,34.0915,False
HD 166724 b,HD 166724,Radial Velocity,2012.0,5144.0,1121.89,,,45.1342,False
HD 196067 b,HD 196067,Radial Velocity,2012.0,3413.7,3623.2438398,,,39.9346,False
HD 220689 b,HD 220689,Radial Velocity,2012.0,2266.4,355.33394,,,46.8778,False
HD 27631 b,HD 27631,Radial Velocity,2012.0,2198.14,474.83802,,,50.2862,False
HD 98649 b,HD 98649,Radial Velocity,2012.0,5384.0,3082.9355479,,,42.1727,False
HD 197037 b,HD 197037,Radial Velocity,2012.0,1035.7,251.0,,,33.1944,False
GJ 667 C b,GJ 667 C,Radial Velocity,2012.0,7.203,,,,7.24396,False
Kepler-52 b,Kepler-52,Transit,2012.0,7.8773565,135.0,2.1,,321.542,False
Kepler-21 b,Kepler-21,Transit,2012.0,2.7858212,7.5,1.639,2015.0,108.522,False
WASP-72 b,WASP-72,Transit,2012.0,2.21673,731.009,14.45961,,434.754,False
WASP-80 b,WASP-80,Transit,2012.0,3.06785234,170.99254,11.197791,825.0,49.7876,False
WASP-71 b,WASP-71,Transit,2012.0,2.90367,441.7837,13.22662,,362.715,False
OGLE-2011-BLG-0251L b,OGLE-2011-BLG-0251L,Microlensing,2012.0,,170.0,,,2570.0,False
HD 159868 c,HD 159868,Radial Velocity,2012.0,351.0,244.09344,,,55.8503,False
PH1 b,PH1,Transit,2012.0,138.317,169.0,6.18,481.0,1033.16,False
RR Cae b,RR Cae,Eclipse Timing Variations,2012.0,4343.5,1334.886,,,21.1916,False
MOA-2011-BLG-293L b,MOA-2011-BLG-293L,Microlensing,2012.0,,1500.0,,,7720.0,False
HAT-P-42 b,HAT-P-42,Transit,2012.0,4.641878,331.801,14.348,1428.0,405.238,False
HAT-P-43 b,HAT-P-43,Transit,2012.0,3.3326414,,13.63,1353.0,528.825,False
WISEP J121756.91+162640.2 A b,WISEP J121756.91+162640.2 A,Imaging,2012.0,,6992.0,10.468,450.0,,False
nu Oph b,nu Oph,Radial Velocity,2012.0,529.93,6848.56651404,,,46.2107,False
nu Oph c,nu Oph,Radial Velocity,2012.0,3180.6,7530.30844705,,,46.2107,False
MOA-2010-BLG-477L b,MOA-2010-BLG-477L,Microlensing,2012.0,,480.0,,,2300.0,False
HD 142 c,HD 142,Radial Velocity,2012.0,10159.64279,3464.64746471,,,26.1853,False
HATS-1 b,HATS-1,Transit,2012.0,3.446459,589.55,14.594,1359.0,283.971,False
WASP-78 b,WASP-78,Transit,2012.0,2.17518,352.7913,21.63337,,754.258,False
WASP-79 b,WASP-79,Transit,2012.0,3.662392,270.15414595,17.14974047,1716.2,246.69,False
KELT-1 b,KELT-1,Transit,2012.0,1.217514,8654.15,12.442,,268.43,False
KELT-2 A b,KELT-2 A,Transit,2012.0,4.11379,540.311,15.13215,,134.058,False
Kepler-36 b,Kepler-36,Transit,2012.0,13.86825,3.83,1.498,,527.956,False
GJ 3470 b,GJ 3470,Radial Velocity,2012.0,3.3366496,13.9,4.57,593.5,29.4214,False
BD+20 274 b,BD+20 274,Radial Velocity,2012.0,578.2,1334.886,,,1322.51,False
HD 219415 b,HD 219415,Radial Velocity,2012.0,2093.3,317.83,,,165.184,False
Pr0201 b,Pr0201,Radial Velocity,2012.0,4.4264,171.6282,,,180.64,False
Pr0211 b,Pr0211,Radial Velocity,2012.0,2.1461,597.5204,,,182.714,False
HD 77338 b,HD 77338,Radial Velocity,2012.0,5.7361,19.0698,,,45.935,False
HD 207832 b,HD 207832,Radial Velocity,2012.0,160.07,177.9848,,,58.9291,False
HD 207832 c,HD 207832,Radial Velocity,2012.0,1155.7,232.0159,,,58.9291,False
HAT-P-39 b,HAT-P-39,Transit,2012.0,3.54387,190.372,17.609,1752.0,697.004,False
HAT-P-40 b,HAT-P-40,Transit,2012.0,4.45724,152.5584,17.03768,,464.469,False
HAT-P-41 b,HAT-P-41,Transit,2012.0,2.69405,378.2177,22.97845,,348.185,False
HD 5608 b,HD 5608,Radial Velocity,2012.0,768.7,371.22357938,,,58.1105,False
75 Cet b,75 Cet,Radial Velocity,2012.0,696.62,787.89662095,,,82.9613,False
omi UMa b,omi UMa,Radial Velocity,2012.0,1569.81,1160.39151396,,,54.9149,False
omi CrB b,omi CrB,Radial Velocity,2012.0,187.01,355.96781584,,,84.7883,False
WASP-42 b,WASP-42,Transit,2012.0,4.9816819,167.49641,12.576498,1021.0,177.291,False
WASP-47 b,WASP-47,Transit,2012.0,4.159151,374.0,12.86,,264.78,False
WASP-49 b,WASP-49,Transit,2012.0,2.78174,117.5971,12.44199,,194.553,False
WASP-55 b,WASP-55,Transit,2012.0,4.465631,186.2474465,14.72860064,1342.0,297.462,False
WASP-61 b,WASP-61,Transit,2012.0,3.8559,851.7844,15.80469,,488.66,False
WASP-62 b,WASP-62,Transit,2012.0,4.41195,165.2716,14.79588,,175.631,False
WASP-63 b,WASP-63,Transit,2012.0,4.37808,117.5971,15.80469,,290.684,False
WASP-66 b,WASP-66,Transit,2012.0,4.08605,746.9005,15.6926,,500.258,False
WASP-67 b,WASP-67,Transit,2012.0,4.61442,136.6669,12.89035,,189.469,False
HAT-P-38 b,HAT-P-38,Transit,2012.0,4.640382,84.857,9.247,1082.0,255.206,False
Kepler-46 c,Kepler-46,Transit Timing Variations,2012.0,57.011,119.499,,455.0,777.06,False
Kepler-47 b,Kepler-47,Transit,2012.0,49.4643,2.07,3.05,,1025.02,False
Kepler-47 c,Kepler-47,Transit,2012.0,303.227,3.17,4.65,,1025.02,False
eps CrB b,eps CrB,Radial Velocity,2012.0,417.9,2129.461,,,69.8683,False
WTS-1 b,WTS-1,Transit,2012.0,3.352057,1274.44,16.7,1500.0,2346.01,False
WASP-54 b,WASP-54,Transit,2012.0,3.69364,187.5197,17.71022,,251.303,False
WASP-56 b,WASP-56,Transit,2012.0,4.6171,143.0235,10.53646,,321.084,False
WASP-57 b,WASP-57,Transit,2012.0,2.83891856,204.68252,11.76945,1338.0,398.276,False
HD 4732 b,HD 4732,Radial Velocity,2012.0,371.74,631.2072163,,,54.7841,False
HD 4732 c,HD 4732,Radial Velocity,2012.0,3184.2,1069.49258955,,,54.7841,False
HD 37605 c,HD 37605,Radial Velocity,2012.0,2720.0,1013.8777,,,46.7864,False
HD 66141 b,HD 66141,Radial Velocity,2012.0,480.5,1906.9,,,68.1509,False
HD 208527 b,HD 208527,Radial Velocity,2012.0,875.5,3146.4,,,312.202,False
HD 220074 b,HD 220074,Radial Velocity,2012.0,672.09998,5288.6912,,,324.54,False
WASP-52 b,WASP-52,Transit,2012.0,1.7497798,146.2,14.24,1315.0,174.818,False
WASP-58 b,WASP-58,Transit,2012.0,5.01718,308.2951,16.02887,,290.404,False
WASP-59 b,WASP-59,Transit,2012.0,7.919585,274.276,8.687,670.0,115.936,False
WASP-60 b,WASP-60,Transit,2012.0,4.305,174.8065,9.86392,,431.052,False
Kepler-52 c,Kepler-52,Transit,2012.0,16.3850021,45.4,1.84,,321.542,False
Kepler-30 c,Kepler-30,Transit,2012.0,60.323105,640.0,12.3,,914.221,False
Kepler-80 c,Kepler-80,Transit,2012.0,9.52355,6.74,2.74,,369.451,False
Kepler-81 c,Kepler-81,Transit,2012.0,12.04,,2.37,,348.291,False
Kepler-82 c,Kepler-82,Transit,2012.0,51.54,13.9,5.34,,904.326,False
Kepler-55 b,Kepler-55,Transit,2012.0,27.9481449,,2.43,,578.796,False
Kepler-49 b,Kepler-49,Transit,2012.0,7.2,9.77,2.579,,311.222,False
Kepler-48 b,Kepler-48,Transit,2012.0,4.778,3.94,1.88,,306.738,False
Kepler-46 b,Kepler-46,Transit,2012.0,33.60134,1907.0,9.057,543.0,777.06,False
Kepler-81 b,Kepler-81,Transit,2012.0,5.955,,2.42,,348.291,False
Kepler-82 b,Kepler-82,Transit,2012.0,26.44,12.15,4.07,,904.326,False
Kepler-54 b,Kepler-54,Transit,2012.0,8.0109434,,2.1,,271.701,False
Kepler-83 b,Kepler-83,Transit,2012.0,9.77,,2.83,,400.409,False
Kepler-30 d,Kepler-30,Transit,2012.0,143.34394,23.1,8.8,,914.221,False
Kepler-79 c,Kepler-79,Transit,2012.0,27.4029,5.9,3.72,,1020.72,False
Kepler-80 b,Kepler-80,Transit,2012.0,7.05246,6.93,2.67,,369.451,False
Kepler-79 b,Kepler-79,Transit,2012.0,13.4845,10.9,3.47,,1020.72,False
Kepler-53 b,Kepler-53,Transit,2012.0,18.6489525,111.0,2.89,,1366.07,False
Kepler-51 b,Kepler-51,Transit,2012.0,45.154,2.1,7.1,543.0,783.831,False
Kepler-30 b,Kepler-30,Transit,2012.0,29.33434,11.3,3.9,,914.221,False
Kepler-38 b,Kepler-38,Transit,2012.0,105.599,122.0,4.3,475.0,1174.59,False
Kepler-32 f,Kepler-32,Transit,2012.0,0.74296,,0.82,,323.847,False
Kepler-59 b,Kepler-59,Transit,2012.0,11.8681707,,1.1,,1163.22,False
Kepler-54 c,Kepler-54,Transit,2012.0,12.0717249,,1.23,,271.701,False
Kepler-55 c,Kepler-55,Transit,2012.0,42.1516418,,2.21,,578.796,False
Kepler-85 c,Kepler-85,Transit,2012.0,12.51,2.15,1.978,,765.025,False
Kepler-60 c,Kepler-60,Transit,2012.0,8.9187,3.85,1.9,,1025.1,False
Kepler-60 d,Kepler-60,Transit,2012.0,11.8981,4.16,1.99,,1025.1,False
Kepler-51 c,Kepler-51,Transit,2012.0,85.312,4.0,9.0,439.0,783.831,False
Kepler-57 c,Kepler-57,Transit,2012.0,11.6,6.86,2.196,,644.14,False
Kepler-58 c,Kepler-58,Transit,2012.0,15.5741568,53.0,2.86,,969.252,False
Kepler-36 c,Kepler-36,Transit,2012.0,16.21865,7.13,3.679,,527.956,False
Kepler-60 b,Kepler-60,Transit,2012.0,7.1334,4.19,1.71,,1025.1,False
Kepler-85 b,Kepler-85,Transit,2012.0,8.3,1.84,1.778,,765.025,False
Kepler-50 c,Kepler-50,Transit,2012.0,9.37647,,2.17,,250.11,False
Kepler-65 c,Kepler-65,Transit,2012.0,5.859944,,2.58,,303.728,False
Kepler-32 e,Kepler-32,Transit,2012.0,2.896,,1.5,,323.847,False
Kepler-65 d,Kepler-65,Transit,2012.0,8.13123,,1.52,,303.728,False
Kepler-53 c,Kepler-53,Transit,2012.0,38.5583038,36.0,3.17,,1366.07,False
Kepler-83 c,Kepler-83,Transit,2012.0,20.09,,2.36,,400.409,False
Kepler-32 d,Kepler-32,Transit,2012.0,22.7802,,2.7,,323.847,False
Kepler-50 b,Kepler-50,Transit,2012.0,7.81254,,1.71,,250.11,False
Kepler-49 c,Kepler-49,Transit,2012.0,10.91,8.38,2.444,,311.222,False
Kepler-48 c,Kepler-48,Transit,2012.0,9.67395,14.61,2.71,,306.738,False
Kepler-84 c,Kepler-84,Transit,2012.0,12.883,,2.36,,1023.9,False
Kepler-65 b,Kepler-65,Transit,2012.0,2.15491,,1.42,,303.728,False
Kepler-57 b,Kepler-57,Transit,2012.0,5.72,25.06,3.135,,644.14,False
Kepler-56 c,Kepler-56,Transit,2012.0,21.40239,181.0,9.8,,912.994,False
Kepler-59 c,Kepler-59,Transit,2012.0,17.9801235,,1.98,,1163.22,False
Kepler-84 b,Kepler-84,Transit,2012.0,8.726,,2.23,,1023.9,False
Kepler-56 b,Kepler-56,Transit,2012.0,10.5016,22.1,6.51,,912.994,False
CoRoT-21 b,CoRoT-21,Transit,2012.0,2.72474,718.2958,14.5717,,,False
Kepler-58 b,Kepler-58,Transit,2012.0,10.2184954,35.5,2.78,,969.252,False
MOA-bin-1L b,MOA-bin-1L,Microlensing,2012.0,,1200.0,,,5100.0,False
HD 150706 b,HD 150706,Radial Velocity,2012.0,5894.0,861.28,,,28.2697,False
WASP-77 A b,WASP-77 A,Transit,2012.0,1.360029395,529.31142902,,,105.166,False
GJ 676 A d,GJ 676 A,Radial Velocity,2012.0,3.60076,3.81394088,,,16.0272,False
GJ 676 A e,GJ 676 A,Radial Velocity,2012.0,35.47358,6.67439655,,,16.0272,False
kap And b,kap And,Imaging,2012.0,,5498.4314411,15.91675259,1791.0,50.0177,False
MOA-2010-BLG-073L b,MOA-2010-BLG-073L,Microlensing,2012.0,,3500.0,,,2800.0,False
HD 219077 b,HD 219077,Radial Velocity,2012.0,5478.68861,3057.50927534,,,29.1864,False
OGLE-2012-BLG-0026L b,OGLE-2012-BLG-0026L,Microlensing,2012.0,,46.1,,,4019.0,False
OGLE-2012-BLG-0026L c,OGLE-2012-BLG-0026L,Microlensing,2012.0,,270.0,,,4019.0,False
WASP-64 b,WASP-64,Transit,2012.0,1.5732918,403.945,14.247,1689.0,369.926,False
GJ 433 b,GJ 433,Radial Velocity,2011.0,7.3705,6.043,,,9.06456,False
Kepler-32 c,Kepler-32,Transit,2011.0,8.7522,158.9,2.0,,323.847,False
Kepler-29 c,Kepler-29,Transit,2011.0,13.28613,4.5,2.34,,832.532,False
Kepler-20 c,Kepler-20,Transit,2011.0,10.8540774,11.1,2.894,828.0,282.563,False
Kepler-42 b,Kepler-42,Transit,2011.0,1.2137672,,0.78,519.0,40.0595,False
7 CMa b,7 CMa,Radial Velocity,2011.0,735.1,587.9855,,,19.8101,False
BD+48 738 b,BD+48 738,Radial Velocity,2011.0,392.6,289.2253,,,871.493,False
WASP-48 b,WASP-48,Transit,2011.0,2.14363,254.264,16.8135,,454.144,False
WASP-50 b,WASP-50,Transit,2011.0,1.9551,466.828704,13.069694,1394.84,184.848,False
CoRoT-16 b,CoRoT-16,Transit,2011.0,5.35227,170.032,13.11,,732.409,False
HIP 5158 c,HIP 5158,Radial Velocity,2011.0,9017.76,4780.1632,,,51.6026,False
HU Aqr AB b,HU Aqr,Eclipse Timing Variations,2011.0,2390.0,1875.197,,,,False
HU Aqr AB c,HU Aqr,Eclipse Timing Variations,2011.0,4368.0,1430.235,,,,False
HD 96063 b,HD 96063,Radial Velocity,2011.0,362.5,403.6441,,,140.065,False
HD 96127 b,HD 96127,Radial Velocity,2011.0,647.29999,6661.7168,,,587.659,False
HD 98219 b,HD 98219,Radial Velocity,2011.0,433.8,624.21812,,,113.704,False
HD 99706 b,HD 99706,Radial Velocity,2011.0,841.0,390.9309,,,146.6,False
HIP 57274 b,HIP 57274,Radial Velocity,2011.0,8.1352,6.3566,,,25.8618,False
HIP 57274 c,HIP 57274,Radial Velocity,2011.0,32.03,130.0,,,25.8618,False
HIP 57274 d,HIP 57274,Radial Velocity,2011.0,431.7,167.4,,,25.8618,False
MOA-2009-BLG-266L b,MOA-2009-BLG-266L,Microlensing,2011.0,2800.0,10.4,,,3040.0,False
Qatar-2 b,Qatar-2,Transit,2011.0,1.33711647,792.635,14.056,1344.0,181.374,False
TrES-5 b,TrES-5,Transit,2011.0,1.48224686,568.9157,13.383546,1480.0,360.313,False
HD 5891 b,HD 5891,Radial Velocity,2011.0,177.11,2425.0429,,,283.502,False
HD 7199 b,HD 7199,Radial Velocity,2011.0,615.0,85.8141,,,36.1531,False
HD 7449 b,HD 7449,Radial Velocity,2011.0,1270.55195,2597.92939882,,,38.662,False
HD 79498 b,HD 79498,Radial Velocity,2011.0,1807.0,425.8922,,,48.9489,False
HD 82886 b,HD 82886,Radial Velocity,2011.0,705.0,740.5439,,,127.061,False
HD 217786 b,HD 217786,Radial Velocity,2011.0,1301.36009,4402.55909376,,,55.4847,False
HD 220773 b,HD 220773,Radial Velocity,2011.0,3724.7,460.8,,,50.5103,False
HD 22781 b,HD 22781,Radial Velocity,2011.0,528.07,4338.2,,,32.6034,False
HD 240237 b,HD 240237,Radial Velocity,2011.0,745.70001,5050.3187,,,933.377,False
HD 28678 b,HD 28678,Radial Velocity,2011.0,380.2,490.09386,,,189.908,False
HD 30856 b,HD 30856,Radial Velocity,2011.0,847.0,491.68301,,,131.199,False
HD 33142 b,HD 33142,Radial Velocity,2011.0,330.0,400.46379282,,,121.375,False
HD 18742 b,HD 18742,Radial Velocity,2011.0,766.0,1080.622,,,162.685,False
HD 192310 b,HD 192310,Radial Velocity,2011.0,74.72,16.9,,355.0,8.79687,False
HD 192310 c,HD 192310,Radial Velocity,2011.0,525.8,24.0,,185.0,8.79687,True
HD 204941 b,HD 204941,Radial Velocity,2011.0,1733.0,73.1009,,,28.7165,False
HD 20794 b,HD 20794,Radial Velocity,2011.0,18.314,2.15,,,6.00278,False
HD 20794 d,HD 20794,Radial Velocity,2011.0,89.68,2.98,,,6.00278,False
HD 131496 b,HD 131496,Radial Velocity,2011.0,896.0,572.094,,,131.849,False
HD 132563 b,HD 132563,Radial Velocity,2011.0,1544.0,473.547,,,105.155,False
HD 137388 b,HD 137388,Radial Velocity,2011.0,330.0,63.566,,,40.4841,False
HD 142245 b,HD 142245,Radial Velocity,2011.0,1299.0,975.7381,,,97.2305,False
HD 1502 b,HD 1502,Radial Velocity,2011.0,428.5,874.0325,,,190.953,False
HD 152581 b,HD 152581,Radial Velocity,2011.0,686.5,594.02427,,,165.76,False
HD 156279 b,HD 156279,Radial Velocity,2011.0,133.40355,2997.75753482,,,36.1945,False
HD 158038 b,HD 158038,Radial Velocity,2011.0,521.0,486.2799,,,94.8625,False
HAT-P-27 b,HAT-P-27,Transit,2011.0,3.039577,197.05,11.43,,199.173,False
HAT-P-28 b,HAT-P-28,Transit,2011.0,3.257215,198.953,13.585,1384.0,401.319,False
HAT-P-29 b,HAT-P-29,Transit,2011.0,5.72319,279.6904,13.11453,,313.576,False
HAT-P-30 b,HAT-P-30,Transit,2011.0,2.8106,263.7989,16.14096,,213.985,False
HAT-P-31 b,HAT-P-31,Transit,2011.0,5.00542,721.4741,12.21781,,344.05,False
HAT-P-32 b,HAT-P-32,Transit,2011.0,2.1500082,216.1244,22.19382,1835.7,289.205,False
HAT-P-33 b,HAT-P-33,Transit,2011.0,3.47447,292.4036,20.73665,,396.11,False
HAT-P-34 b,HAT-P-34,Transit,2011.0,5.452654,1058.3739,13.417173,,249.325,False
HAT-P-35 b,HAT-P-35,Transit,2011.0,3.646706,335.62848,14.930388,,506.965,False
HAT-P-36 b,HAT-P-36,Transit,2011.0,1.32734683,587.413406,14.313893,1780.97,294.419,False
HAT-P-37 b,HAT-P-37,Transit,2011.0,2.797436,371.528,13.204,1271.0,390.594,False
HD 100655 b,HD 100655,Radial Velocity,2011.0,157.57001,511.7063,,,137.178,False
HD 102329 b,HD 102329,Radial Velocity,2011.0,778.09998,2593.4928,,,217.107,False
HD 106270 b,HD 106270,Radial Velocity,2011.0,1888.0,3219.6179,,,93.808,False
HD 108863 b,HD 108863,Radial Velocity,2011.0,437.7,767.24162,,,164.742,False
HD 116029 b,HD 116029,Radial Velocity,2011.0,670.0,444.962,,,123.245,False
CoRoT-17 b,CoRoT-17,Transit,2011.0,3.7681,772.29,11.43,1626.0,1176.12,False
CoRoT-18 b,CoRoT-18,Transit,2011.0,1.9000693,1102.82,14.68,1550.0,764.889,False
CoRoT-19 b,CoRoT-19,Transit,2011.0,3.89713,352.78,14.46,2000.0,790.663,False
CoRoT-20 b,CoRoT-20,Transit,2011.0,9.24285,1366.669,,,844.061,False
CoRoT-23 b,CoRoT-23,Transit,2011.0,3.6313,889.9,11.77,1660.0,1060.97,False
Kepler-24 c,Kepler-24,Transit,2011.0,12.33,9.99,2.514,,1156.81,False
Kepler-28 c,Kepler-28,Transit,2011.0,8.99,2.06,1.857,,438.359,False
Kepler-33 f,Kepler-33,Transit,2011.0,41.02902,,4.46,,1209.16,False
Kepler-31 b,Kepler-31,Transit,2011.0,20.8613,,5.5,,1664.64,False
Kepler-33 d,Kepler-33,Transit,2011.0,21.77596,,5.35,,1209.16,False
Kepler-39 b,Kepler-39,Transit,2011.0,21.08721,6388.1,13.9,897.0,1057.41,False
Kepler-32 b,Kepler-32,Transit,2011.0,5.90124,1303.0,2.2,,323.847,False
Kepler-29 b,Kepler-29,Transit,2011.0,10.33974,5.0,2.55,,832.532,False
Kepler-28 b,Kepler-28,Transit,2011.0,5.91,1.63,1.959,,438.359,False
Kepler-10 b,Kepler-10,Transit,2011.0,0.8374907,3.24,1.47,2188.0,185.506,False
Kepler-10 c,Kepler-10,Transit,2011.0,45.294301,11.29,2.355,579.0,185.506,False
Kepler-19 b,Kepler-19,Transit,2011.0,9.28699,6.1,2.209,851.0,218.562,False
Kepler-27 b,Kepler-27,Transit,2011.0,15.3348,2895.31,4.0,,1044.36,False
Kepler-27 c,Kepler-27,Transit,2011.0,31.3309,4385.87,4.9,,1044.36,False
Kepler-35 b,Kepler-35,Transit,2011.0,131.458,40.363,8.16,,1819.17,False
Kepler-22 b,Kepler-22,Transit,2011.0,289.863876,9.1,2.1,279.0,194.642,True
Kepler-23 c,Kepler-23,Transit,2011.0,10.74,7.81,3.005,,835.756,False
Kepler-12 b,Kepler-12,Transit,2011.0,4.4379629,137.30256,19.660586,1480.0,881.386,False
Kepler-18 d,Kepler-18,Transit,2011.0,14.85888,16.4,6.98,,433.047,False
Kepler-20 f,Kepler-20,Transit,2011.0,19.578328,1.4,0.952,681.0,282.563,False
Kepler-33 b,Kepler-33,Transit,2011.0,5.66793,,1.74,,1209.16,False
Kepler-34 b,Kepler-34,Transit,2011.0,288.822,69.92,8.564,,1800.82,False
Kepler-20 d,Kepler-20,Transit,2011.0,77.611455,13.4,2.606,430.0,282.563,False
Kepler-20 b,Kepler-20,Transit,2011.0,3.6961049,9.7,1.773,1187.0,282.563,False
Kepler-26 c,Kepler-26,Transit,2011.0,17.2559,6.2,2.72,,335.307,False
CD-35 2722 b,CD-35 2722,Imaging,2011.0,,9375.9380065,17.37392009,,22.3896,False
Kepler-25 c,Kepler-25,Transit,2011.0,12.7207,15.2,5.217,,243.249,False
Kepler-25 b,Kepler-25,Transit,2011.0,6.238297,8.7,2.748,,243.249,False
Kepler-45 b,Kepler-45,Transit,2011.0,2.455239,160.497,10.76,1000.0,381.949,False
Kepler-33 c,Kepler-33,Transit,2011.0,13.17562,,3.2,,1209.16,False
Kepler-23 b,Kepler-23,Transit,2011.0,7.1,2.56,1.638,,835.756,False
Kepler-33 e,Kepler-33,Transit,2011.0,31.7844,,4.02,,1209.16,False
Kepler-42 d,Kepler-42,Transit,2011.0,1.865169,,0.57,450.0,40.0595,False
Kepler-18 b,Kepler-18,Transit,2011.0,3.504725,6.9,2.0,,433.047,False
Kepler-20 e,Kepler-20,Transit,2011.0,6.0984882,0.76,0.821,1004.0,282.563,False
Kepler-16 b,Kepler-16,Transit,2011.0,228.776,105.833,8.4493,,75.0852,False
Kepler-31 c,Kepler-31,Transit,2011.0,42.6318,1493.7,5.3,,1664.64,False
Kepler-42 c,Kepler-42,Transit,2011.0,0.45328509,,0.73,720.0,40.0595,False
Kepler-24 b,Kepler-24,Transit,2011.0,8.14,11.14,2.348,,1156.81,False
Kepler-15 b,Kepler-15,Transit,2011.0,4.942782,209.76,10.76,,739.412,False
Kepler-44 b,Kepler-44,Transit,2011.0,3.2467293,317.82,12.22,1544.0,1188.0,False
Kepler-41 b,Kepler-41,Transit,2011.0,1.8555582,177.98,14.46,1790.0,1093.08,False
Kepler-26 b,Kepler-26,Transit,2011.0,12.28,5.12,2.78,,335.307,False
Kepler-43 b,Kepler-43,Transit,2011.0,3.0240949,1026.5909,13.663771,1620.0,1005.84,False
KOI-13 b,KOI-13,Transit,2011.0,1.763588,2949.4624,16.948008,2550.0,519.096,False
Kepler-14 b,Kepler-14,Transit,2011.0,6.790123,2669.66,12.733,,,False
Kepler-17 b,Kepler-17,Transit,2011.0,1.4857108,778.65,14.68,1570.0,720.753,False
Kepler-18 c,Kepler-18,Transit,2011.0,7.64159,17.3,5.49,,433.047,False
UZ For b,UZ For,Eclipse Timing Variations,2011.0,5840.0,2002.2,,,,False
UZ For c,UZ For,Eclipse Timing Variations,2011.0,1916.25,2447.2,,,,False
HD 222155 b,HD 222155,Radial Velocity,2011.0,3999.0,673.7996,,,50.6078,False
Kepler-19 c,Kepler-19,Transit Timing Variations,2011.0,28.731,13.1,,,218.562,False
CFBDSIR J145829+101343 b,CFBDSIR J145829+101343,Imaging,2011.0,10037.5,3337.1,,370.0,,False
WD 0806-661 b,WD 0806-661,Imaging,2011.0,,2542.627256,,340.0,19.2444,False
PSR J1719-1438 b,PSR J1719-1438,Pulsar Timing,2011.0,0.090706293,382.8,,,1200.0,False
NY Vir b,NY Vir,Eclipse Timing Variations,2011.0,3160.0,845.4278,,,544.024,False
KOI-55 b,KOI-55,Orbital Brightness Modulation,2011.0,0.240104,0.44,0.759,,1231.02,False
KOI-55 c,KOI-55,Orbital Brightness Modulation,2011.0,0.342887,0.655,0.867,,1231.02,False
WASP-35 b,WASP-35,Transit,2011.0,3.16158,225.6593,14.5717,,202.218,False
WASP-36 b,WASP-36,Transit,2011.0,1.53736596,750.39663,14.874343,1733.0,386.346,False
WASP-39 b,WASP-39,Transit,2011.0,4.0552941,89.31023,14.336311,1166.0,213.982,False
WASP-43 b,WASP-43,Transit,2011.0,0.813475,565.714,10.424,,86.7467,False
WASP-44 b,WASP-44,Transit,2011.0,2.423804,276.5121,12.3299,1337.0,364.512,False
WASP-45 b,WASP-45,Transit,2011.0,3.126089,306.38812,10.603714,1153.0,211.196,False
WASP-46 b,WASP-46,Transit,2011.0,1.43036763,607.0553,13.159366,1636.0,375.31,False
HD 10180 d,HD 10180,Radial Velocity,2010.0,16.357,12.013974,,,38.9607,False
HD 10180 e,HD 10180,Radial Velocity,2010.0,49.748,25.585315,,,38.9607,False
HD 10180 f,HD 10180,Radial Velocity,2010.0,122.744,22.947326,,,38.9607,False
HD 10180 g,HD 10180,Radial Velocity,2010.0,604.67,23.265156,,,38.9607,False
HD 10180 h,HD 10180,Radial Velocity,2010.0,2205.0,65.663678,,,38.9607,False
HD 102956 b,HD 102956,Radial Velocity,2010.0,6.4947,305.1168,,,121.89,False
HD 109246 b,HD 109246,Radial Velocity,2010.0,68.27,273.3338,,,67.8349,False
HD 113538 b,HD 113538,Radial Velocity,2010.0,663.2,114.41,,,16.2817,False
HD 113538 c,HD 113538,Radial Velocity,2010.0,1818.0,295.57,,,16.2817,False
CoRoT-10 b,CoRoT-10,Transit,2010.0,13.2406,874.0,10.87,600.0,338.386,False
CoRoT-11 b,CoRoT-11,Transit,2010.0,2.99433,740.51,16.03,1657.0,655.037,False
CoRoT-12 b,CoRoT-12,Transit,2010.0,2.828042,291.438,16.14,1442.0,1126.37,False
CoRoT-13 b,CoRoT-13,Transit,2010.0,4.03519,415.704,9.92,1700.0,1148.93,False
CoRoT-14 b,CoRoT-14,Transit,2010.0,1.51214,2415.4,12.22,1952.0,1744.6,False
CoRoT-8 b,CoRoT-8,Transit,2010.0,6.21229,69.92,6.39,,322.037,False
GJ 3634 b,GJ 3634,Radial Velocity,2010.0,2.64561,8.4,,,20.3779,False
GJ 676 A b,GJ 676 A,Radial Velocity,2010.0,1051.44521,1840.86213334,,,16.0272,False
GJ 876 e,GJ 876,Radial Velocity,2010.0,124.26,14.6,,,4.67517,False
GSC 06214-00210 b,GSC 06214-00210,Imaging,2010.0,,5000.0,,2300.0,108.5,False
HAT-P-14 b,HAT-P-14,Transit,2010.0,4.62767,1093.3352,15.91678,,222.663,False
HAT-P-15 b,HAT-P-15,Transit,2010.0,10.8635,616.5902,11.88154,,192.516,False
HAT-P-16 b,HAT-P-16,Transit,2010.0,,,14.68376472,1566.0,226.637,False
HAT-P-17 b,HAT-P-17,Transit,2010.0,10.33852,184.3414,11.76945,,92.3831,False
HAT-P-17 c,HAT-P-17,Radial Velocity,2010.0,5584.0,1080.6,,,92.3831,False
HAT-P-18 b,HAT-P-18,Transit,2010.0,5.508023,62.61,11.153,852.0,161.4,False
HAT-P-19 b,HAT-P-19,Transit,2010.0,4.00878322,88.03846874,11.29865255,981.2,202.078,False
HAT-P-20 b,HAT-P-20,Transit,2010.0,2.875317,2302.899,9.718,970.0,71.0374,False
HAT-P-21 b,HAT-P-21,Transit,2010.0,4.12448,1547.8321,12.44199,,277.278,False
Kepler-9 d,Kepler-9,Transit,2010.0,1.592851,,1.64,2026.0,628.257,False
Kepler-8 b,Kepler-8,Transit,2010.0,3.5224991,187.5197,15.871944,1680.0,1021.87,False
24 Sex b,24 Sex,Radial Velocity,2010.0,452.8,632.46,,,72.0691,False
24 Sex c,24 Sex,Radial Velocity,2010.0,883.0,273.32,,,72.0691,False
2MASS J04414489+2301513 b,2MASS J04414489+2301513,Imaging,2010.0,,2383.6,,,,False
Kepler-11 c,Kepler-11,Transit,2010.0,13.0241,2.9,2.87,,646.346,False
Kepler-9 c,Kepler-9,Transit,2010.0,38.9853,29.9,8.08,,628.257,False
Kepler-40 b,Kepler-40,Transit,2010.0,6.87349,699.2,13.11,1620.0,2305.01,False
Kepler-11 g,Kepler-11,Transit,2010.0,118.3807,25.0,3.33,,646.346,False
Kepler-9 b,Kepler-9,Transit,2010.0,19.23891,43.4,8.29,,628.257,False
Kepler-11 f,Kepler-11,Transit,2010.0,46.6888,2.0,2.49,,646.346,False
Kepler-11 d,Kepler-11,Transit,2010.0,22.6845,7.3,3.12,,646.346,False
Kepler-11 e,Kepler-11,Transit,2010.0,31.9996,8.0,4.19,,646.346,False
Kepler-11 b,Kepler-11,Transit,2010.0,10.3039,1.9,1.8,,646.346,False
KOI-217 b,KOI-217,Transit,2010.0,3.90512,,12.442,,914.699,False
NN Ser d,NN Ser,Eclipse Timing Variations,2010.0,2880.0,696.04421133,,,515.818,False
Ross 458 c,Ross 458,Imaging,2010.0,,1906.98,14.01125,,11.5094,False
SR 12 AB c,SR 12 AB,Imaging,2010.0,,4131.62,,,,False
WASP-23 b,WASP-23,Transit,2010.0,2.9444256,280.95,10.783,,207.49,False
WASP-21 b,WASP-21,Transit,2010.0,4.322482,95.345,11.99,,258.426,False
WASP-22 b,WASP-22,Transit,2010.0,3.53269,212.9461,13.78707,,317.652,False
WASP-24 b,WASP-24,Transit,2010.0,2.34121,394.1092,15.46842,,322.114,False
WASP-25 b,WASP-25,Transit,2010.0,3.7648337,179.25522155,13.80946422,1217.0,211.416,False
WASP-26 b,WASP-26,Transit,2010.0,2.7566,270.1555,13.56289,,252.759,False
WASP-29 b,WASP-29,Transit,2010.0,3.92273,73.1009,8.63093,,87.5953,False
WASP-31 b,WASP-31,Transit,2010.0,3.4059096,151.916,17.363,,383.829,False
WASP-32 b,WASP-32,Transit,2010.0,2.71866,835.8929,10.76064,,275.994,False
WASP-33 b,WASP-33,Transit,2010.0,1.21987,665.21819,17.855937,2781.7,121.944,False
WASP-34 b,WASP-34,Transit,2010.0,4.31768,177.9848,11.209,,132.096,False
WASP-37 b,WASP-37,Transit,2010.0,3.577469,572.07,13.002,,392.791,False
WASP-38 b,WASP-38,Transit,2010.0,6.87188,1093.3352,13.78707,,136.24,False
WASP-8 b,WASP-8,Transit,2010.0,8.15872,807.2882,12.66617,,89.9606,False
XO-4 b,XO-4,Transit,2010.0,4.12508,451.3186,14.01125,,272.655,False
alf Ari b,alf Ari,Radial Velocity,2010.0,380.8,572.07,,,20.21019,False
HD 180314 b,HD 180314,Radial Velocity,2010.0,394.73,7216.92963775,,,122.362,False
HD 38283 b,HD 38283,Radial Velocity,2010.0,363.20001,127.132,,,38.0615,False
NN Ser c,NN Ser,Eclipse Timing Variations,2010.0,6987.0,3086.11383197,,,515.818,False
HD 97658 b,HD 97658,Radial Velocity,2010.0,9.4897116,8.3,2.12,751.0,21.5618,False
HIP 12961 b,HIP 12961,Radial Velocity,2010.0,57.435,114.4188,,,23.371,False
GJ 1148 b,GJ 1148,Radial Velocity,2010.0,41.38,96.7,,,11.0143,False
HIP 78530 b,HIP 78530,Imaging,2010.0,,7300.0,,2700.0,136.759,False
HR 8799 e,HR 8799,Imaging,2010.0,,3178.3,13.11453,1150.0,41.2441,False
MOA-2009-BLG-319L b,MOA-2009-BLG-319L,Microlensing,2010.0,,67.3,,,7050.0,False
MOA-2009-BLG-387L b,MOA-2009-BLG-387L,Microlensing,2010.0,1980.0,830.0,,,5690.0,False
Qatar-1 b,Qatar-1,Transit,2010.0,1.4200242,411.27202,12.811887,1418.0,185.615,False
HD 8535 b,HD 8535,Radial Velocity,2010.0,1313.0,216.1244,,,55.4401,False
HD 218566 b,HD 218566,Radial Velocity,2010.0,225.7,63.566,,,28.8274,False
HD 25171 b,HD 25171,Radial Velocity,2010.0,1802.29,290.81445,,,55.6146,False
HD 28254 b,HD 28254,Radial Velocity,2010.0,1333.0,1207.7479466,,,55.2884,False
HD 31253 b,HD 31253,Radial Velocity,2010.0,466.0,197.0546,,,58.1438,False
HD 43197 b,HD 43197,Radial Velocity,2010.0,308.92072,175.75910907,,,62.4112,False
HD 44219 b,HD 44219,Radial Velocity,2010.0,472.0,184.34047606,,,52.9051,False
HD 164509 b,HD 164509,Radial Velocity,2010.0,280.17,140.79869,,,53.1119,False
HD 1690 b,HD 1690,Radial Velocity,2010.0,533.0,2793.7257,,,752.615,False
HD 177830 c,HD 177830,Radial Velocity,2010.0,110.9,47.6725,,,62.7674,False
HD 200964 b,HD 200964,Radial Velocity,2010.0,606.3,508.21017,,,72.5922,False
HD 200964 c,HD 200964,Radial Velocity,2010.0,852.5,385.84562,,,72.5922,False
HD 204313 b,HD 204313,Radial Velocity,2010.0,2041.11539,1466.7780983,,,47.7945,False
HD 145457 b,HD 145457,Radial Velocity,2010.0,176.13,888.01256916,,,135.292,False
HD 1461 b,HD 1461,Radial Velocity,2010.0,5.77152,6.44,,,23.4534,False
HD 156668 b,HD 156668,Radial Velocity,2010.0,4.6455,4.15,,,24.3323,False
HD 163607 b,HD 163607,Radial Velocity,2010.0,75.2203,249.051588,,,67.7855,False
HD 163607 c,HD 163607,Radial Velocity,2010.0,1272.0,699.54383,,,67.7855,False
HAT-P-22 b,HAT-P-22,Transit,2010.0,3.21222,785.0401,12.89035,,81.7647,False
HAT-P-23 b,HAT-P-23,Transit,2010.0,1.212884,664.237,15.334,2056.0,364.813,False
HAT-P-24 b,HAT-P-24,Transit,2010.0,3.35524,238.3725,14.5717,,415.344,False
HAT-P-25 b,HAT-P-25,Transit,2010.0,3.65281514,180.84527,12.722215,1182.0,300.384,False
HAT-P-26 b,HAT-P-26,Transit,2010.0,4.23452,22.2481,7.06167,,141.837,False
HD 10180 c,HD 10180,Radial Velocity,2010.0,5.75969,13.221728,,,38.9607,False
HD 104067 b,HD 104067,Radial Velocity,2009.0,55.851,62.1,,,20.3632,False
HD 110014 b,HD 110014,Radial Velocity,2009.0,835.477,3524.59,,,100.758,False
CoRoT-5 b,CoRoT-5,Transit,2009.0,4.0378962,148.42,15.558,1438.0,882.472,False
CoRoT-6 b,CoRoT-6,Transit,2009.0,8.886593,940.74,13.068,1017.0,645.294,False
CoRoT-7 b,CoRoT-7,Transit,2009.0,0.85359163,4.07660518,1.68135,,159.906,False
CoRoT-7 c,CoRoT-7,Radial Velocity,2009.0,3.698,8.4,,,159.906,False
CoRoT-9 b,CoRoT-9,Transit,2009.0,95.272656,266.9772,11.948794,420.0,412.98,False
DP Leo b,DP Leo,Eclipse Timing Variations,2009.0,10220.0,1922.79,,,305.684,False
gam1 Leo b,gam1 Leo,Radial Velocity,2009.0,428.5,2790.43,,,39.8883,False
GJ 1214 b,GJ 1214,Transit,2009.0,1.580404531,8.41,2.733,567.0,14.6427,False
GJ 649 b,GJ 649,Radial Velocity,2009.0,600.1,81.99972901,,,10.3796,False
GJ 179 b,GJ 179,Radial Velocity,2009.0,2288.0,260.61,,,12.356,False
GJ 581 e,GJ 581,Radial Velocity,2009.0,3.1481,2.48,,,6.2981,False
HAT-P-12 b,HAT-P-12,Transit,2009.0,3.2130598,67.059,10.749,963.0,142.751,False
HAT-P-13 b,HAT-P-13,Transit,2009.0,2.91625,270.462,14.258,,246.81,False
HAT-P-13 c,HAT-P-13,Radial Velocity,2009.0,446.27,4538.421,,,246.81,False
Kepler-6 b,Kepler-6,Transit,2009.0,3.2346996,212.31044,14.616536,1460.0,587.039,False
11 UMi b,11 UMi,Radial Velocity,2009.0,516.21997,4684.8142,,,125.321,False
47 UMa d,47 UMa,Radial Velocity,2009.0,14002.0,521.22,,,13.7967,False
61 Vir b,61 Vir,Radial Velocity,2009.0,4.215,5.1,,,8.50332,False
61 Vir c,61 Vir,Radial Velocity,2009.0,38.021,18.2,,,8.50332,False
61 Vir d,61 Vir,Radial Velocity,2009.0,123.01,22.9,,,8.50332,False
BD-08 2823 b,BD-08 2823,Radial Velocity,2009.0,5.6,12.7132,,,41.3342,False
BD-08 2823 c,BD-08 2823,Radial Velocity,2009.0,237.6,104.0,,,41.3342,False
BD+14 4559 b,BD+14 4559,Radial Velocity,2009.0,268.94,330.5432,,,49.352,False
BD+20 2457 b,BD+20 2457,Radial Velocity,2009.0,379.63,6807.63,,,1539.71,False
BD+20 2457 c,BD+20 2457,Radial Velocity,2009.0,621.99,3963.17,,,1539.71,False
Kepler-7 b,Kepler-7,Transit,2009.0,4.8854892,140.16303,18.180998,1630.0,922.562,False
Kepler-5 b,Kepler-5,Transit,2009.0,3.5484657,670.93913,15.984034,1750.0,899.777,False
Kepler-4 b,Kepler-4,Transit,2009.0,3.21346,24.472,4.002,1650.0,487.916,False
WASP-13 b,WASP-13,Transit,2009.0,4.35301,114.4188,13.67498,,227.537,False
WASP-15 b,WASP-15,Transit,2009.0,3.7521,171.6282,15.80469,,282.091,False
WASP-16 b,WASP-16,Transit,2009.0,3.1186,394.1092,13.67498,,194.134,False
WASP-17 b,WASP-17,Transit,2009.0,3.73543,247.9074,20.96083,,405.908,False
WASP-18 b,WASP-18,Transit,2009.0,0.94145223,3241.8497514,13.89913607,2429.0,123.483,False
WASP-19 b,WASP-19,Transit,2009.0,0.78883852,366.77398168,15.86070769,2113.0,268.325,False
WASP-6 b,WASP-6,Transit,2009.0,3.3610026,148.42586607,12.5428494,1167.0,197.119,False
HD 9446 c,HD 9446,Radial Velocity,2009.0,192.9,578.426,,,50.3503,False
HD 95089 b,HD 95089,Radial Velocity,2009.0,464.4,400.4658,,,136.957,False
HD 96167 b,HD 96167,Radial Velocity,2009.0,498.04,227.88411,,,85.3006,False
HIP 14810 d,HIP 14810,Radial Velocity,2009.0,981.8,187.5197,,,50.48,False
HIP 5158 b,HIP 5158,Radial Velocity,2009.0,345.72,451.0,,,51.6026,False
HIP 70849 b,HIP 70849,Radial Velocity,2009.0,3649.0,1430.2278315,,,24.0572,False
HIP 79431 b,HIP 79431,Radial Velocity,2009.0,111.7,667.415,,,14.5324,False
MOA-2008-BLG-310L b,MOA-2008-BLG-310L,Microlensing,2009.0,,23.4,,,7700.0,False
OGLE-2007-BLG-368L b,OGLE-2007-BLG-368L,Microlensing,2009.0,,20.0,,,5900.0,False
HD 63765 b,HD 63765,Radial Velocity,2009.0,358.0,168.4499,,,32.5376,False
HD 85390 b,HD 85390,Radial Velocity,2009.0,799.52,31.46517,,,33.5225,False
HD 86226 b,HD 86226,Radial Velocity,2009.0,1628.0,143.0235,,176.0,45.683,False
HD 86264 b,HD 86264,Radial Velocity,2009.0,1488.79123,3117.26101586,,,67.8107,False
HD 8673 b,HD 8673,Radial Velocity,2009.0,1644.69097,4210.59073594,,,37.8619,False
HD 87883 b,HD 87883,Radial Velocity,2009.0,3006.0,2005.49724817,,,18.2912,False
HD 89307 b,HD 89307,Radial Velocity,2009.0,2166.0,670.6213,,,32.0104,False
HD 90156 b,HD 90156,Radial Velocity,2009.0,49.77,17.98,,,21.9496,False
HD 9446 b,HD 9446,Radial Velocity,2009.0,30.052,222.472,,,50.3503,False
HD 215497 b,HD 215497,Radial Velocity,2009.0,3.93404,6.3566,,,40.5468,False
HD 215497 c,HD 215497,Radial Velocity,2009.0,566.0,111.23994245,,,40.5468,False
HD 240210 b,HD 240210,Radial Velocity,2009.0,501.75,1655.82,,,372.405,False
HD 290327 b,HD 290327,Radial Velocity,2009.0,2443.0,772.3269,,,56.433,False
HD 30562 b,HD 30562,Radial Velocity,2009.0,1157.0,387.7526,,,26.1597,False
HD 32518 b,HD 32518,Radial Velocity,2009.0,157.35,905.49313154,,,122.115,False
HD 34445 b,HD 34445,Radial Velocity,2009.0,1049.0,260.6206,,,46.0907,False
HD 38801 b,HD 38801,Radial Velocity,2009.0,685.25,3082.31534,,,91.4349,False
HD 40307 b,HD 40307,Radial Velocity,2009.0,4.3123,4.0,,,12.9363,False
HD 40307 c,HD 40307,Radial Velocity,2009.0,9.6184,6.6,,,12.9363,False
HD 40307 d,HD 40307,Radial Velocity,2009.0,20.432,9.5,,,12.9363,False
HD 4313 b,HD 4313,Radial Velocity,2009.0,356.21,612.45841,,,136.308,False
HD 164604 b,HD 164604,Radial Velocity,2009.0,653.9,4195.3349724,,,39.3633,False
HD 171238 b,HD 171238,Radial Velocity,2009.0,1515.0,2796.8899816,,,44.8113,False
HD 175167 b,HD 175167,Radial Velocity,2009.0,1175.0,4703.8604236,,,71.0863,False
HD 180902 b,HD 180902,Radial Velocity,2009.0,510.9,535.54355,,,104.577,False
HD 181342 b,HD 181342,Radial Velocity,2009.0,564.1,807.2882,,,120.391,False
HD 181720 b,HD 181720,Radial Velocity,2009.0,956.0,127.132,,,60.2046,False
HD 190984 b,HD 190984,Radial Velocity,2009.0,4885.0,985.2,,,148.187,False
HD 206610 b,HD 206610,Radial Velocity,2009.0,673.2,647.10188,,,147.192,False
HD 212771 b,HD 212771,Radial Velocity,2009.0,380.7,759.6137,,,111.155,False
HD 125595 b,HD 125595,Radial Velocity,2009.0,9.6737,6.3566,,,28.1989,False
HD 125612 c,HD 125612,Radial Velocity,2009.0,4.15466,15.57359194,,,57.6207,False
HD 125612 d,HD 125612,Radial Velocity,2009.0,2822.72698,2281.37230545,,,57.6207,False
HD 126614 b,HD 126614,Radial Velocity,2009.0,1257.25303,107.74382997,,,73.0961,False
HD 129445 b,HD 129445,Radial Velocity,2009.0,1840.0,508.507,,,67.4386,False
HD 134987 c,HD 134987,Radial Velocity,2009.0,5000.0,260.0,,,26.1804,False
HD 136418 b,HD 136418,Radial Velocity,2009.0,464.29999,680.1562,,,105.168,False
HD 13931 b,HD 13931,Radial Velocity,2009.0,4218.0,699.226,,,47.3963,False
HD 147018 b,HD 147018,Radial Velocity,2009.0,44.236,674.0,,,40.4256,False
HD 147018 c,HD 147018,Radial Velocity,2009.0,1008.0,2080.0,,,40.4256,False
HD 148156 b,HD 148156,Radial Velocity,2009.0,1027.0,270.144,,,57.1289,False
HD 152079 b,HD 152079,Radial Velocity,2009.0,2918.92,845.74563,,,87.8888,False
HD 156411 b,HD 156411,Radial Velocity,2009.0,842.2,235.18,,,56.8655,False
HD 16175 b,HD 16175,Radial Velocity,2009.0,990.0,1620.933,,,59.859,False
HD 103197 b,HD 103197,Radial Velocity,2009.0,47.84,28.6047,,,57.1463,False
HAT-P-7 b,HAT-P-7,Transit,2008.0,2.20474,584.8072,16.92559,,341.079,False
BD-17 63 b,BD-17 63,Radial Velocity,2008.0,655.57,1639.99458012,,,34.4603,False
WASP-11 b,WASP-11,Transit,2008.0,3.72247,251.0857,12.44199,,124.73,False
WASP-12 b,WASP-12,Transit,2008.0,1.091418901,,22.02564708,,427.246,False
WASP-14 b,WASP-14,Transit,2008.0,2.24375,2809.6172,15.46842,,161.997,False
WASP-5 b,WASP-5,Transit,2008.0,1.6284279,502.15,12.184,1706.0,309.137,False
WASP-7 b,WASP-7,Transit,2008.0,4.9546416,305.1168,14.90797,1487.0,162.303,False
XO-5 b,XO-5,Transit,2008.0,4.1877558,378.2,12.78,1230.0,276.211,False
FU Tau b,FU Tau,Imaging,2008.0,,5085.28,,2375.0,,False
HR 8799 b,HR 8799,Imaging,2008.0,170000.0,2000.0,13.0,,41.2441,False
HR 8799 c,HR 8799,Imaging,2008.0,69000.0,3000.0,13.0,,41.2441,False
HR 8799 d,HR 8799,Imaging,2008.0,37000.0,3000.0,13.0,,41.2441,False
MOA-2007-BLG-192L b,MOA-2007-BLG-192L,Microlensing,2008.0,,12.49,,,2160.0,False
MOA-2007-BLG-400L b,MOA-2007-BLG-400L,Microlensing,2008.0,,540.3082919,,,6890.0,False
OGLE-2006-BLG-109L b,OGLE-2006-BLG-109L,Microlensing,2008.0,1788.5,231.0,,,1510.0,False
OGLE-2006-BLG-109L c,OGLE-2006-BLG-109L,Microlensing,2008.0,4927.5,86.0,,,1510.0,False
OGLE2-TR-L9 b,OGLE2-TR-L9,Transit,2008.0,2.4855335,1430.175,18.046,,1627.63,False
USco CTIO 108 b,USco CTIO 108,Imaging,2008.0,,4449.62,,,144.019,False
WASP-10 b,WASP-10,Transit,2008.0,3.0927616,1001.12,12.106,1370.0,140.998,False
HD 45364 b,HD 45364,Radial Velocity,2008.0,225.79,60.16491745,,,34.354,False
HD 45364 c,HD 45364,Radial Velocity,2008.0,345.43,174.48779544,,,34.354,False
HD 45652 b,HD 45652,Radial Velocity,2008.0,44.073,137.62039,,,34.8541,False
HD 47186 b,HD 47186,Radial Velocity,2008.0,4.0845,22.2481,,,37.4574,False
HD 47186 c,HD 47186,Radial Velocity,2008.0,1353.6,111.42,,,37.4574,False
HD 48265 b,HD 48265,Radial Velocity,2008.0,778.51,484.69075,,,90.5446,False
HD 60532 b,HD 60532,Radial Velocity,2008.0,201.9,336.8998,,,25.9716,False
HD 60532 c,HD 60532,Radial Velocity,2008.0,600.1,797.7533,,,25.9716,False
HD 73267 b,HD 73267,Radial Velocity,2008.0,1257.99159,1321.53051631,,,50.4093,False
HD 73534 b,HD 73534,Radial Velocity,2008.0,1750.0,353.42696,,,83.3321,False
HD 7924 b,HD 7924,Radial Velocity,2008.0,5.39792,6.3566,,,16.9922,False
HD 285968 b,HD 285968,Radial Velocity,2008.0,8.7836,8.4,,450.0,9.47045,False
HD 16417 b,HD 16417,Radial Velocity,2008.0,17.24,22.1,,,25.3936,False
HD 173416 b,HD 173416,Radial Velocity,2008.0,322.03,585.12209729,,,132.184,False
HD 179079 b,HD 179079,Radial Velocity,2008.0,14.479,25.74423,,,69.7116,False
HD 181433 b,HD 181433,Radial Velocity,2008.0,9.3745,7.22,,,26.8762,False
HD 181433 c,HD 181433,Radial Velocity,2008.0,1018.5,235.5,,,26.8762,False
HD 181433 d,HD 181433,Radial Velocity,2008.0,6896.1,206.91,,,26.8762,False
HD 183263 c,HD 183263,Radial Velocity,2008.0,4667.97841,2958.98246917,,,54.1955,False
HD 187123 c,HD 187123,Radial Velocity,2008.0,3810.0,632.46,,,45.9548,False
HD 205739 b,HD 205739,Radial Velocity,2008.0,279.8,435.41,,,92.5087,False
HD 20868 b,HD 20868,Radial Velocity,2008.0,380.85001,397.2875,,,47.7223,False
HD 11964 c,HD 11964,Radial Velocity,2008.0,37.91,25.0,,,33.5369,False
HD 139357 b,HD 139357,Radial Velocity,2008.0,1124.79139,6315.5682755,,,112.09,False
HD 143361 b,HD 143361,Radial Velocity,2008.0,1039.15,1122.57556,,,68.5146,False
HD 145377 b,HD 145377,Radial Velocity,2008.0,103.95,1913.3366,,,53.4884,False
HD 153950 b,HD 153950,Radial Velocity,2008.0,499.39999,937.5985,,,48.4549,False
HD 154672 b,HD 154672,Radial Velocity,2008.0,163.94,1706.7471,,,63.0484,False
HAT-P-8 b,HAT-P-8,Transit,2008.0,3.07634,406.8224,15.6926,,211.553,False
HAT-P-9 b,HAT-P-9,Transit,2008.0,3.92281072,238.05467,15.614137,1540.0,455.203,False
HD 102272 b,HD 102272,Radial Velocity,2008.0,127.58,1570.0802,,,347.097,False
HD 11506 c,HD 11506,Radial Velocity,2008.0,223.92,127.1313628,,,51.261,False
bet Pic b,bet Pic,Imaging,2008.0,8617.50952,3727.8093857,,,19.7442,False
CoRoT-1 b,CoRoT-1,Transit,2008.0,1.5089557,327.35,16.7,1898.0,787.909,False
CoRoT-2 b,CoRoT-2,Transit,2008.0,1.7429935,1102.82,16.432,,213.283,False
CoRoT-3 b,CoRoT-3,Transit,2008.0,4.2568,6883.91,11.32,,768.771,False
CoRoT-4 b,CoRoT-4,Transit,2008.0,9.20205,228.83,13.34,1074.0,726.412,False
GJ 832 b,GJ 832,Radial Velocity,2008.0,3853.0,314.65012293,,,4.96435,False
14 And b,14 And,Radial Velocity,2008.0,186.76,1131.15130051,,,75.4392,False
18 Del b,18 Del,Radial Velocity,2008.0,982.85,2926.24614325,,,76.222,False
1RXS J160929.1-210524 b,1RXS J160929.1-210524,Imaging,2008.0,,3000.0,,1700.0,139.135,False
6 Lyn b,6 Lyn,Radial Velocity,2008.0,919.86,597.83523357,,,54.6599,False
81 Cet b,81 Cet,Radial Velocity,2008.0,1005.57,1051.05854195,,,101.26,False
HAT-P-11 b,HAT-P-11,Transit,2008.0,4.888,23.51930212,,,37.7647,False
WASP-1 b,WASP-1,Transit,2007.0,2.5199454,271.415,16.623,,393.072,False
55 Cnc f,55 Cnc,Radial Velocity,2007.0,260.58,48.5,,,12.5855,False
WASP-3 b,WASP-3,Transit,2007.0,1.84683,772.3269,15.91678,,231.161,False
WASP-4 b,WASP-4,Transit,2007.0,1.338230994,381.3940884,15.12091496,1653.0,267.206,False
XO-2 N b,XO-2 N,Transit,2007.0,2.61586178,179.89178,11.130537,,154.273,False
XO-3 b,XO-3,Transit,2007.0,3.19152309,4217.58296089,14.79585452,1890.0,213.053,False
11 Com b,11 Com,Radial Velocity,2007.0,323.21,4914.89848585,,,93.1846,False
kap CrB b,kap CrB,Radial Velocity,2007.0,1253.68,483.73483545,,,30.0651,False
xi Aql b,xi Aql,Radial Velocity,2007.0,136.97,616.90493799,,,56.1858,False
Lupus-TR-3 b,Lupus-TR-3,Transit,2007.0,3.91405,257.431,9.976,,773.409,False
BD-13 2130 b,BD-13 2130,Radial Velocity,2007.0,714.29999,3108.3774,,,925.214,False
OGLE-TR-182 b,OGLE-TR-182,Transit,2007.0,3.9791,320.995,12.666,,2501.75,False
OGLE-TR-211 b,OGLE-TR-211,Transit,2007.0,3.67724,327.351,15.244,,1515.26,False
TrES-3 b,TrES-3,Transit,2007.0,1.30618581,607.03,14.975,,231.337,False
TrES-4 b,TrES-4,Transit,2007.0,3.55395,247.9074,18.04649,,515.98,False
V0391 Peg b,V0391 Peg,Pulsation Timing Variations,2007.0,1170.0,1017.056,,,1195.98,False
HD 5319 b,HD 5319,Radial Velocity,2007.0,637.1,494.54348,,,121.405,False
HD 70573 b,HD 70573,Radial Velocity,2007.0,851.8,1900.0,,,59.182,False
HD 75898 b,HD 75898,Radial Velocity,2007.0,422.82,810.46243785,,,78.0505,False
HD 81688 b,HD 81688,Radial Velocity,2007.0,183.93,525.68818518,,,85.7183,False
HD 219828 b,HD 219828,Radial Velocity,2007.0,3.83483,19.06970442,,,73.114,False
HD 221287 b,HD 221287,Radial Velocity,2007.0,456.1,982.05,,,55.9231,False
HD 231701 b,HD 231701,Radial Velocity,2007.0,141.63,359.1479,,,108.877,False
HD 4113 b,HD 4113,Radial Velocity,2007.0,526.5239,541.26177712,,,41.8727,False
HD 43691 b,HD 43691,Radial Velocity,2007.0,36.9987,810.4665,,,85.6009,False
HD 167042 b,HD 167042,Radial Velocity,2007.0,417.67,444.00628458,,,49.6633,False
HD 170469 b,HD 170469,Radial Velocity,2007.0,1145.0,209.7678,,,60.178,False
HD 17092 b,HD 17092,Radial Velocity,2007.0,359.89999,3219.6179,,,228.422,False
HD 171028 b,HD 171028,Radial Velocity,2007.0,550.0,832.7146,,,111.659,False
HD 17156 b,HD 17156,Radial Velocity,2007.0,21.2164294,1036.12060682,12.26262489,888.0,78.0863,False
HD 175541 b,HD 175541,Radial Velocity,2007.0,298.43,190.06234,,,129.603,False
HD 190647 b,HD 190647,Radial Velocity,2007.0,1176.45,630.89255,,,54.4738,False
HD 192699 b,HD 192699,Radial Velocity,2007.0,340.94,666.17168,,,71.8627,False
HD 196885 A b,HD 196885 A,Radial Velocity,2007.0,1333.0,819.97,,,34.1692,False
HD 210702 b,HD 210702,Radial Velocity,2007.0,355.5,481.5100366,,,54.1963,False
HD 125612 b,HD 125612,Radial Velocity,2007.0,557.69994,945.22168242,,,57.6207,False
HD 132406 b,HD 132406,Radial Velocity,2007.0,908.0,1887.90073758,,,70.7832,False
HD 155358 b,HD 155358,Radial Velocity,2007.0,194.3,314.6517,,,43.6197,False
HD 155358 c,HD 155358,Radial Velocity,2007.0,391.9,261.0,,,43.6197,False
HD 156846 b,HD 156846,Radial Velocity,2007.0,359.51001,3391.2461,,,47.7332,False
HAT-P-2 b,HAT-P-2,Transit,2007.0,5.6335158,2739.6946,,,127.774,False
HAT-P-3 b,HAT-P-3,Transit,2007.0,2.8997,206.5895,10.53646,,134.554,False
HAT-P-4 b,HAT-P-4,Transit,2007.0,3.056536,213.255,14.28,1686.0,320.451,False
HAT-P-5 b,HAT-P-5,Transit,2007.0,2.78849,311.4734,13.56289,,303.336,False
HAT-P-6 b,HAT-P-6,Transit,2007.0,3.85298,419.5356,16.58932,,275.358,False
HD 100777 b,HD 100777,Radial Velocity,2007.0,383.0,390.92894061,,,49.5336,False
HD 11506 b,HD 11506,Radial Velocity,2007.0,1617.7,1525.5763536,,,51.261,False
CT Cha b,CT Cha,Imaging,2007.0,,5403.0,24.66,2600.0,190.72,False
GJ 317 b,GJ 317,Radial Velocity,2007.0,695.69,536.49435102,,,15.1968,False
GJ 674 b,GJ 674,Radial Velocity,2007.0,4.6938,11.09,,,4.54896,False
GJ 581 c,GJ 581,Radial Velocity,2007.0,12.9211,6.81,,,6.2981,False
WASP-2 b,WASP-2,Transit,2007.0,2.152175,295.89973,12.116929,1311.0,153.242,False
TrES-2 b,TrES-2,Transit,2006.0,2.47063,473.5667,15.24424,,215.32,False
4 UMa b,4 UMa,Radial Velocity,2006.0,270.27,2511.48007211,,,73.4603,False
HD 24040 b,HD 24040,Radial Velocity,2006.0,3668.0,1226.8238,,,46.6224,False
HD 203030 b,HD 203030,Imaging,2006.0,,3496.112477,14.4595851,1040.0,39.2503,False
CHXR 73 b,CHXR 73,Imaging,2006.0,,3994.486,,,190.374,False
Oph 11 b,Oph 11,Imaging,2006.0,7300000.0,4449.62,,2175.0,,False
XO-1 b,XO-1,Transit,2006.0,3.94153,263.7989,12.77826,,163.553,False
HN Peg b,HN Peg,Imaging,2006.0,,6991.57,11.7768,,18.1186,False
HIP 14810 c,HIP 14810,Radial Velocity,2006.0,147.747,416.3573,,,50.48,False
OGLE-2005-BLG-169L b,OGLE-2005-BLG-169L,Microlensing,2006.0,,14.1,,,4100.0,False
SWEEPS-4 b,SWEEPS-4,Transit,2006.0,4.2,1207.7,9.079,,,False
SWEEPS-11 b,SWEEPS-11,Transit,2006.0,1.796,3082.82,12.666,,,False
HD 62509 b,HD 62509,Radial Velocity,2006.0,589.64,731.0,,,,False
HD 69830 b,HD 69830,Radial Velocity,2006.0,8.667,10.2,,,12.5591,False
HD 69830 c,HD 69830,Radial Velocity,2006.0,31.56,11.8,,,12.5591,False
HD 69830 d,HD 69830,Radial Velocity,2006.0,197.0,18.1,,,12.5591,False
HD 86081 b,HD 86081,Radial Velocity,2006.0,2.1378431,470.3884,,,103.936,False
HD 224693 b,HD 224693,Radial Velocity,2006.0,26.6904,222.481,,,93.5015,False
HD 23127 b,HD 23127,Radial Velocity,2006.0,1211.17,485.32641,,,93.8555,False
HD 33283 b,HD 33283,Radial Velocity,2006.0,18.1991,104.56607,,,89.8623,False
HD 185269 b,HD 185269,Radial Velocity,2006.0,6.83776,321.0083,,,51.9917,False
HD 187085 b,HD 187085,Radial Velocity,2006.0,1019.74,265.70588,,,45.8993,False
HD 20782 b,HD 20782,Radial Velocity,2006.0,597.0643,472.83,,,35.9864,False
HD 154345 b,HD 154345,Radial Velocity,2006.0,3280.0,376.9444907,,,18.284,False
HD 159868 b,HD 159868,Radial Velocity,2006.0,1184.1,704.94694,,,55.8503,False
HD 160691 e,HD 160691,Radial Velocity,2006.0,307.9,2224.798849,,,15.5981,False
HD 102195 b,HD 102195,Radial Velocity,2006.0,4.11377,130.3103,,,29.3386,False
HD 10647 b,HD 10647,Radial Velocity,2006.0,989.2,298.75,,,17.3357,False
eps Tau b,eps Tau,Radial Velocity,2006.0,585.82,2285.18624633,,,47.52852,False
GJ 849 b,GJ 849,Radial Velocity,2006.0,1925.31,283.82076745,,,8.80058,False
HAT-P-1 b,HAT-P-1,Transit,2006.0,4.46529976,166.86075,14.784671,1322.0,158.979,False
LP 261-75 b,LP 261-75 A,Imaging,2006.0,,6674.396547,,1500.0,33.928,False
HD 99109 b,HD 99109,Radial Velocity,2005.0,439.29999,139.8452,,,54.7901,False
AB Pic b,AB Pic,Imaging,2005.0,,4290.5,,,50.0475,False
OGLE-2005-BLG-071L b,OGLE-2005-BLG-071L,Microlensing,2005.0,,1200.0,,55.0,3200.0,False
OGLE-2005-BLG-390L b,OGLE-2005-BLG-390L,Microlensing,2005.0,3285.0,5.5,,50.0,6600.0,False
HD 50499 b,HD 50499,Radial Velocity,2005.0,2447.1,519.96988,,,46.2845,False
HD 63454 b,HD 63454,Radial Velocity,2005.0,2.81805,79.4575,,,37.6894,False
HD 66428 b,HD 66428,Radial Velocity,2005.0,2269.81726,3478.94974302,,,53.2817,False
HD 73526 c,HD 73526,Radial Velocity,2005.0,379.1,715.09,,,97.2396,False
HD 81040 b,HD 81040,Radial Velocity,2005.0,1002.7,2301.07766668,,,34.4341,False
HD 93083 b,HD 93083,Radial Velocity,2005.0,144.72,143.34061156,,,28.5159,False
HD 217107 c,HD 217107,Radial Velocity,2005.0,5138.7,1388.91013859,,,20.0619,False
HD 2638 b,HD 2638,Radial Velocity,2005.0,3.4442,133.4886,,,54.9621,False
HD 27894 b,HD 27894,Radial Velocity,2005.0,18.01939,196.73578393,,,43.8214,False
HD 33564 b,HD 33564,Radial Velocity,2005.0,388.0,2892.1,,,20.9531,False
HD 37124 d,HD 37124,Radial Velocity,2005.0,1862.0,221.20968,,,31.6634,False
HD 4308 b,HD 4308,Radial Velocity,2005.0,15.56,15.8915,,,22.0158,False
HD 164922 b,HD 164922,Radial Velocity,2005.0,1207.0,116.0,,,22.0016,False
HD 189733 b,HD 189733,Radial Velocity,2005.0,2.21857567,359.1479,12.66617,,19.7638,False
HD 190360 c,HD 190360,Radial Velocity,2005.0,17.1173,25.42627256,,,16.0069,False
HD 212301 b,HD 212301,Radial Velocity,2005.0,2.24571,162.0933,,,54.2304,False
HD 11977 b,HD 11977,Radial Velocity,2005.0,711.0,2080.0,,,67.9331,False
HD 128311 c,HD 128311,Radial Velocity,2005.0,921.538,1204.25787,,,16.3292,False
HD 13189 b,HD 13189,Radial Velocity,2005.0,471.60001,3480.2385,,,497.823,False
HD 142022 A b,HD 142022 A,Radial Velocity,2005.0,1928.0,1411.1652,,,34.2802,False
HD 149026 b,HD 149026,Radial Velocity,2005.0,2.87589,120.7754,8.29466,,75.8643,False
HD 149143 b,HD 149143,Radial Velocity,2005.0,4.07182,422.7139,,,73.2801,False
HD 101930 b,HD 101930,Radial Velocity,2005.0,70.46,79.4575,,,30.0274,False
HD 102117 b,HD 102117,Radial Velocity,2005.0,20.8133,54.0311,,,39.5792,False
HD 107148 b,HD 107148,Radial Velocity,2005.0,48.056,66.741,,,49.4156,False
HD 108874 c,HD 108874,Radial Velocity,2005.0,1624.0,314.64,,,59.5175,False
HD 109749 b,HD 109749,Radial Velocity,2005.0,5.239891,85.8141,,,63.0821,False
HD 118203 b,HD 118203,Radial Velocity,2005.0,6.1349779,680.15279098,12.778238,1361.0,92.2589,False
HD 11964 b,HD 11964,Radial Velocity,2005.0,1945.0,198.0,,,33.5369,False
GJ 581 b,GJ 581,Radial Velocity,2005.0,5.3686,20.5,,,6.2981,False
GJ 876 d,GJ 876,Radial Velocity,2005.0,1.93778,6.83,,,4.67517,False
HIP 14810 b,HIP 14810,Radial Velocity,2005.0,6.673892,1239.537,,,50.48,False
DH Tau b,DH Tau,Imaging,2004.0,,3496.0,,,134.846,False
55 Cnc e,55 Cnc,Radial Velocity,2004.0,0.7365474,7.99,1.875,,12.5855,False
OGLE-2003-BLG-235L b,OGLE-2003-BLG-235L,Microlensing,2004.0,,830.0,,,5800.0,False
OGLE-TR-10 b,OGLE-TR-10,Transit,2004.0,3.101278,197.046,14.011,,1344.97,False
OGLE-TR-111 b,OGLE-TR-111,Transit,2004.0,4.0144463,,11.421971,,1068.33,False
OGLE-TR-113 b,OGLE-TR-113,Transit,2004.0,1.4324752,400.449,12.251,,566.459,False
OGLE-TR-132 b,OGLE-TR-132,Transit,2004.0,1.689868,375.02,13.45,2013.0,2012.62,False
TrES-1 b,TrES-1,Transit,2004.0,3.03007,266.9772,12.66617,,159.658,False
HD 45350 b,HD 45350,Radial Velocity,2004.0,963.6,568.89,,,46.8733,False
HD 88133 b,HD 88133,Radial Velocity,2004.0,3.414884,90.422635,,,73.6123,False
HD 330075 b,HD 330075,Radial Velocity,2004.0,3.38773,152.5584,,,45.2989,False
HD 37605 b,HD 37605,Radial Velocity,2004.0,55.01292,854.9627,,,46.7864,False
HD 41004 A b,HD 41004 A,Radial Velocity,2004.0,963.0,807.25,,,36.69117,False
HD 183263 b,HD 183263,Radial Velocity,2004.0,624.87404,1103.1824007,,,54.1955,False
HD 188015 b,HD 188015,Radial Velocity,2004.0,461.2,476.72,,,50.6706,False
HD 202206 c,HD 202206,Radial Velocity,2004.0,1260.0,5689.157,,,45.9665,False
HD 208487 b,HD 208487,Radial Velocity,2004.0,129.36,146.20106722,,,45.147,False
HD 154857 b,HD 154857,Radial Velocity,2004.0,408.60001,778.6835,,,63.4482,False
HD 160691 c,HD 160691,Radial Velocity,2004.0,3947.0,1398.4449908,,,15.5981,False
HD 160691 d,HD 160691,Radial Velocity,2004.0,9.6392,,,,15.5981,False
HD 117207 b,HD 117207,Radial Velocity,2004.0,2621.75,612.14058,,,32.3547,False
HD 117618 b,HD 117618,Radial Velocity,2004.0,25.8,55.30242,,,37.7781,False
GJ 436 b,GJ 436,Radial Velocity,2004.0,2.64388312,22.1,4.17,,9.75321,False
GQ Lup b,GQ Lup,Imaging,2004.0,,6356.0,33.6,2650.0,151.169,False
2MASS J12073346-3932539 b,2MASS J12073346-3932539,Imaging,2004.0,,1652.7077164,15.69257298,1163.0,64.308,False
55 Cnc c,55 Cnc,Radial Velocity,2004.0,44.3936,56.6,,,12.5855,False
HD 99492 b,HD 99492,Radial Velocity,2004.0,17.0503,25.5,,,18.2038,False
PSR B1620-26 b,PSR B1620-26,Pulsar Timing,2003.0,,794.575,,,,False
gam Cep b,gam Cep,Radial Velocity,2003.0,913.0,2097.6674862,,,14.1024,False
HD 65216 b,HD 65216,Radial Velocity,2003.0,577.6,411.58985,,,35.1205,False
HD 70642 b,HD 70642,Radial Velocity,2003.0,2124.54,633.43519,,,29.276,False
HD 74156 b,HD 74156,Radial Velocity,2003.0,51.63564,532.36258173,,,57.603,False
HD 74156 c,HD 74156,Radial Velocity,2003.0,2448.48726,2753.98314665,,,57.603,False
HD 82943 b,HD 82943,Radial Velocity,2003.0,441.47,534.25,,,27.5902,False
HD 82943 c,HD 82943,Radial Velocity,2003.0,220.078,622.603,,,27.5902,False
HD 216770 b,HD 216770,Radial Velocity,2003.0,118.45,181.1631,,,36.6625,False
HD 23596 b,HD 23596,Radial Velocity,2003.0,1535.11912,3786.607641,,,52.0018,False
HD 3651 b,HD 3651,Radial Velocity,2003.0,62.25,72.46524,,,11.1336,False
HD 41004 B b,HD 41004 B,Radial Velocity,2003.0,1.3283,5838.29,,,41.5504,False
HD 169830 c,HD 169830,Radial Velocity,2003.0,1818.82339,2437.42605328,,,37.6048,False
HD 190360 b,HD 190360,Radial Velocity,2003.0,2892.0,533.95172376,,,16.0069,False
HD 19994 b,HD 19994,Radial Velocity,2003.0,466.2,435.41,,,22.5242,False
HD 121504 b,HD 121504,Radial Velocity,2003.0,63.33,479.9233,,,41.6592,False
HD 142415 b,HD 142415,Radial Velocity,2003.0,386.29999,530.7761,,,35.5318,False
HD 147513 b,HD 147513,Radial Velocity,2003.0,528.4,385.0,,,12.9032,False
HD 104985 b,HD 104985,Radial Velocity,2003.0,199.68,1766.80811451,,,100.576,False
HD 111232 b,HD 111232,Radial Velocity,2003.0,1169.13202,2531.50326176,,,28.9571,False
HD 114386 b,HD 114386,Radial Velocity,2003.0,937.70001,362.3262,,,27.9243,False
HD 6434 b,HD 6434,Radial Velocity,2003.0,21.998,155.7367,,,42.358,False
iot Dra b,iot Dra,Radial Velocity,2002.0,510.8544,3756.73177074,,,31.32832,False
55 Cnc d,55 Cnc,Radial Velocity,2002.0,4799.0,1214.10451474,,,12.5855,False
HD 47536 b,HD 47536,Radial Velocity,2002.0,712.13,2330.0,,,122.536,False
HD 49674 b,HD 49674,Radial Velocity,2002.0,4.94737,31.783,,,43.0399,False
HD 50554 b,HD 50554,Radial Velocity,2002.0,1293.0,1574.464,,,31.1664,False
HD 72659 b,HD 72659,Radial Velocity,2002.0,3549.0,906.12878836,,,51.8949,False
HD 73526 b,HD 73526,Radial Velocity,2002.0,188.3,978.9164,,,97.2396,False
HD 76700 b,HD 76700,Radial Velocity,2002.0,3.97097,66.7443,,,60.8831,False
HD 83443 b,HD 83443,Radial Velocity,2002.0,2.985628,127.76701961,,,40.8991,False
HD 8574 b,HD 8574,Radial Velocity,2002.0,227.0,645.1949,,,44.8264,False
HD 216435 b,HD 216435,Radial Velocity,2002.0,1311.0,400.4,,,32.9834,False
HD 216437 b,HD 216437,Radial Velocity,2002.0,1359.0,1334.8793094,,,26.6902,False
HD 30177 b,HD 30177,Radial Velocity,2002.0,2514.53422,2670.71210402,,,55.5867,False
HD 37124 b,HD 37124,Radial Velocity,2002.0,154.378,214.53525,,,31.6634,False
HD 37124 c,HD 37124,Radial Velocity,2002.0,885.5,207.22516,,,31.6634,False
HD 40979 b,HD 40979,Radial Velocity,2002.0,264.14999,1484.2661,,,34.0883,False
HD 168746 b,HD 168746,Radial Velocity,2002.0,6.404,85.8141,,,41.5681,False
HD 196050 b,HD 196050,Radial Velocity,2002.0,1392.0,1493.7935129,,,50.6742,False
HD 2039 b,HD 2039,Radial Velocity,2002.0,1120.0,1999.1507,,,85.6922,False
HD 12661 c,HD 12661,Radial Velocity,2002.0,1708.0,575.884,,,37.8478,False
HD 128311 b,HD 128311,Radial Velocity,2002.0,453.019,562.24127,,,16.3292,False
HD 141937 b,HD 141937,Radial Velocity,2002.0,653.21997,3079.7727,,,33.3622,False
HD 162020 b,HD 162020,Radial Velocity,2002.0,8.4282,3127.4472,,,30.8248,False
HD 106252 b,HD 106252,Radial Velocity,2002.0,1535.0,3178.28407,,,38.185,False
HD 108147 b,HD 108147,Radial Velocity,2002.0,10.8985,82.95,,,38.92,False
HD 108874 b,HD 108874,Radial Velocity,2002.0,394.48123,451.3186,,,59.5175,False
HD 114729 b,HD 114729,Radial Velocity,2002.0,1121.79,262.20975,,,37.8063,False
14 Her b,14 Her,Radial Velocity,2002.0,,2828.6728223,,,17.9323,False
OGLE-TR-56 b,OGLE-TR-56,Transit,2002.0,1.2119189,441.77,15.278,2212.0,,False
HD 68988 b,HD 68988,Radial Velocity,2001.0,6.27711,626.1251,,,60.8447,False
HD 80606 b,HD 80606,Radial Velocity,2001.0,111.436765,1323.46926959,11.56766808,,66.4711,False
HD 213240 b,HD 213240,Radial Velocity,2001.0,882.70001,1773.4914,,,40.8707,False
HD 23079 b,HD 23079,Radial Velocity,2001.0,735.74,845.42356262,,,33.4591,False
HD 28185 b,HD 28185,Radial Velocity,2001.0,385.92,1859.29618095,,,39.3809,False
47 UMa c,47 UMa,Radial Velocity,2001.0,2391.0,171.621,,,13.7967,False
HD 4203 b,HD 4203,Radial Velocity,2001.0,431.88,708.7609,,,81.3795,False
HD 4208 b,HD 4208,Radial Velocity,2001.0,832.97,257.4423,,,34.1937,False
HD 178911 B b,HD 178911 B,Radial Velocity,2001.0,71.484,2552.1749,,,40.9727,False
HD 142 b,HD 142,Radial Velocity,2001.0,351.43394,396.96768034,,,26.1853,False
HD 114783 b,HD 114783,Radial Velocity,2001.0,493.7,349.6,,,21.0628,False
HD 39091 b,HD 39091,Radial Velocity,2001.0,2088.8,4481.3805387,,,18.2702,False
HD 46375 b,HD 46375,Radial Velocity,2000.0,3.023573,71.8,,,29.5529,False
BD-10 3166 b,BD-10 3166,Radial Velocity,2000.0,3.48777,187.5197,,,84.4069,False
HD 92788 b,HD 92788,Radial Velocity,2000.0,325.803,1195.0408,,,34.6538,False
HD 27442 b,HD 27442,Radial Velocity,2000.0,428.1,495.8,,,18.2704,False
HD 38529 b,HD 38529,Radial Velocity,2000.0,14.3099,206.58846455,,,42.3538,False
HD 38529 c,HD 38529,Radial Velocity,2000.0,2127.60566,3299.05886466,,,42.3538,False
HD 168443 c,HD 168443,Radial Velocity,2000.0,1753.1096,5500.33841154,,,39.6245,False
HD 169830 b,HD 169830,Radial Velocity,2000.0,225.67372,804.42369812,,,37.6048,False
HD 179949 b,HD 179949,Radial Velocity,2000.0,3.092514,291.12,,,27.4573,False
HD 12661 b,HD 12661,Radial Velocity,2000.0,262.70862,772.3269,,,37.8478,False
HD 160691 b,HD 160691,Radial Velocity,2000.0,645.0,1366.6621501,,,15.5981,False
HD 16141 b,HD 16141,Radial Velocity,2000.0,75.523,82.6358,,,37.7861,False
eps Eri b,eps Eri,Radial Velocity,2000.0,2671.0,209.76674862,,,3.2026,False
GJ 3021 b,GJ 3021,Radial Velocity,2000.0,133.71,1071.04,,350.0,17.5559,False
GJ 876 c,GJ 876,Radial Velocity,2000.0,30.0881,226.9846,,,4.67517,False
HD 52265 b,HD 52265,Radial Velocity,2000.0,119.27,384.5743,,,29.9803,False
HD 222582 b,HD 222582,Radial Velocity,1999.0,572.38,2660.2371,,,42.1586,False
HD 75289 b,HD 75289,Radial Velocity,1999.0,3.50927,155.7367,,,29.1158,False
HD 209458 b,HD 209458,Radial Velocity,1999.0,3.52474859,232.0159,15.58051,,48.3016,False
ups And d,ups And,Radial Velocity,1999.0,1276.46,1313.22,,,13.4054,False
HD 192263 b,HD 192263,Radial Velocity,1999.0,24.3556,177.9848,,,19.6359,False
GJ 86 b,GJ 86,Radial Velocity,1999.0,15.76491,1404.8086,,,10.7836,False
HD 89744 b,HD 89744,Radial Velocity,1999.0,256.78,2653.8805,,,38.6364,False
HD 10697 b,HD 10697,Radial Velocity,1999.0,1075.3799,1825.2885414,,,33.1205,False
HD 130322 b,HD 130322,Radial Velocity,1999.0,10.70871,365.49,,,31.8766,False
HD 134987 b,HD 134987,Radial Velocity,1999.0,258.17999,511.7063,,,26.1804,False
HR 810 b,HR 810,Radial Velocity,1999.0,302.79999,721.4741,,,17.3181,False
HD 177830 b,HD 177830,Radial Velocity,1999.0,410.10001,537.1327,,,62.7674,False
ups And c,ups And,Radial Velocity,1999.0,241.258,629.595,,,13.4054,False
HD 217107 b,HD 217107,Radial Velocity,1998.0,7.1270166,459.57987652,,,20.0619,False
HD 210277 b,HD 210277,Radial Velocity,1998.0,442.19,410.0007,,,21.2985,False
HD 187123 b,HD 187123,Radial Velocity,1998.0,3.0965828,166.218,,,45.9548,False
HD 168443 b,HD 168443,Radial Velocity,1998.0,58.11187,2424.3950886,,,39.6245,False
GJ 876 b,GJ 876,Radial Velocity,1998.0,61.1166,723.2235,,,4.67517,False
HD 195019 b,HD 195019,Radial Velocity,1998.0,18.20132,1264.9634,,,37.6681,False
rho CrB b,rho CrB,Radial Velocity,1997.0,39.849,347.995,,,17.4671,False
47 UMa b,47 UMa,Radial Velocity,1996.0,1078.0,804.08,,,13.7967,False
16 Cyg B b,16 Cyg B,Radial Velocity,1996.0,798.5,565.7374,,,21.1397,False
55 Cnc b,55 Cnc,Radial Velocity,1996.0,14.651552,276.0,,,12.5855,False
tau Boo b,tau Boo,Radial Velocity,1996.0,3.3124568,1373.0256,,,15.6521,False
ups And b,ups And,Radial Velocity,1996.0,4.617033,218.531,,,13.4054,False
70 Vir b,70 Vir,Radial Velocity,1996.0,116.688,2357.02728,,,17.9011,False
51 Peg b,51 Peg,Radial Velocity,1995.0,4.230785,150.009,,,15.4614,False
PSR B1257+12 b,PSR B1257+12,Pulsar Timing,1994.0,25.262,0.02,,,600.0,False
PSR B1257+12 c,PSR B1257+12,Pulsar Timing,1992.0,66.5419,4.3,,,600.0,False
PSR B1257+12 d,PSR B1257+12,Pulsar Timing,1992.0,98.2114,3.9,,,600.0,False
