timestamp,ground_station_id,ground_station_name,region,signal_strength_dbm,antenna_azimuth_deg,antenna_elevation_deg,data_rate_mbps,cpu_usage_pct,memory_usage_pct,disk_io_mbps,temperature_celsius,status
2026-04-01T00:00:00Z,GS-01,Geneva Prime,Europe,-52.55,359.72,51.3,145.69,42.19,58.13,143.17,23.15,Online
2026-04-01T00:00:00Z,GS-06,Tanegashima,Asia Pacific,-67.04,1.09,49.07,86.03,47.9,44.69,11.0,21.16,Degraded
2026-04-01T00:05:00Z,GS-01,Geneva Prime,Europe,-75.19,1.88,48.84,57.63,62.59,58.19,82.7,19.86,Online
2026-04-01T00:05:00Z,GS-06,Tanegashima,Asia Pacific,-68.17,1.47,48.35,111.27,37.79,57.67,55.93,24.78,Online
2026-04-01T00:10:00Z,GS-01,Geneva Prime,Europe,-60.2,0.38,52.95,63.37,47.51,44.32,26.87,22.3,Online
2026-04-01T00:10:00Z,GS-06,Tanegashima,Asia Pacific,-48.92,2.84,51.08,90.97,27.26,54.24,61.57,23.59,Online
2026-04-01T00:15:00Z,GS-01,Geneva Prime,Europe,-54.85,0.22,52.61,88.45,36.88,64.89,121.24,23.41,Online
2026-04-01T00:15:00Z,GS-06,Tanegashima,Asia Pacific,-72.59,3.13,52.62,129.27,39.25,58.51,35.75,20.22,Online
2026-04-01T00:20:00Z,GS-01,Geneva Prime,Europe,-47.81,7.71,52.47,130.11,49.34,54.84,94.46,24.33,Online
2026-04-01T00:20:00Z,GS-06,Tanegashima,Asia Pacific,-60.54,8.13,47.38,124.66,46.04,57.61,83.67,19.04,Degraded
2026-04-01T00:25:00Z,GS-01,Geneva Prime,Europe,-63.3,6.96,56.22,84.45,35.3,55.99,116.62,22.53,Online
2026-04-01T00:25:00Z,GS-06,Tanegashima,Asia Pacific,-67.95,7.28,53.46,129.06,36.58,57.38,64.32,19.84,Online
2026-04-01T00:30:00Z,GS-01,Geneva Prime,Europe,-55.56,8.02,53.93,92.96,28.02,56.63,66.29,20.85,Online
2026-04-01T00:30:00Z,GS-06,Tanegashima,Asia Pacific,-62.42,8.31,57.69,105.24,48.09,59.4,10.0,22.01,Online
2026-04-01T00:35:00Z,GS-01,Geneva Prime,Europe,-59.1,13.68,54.18,109.05,44.58,50.65,125.71,23.2,Online
2026-04-01T00:35:00Z,GS-06,Tanegashima,Asia Pacific,-48.13,6.93,57.37,57.94,52.04,77.52,40.38,21.22,Online
2026-04-01T00:40:00Z,GS-01,Geneva Prime,Europe,-58.51,8.99,52.11,102.06,32.25,63.79,43.22,24.42,Online
2026-04-01T00:40:00Z,GS-06,Tanegashima,Asia Pacific,-71.75,9.36,56.84,63.07,47.73,70.46,15.7,22.37,Maintenance
2026-04-01T00:45:00Z,GS-01,Geneva Prime,Europe,-56.1,12.81,53.38,60.39,51.26,62.38,90.02,22.63,Online
2026-04-01T00:45:00Z,GS-06,Tanegashima,Asia Pacific,-70.2,11.71,56.44,78.57,67.39,63.79,32.35,23.1,Online
2026-04-01T00:50:00Z,GS-01,Geneva Prime,Europe,-74.62,14.07,58.81,75.38,56.56,63.3,112.88,24.99,Online
2026-04-01T00:50:00Z,GS-06,Tanegashima,Asia Pacific,-63.68,10.99,54.71,75.53,44.07,62.73,91.07,23.38,Online
2026-04-01T00:55:00Z,GS-01,Geneva Prime,Europe,-59.8,16.66,56.6,181.61,52.51,53.14,37.16,22.9,Online
2026-04-01T00:55:00Z,GS-06,Tanegashima,Asia Pacific,-63.35,15.18,58.08,97.82,34.84,47.88,62.14,23.46,Online
2026-04-01T01:00:00Z,GS-01,Geneva Prime,Europe,-56.79,12.51,58.11,111.56,34.39,61.23,82.33,20.49,Online
2026-04-01T01:00:00Z,GS-06,Tanegashima,Asia Pacific,-54.63,16.12,59.93,131.61,28.47,52.5,100.6,22.98,Online
2026-04-01T01:05:00Z,GS-01,Geneva Prime,Europe,-52.27,23.96,59.54,134.07,95.0,65.21,67.39,23.38,Online
2026-04-01T01:05:00Z,GS-06,Tanegashima,Asia Pacific,-71.59,15.78,57.42,102.46,72.78,45.06,107.45,19.82,Online
2026-04-01T01:10:00Z,GS-01,Geneva Prime,Europe,-67.08,19.68,59.15,67.67,36.42,65.44,50.79,22.6,Online
2026-04-01T01:10:00Z,GS-06,Tanegashima,Asia Pacific,-59.32,16.2,63.31,119.02,45.87,61.49,53.53,23.56,Online
2026-04-01T01:15:00Z,GS-01,Geneva Prime,Europe,-71.89,18.52,60.65,125.97,30.6,57.32,61.0,21.34,Online
2026-04-01T01:15:00Z,GS-06,Tanegashima,Asia Pacific,-33.52,19.56,57.12,127.54,70.47,68.26,19.23,21.59,Online
2026-04-01T01:20:00Z,GS-01,Geneva Prime,Europe,-41.0,18.58,61.15,123.24,33.88,59.52,10.0,20.83,Online
2026-04-01T01:20:00Z,GS-06,Tanegashima,Asia Pacific,-63.79,17.5,63.53,57.1,39.72,61.05,137.65,20.21,Online
2026-04-01T01:25:00Z,GS-01,Geneva Prime,Europe,-42.55,21.27,58.91,113.86,47.39,55.2,82.79,21.83,Online
2026-04-01T01:25:00Z,GS-06,Tanegashima,Asia Pacific,-58.3,22.57,64.05,62.87,70.6,44.38,73.93,23.29,Online
2026-04-01T01:30:00Z,GS-01,Geneva Prime,Europe,-55.79,21.25,61.06,85.21,37.93,66.8,94.28,21.42,Online
2026-04-01T01:30:00Z,GS-06,Tanegashima,Asia Pacific,-46.51,23.11,63.11,118.89,35.05,55.52,109.89,23.37,Online
2026-04-01T01:35:00Z,GS-01,Geneva Prime,Europe,-60.31,23.98,64.64,82.25,51.57,58.38,71.29,24.16,Online
2026-04-01T01:35:00Z,GS-06,Tanegashima,Asia Pacific,-47.62,25.38,64.69,100.63,53.18,57.52,92.97,22.31,Online
2026-04-01T01:40:00Z,GS-01,Geneva Prime,Europe,-58.55,26.19,61.04,162.77,32.93,50.29,126.32,23.75,Online
2026-04-01T01:40:00Z,GS-06,Tanegashima,Asia Pacific,-50.64,26.26,62.65,73.08,45.91,54.58,119.0,22.34,Online
2026-04-01T01:45:00Z,GS-01,Geneva Prime,Europe,-72.38,25.61,64.09,83.09,35.13,61.95,89.8,21.86,Online
2026-04-01T01:45:00Z,GS-06,Tanegashima,Asia Pacific,-67.07,26.71,60.37,57.78,36.38,58.29,92.44,24.83,Online
2026-04-01T01:50:00Z,GS-01,Geneva Prime,Europe,-47.14,27.18,63.81,69.92,44.78,57.69,92.91,21.44,Online
2026-04-01T01:50:00Z,GS-06,Tanegashima,Asia Pacific,-52.21,30.57,63.63,112.05,53.28,56.79,88.96,22.7,Offline
2026-04-01T01:55:00Z,GS-01,Geneva Prime,Europe,-58.53,27.2,64.48,114.94,62.41,67.67,166.13,21.59,Online
2026-04-01T01:55:00Z,GS-06,Tanegashima,Asia Pacific,-46.92,29.12,68.81,75.75,34.92,55.2,10.0,21.95,Online
2026-04-01T02:00:00Z,GS-01,Geneva Prime,Europe,-71.39,30.3,65.68,156.29,56.41,55.38,44.06,23.54,Online
2026-04-01T02:00:00Z,GS-06,Tanegashima,Asia Pacific,-79.8,33.66,67.36,85.92,24.44,70.83,75.42,24.66,Online
2026-04-01T02:05:00Z,GS-01,Geneva Prime,Europe,-83.92,30.05,65.57,101.41,39.6,64.98,37.3,22.66,Online
2026-04-01T02:05:00Z,GS-06,Tanegashima,Asia Pacific,-58.2,32.28,66.99,66.26,58.87,70.22,93.29,21.75,Online
2026-04-01T02:10:00Z,GS-01,Geneva Prime,Europe,-36.73,32.73,68.48,102.03,69.73,74.04,70.04,24.4,Online
2026-04-01T02:10:00Z,GS-06,Tanegashima,Asia Pacific,-50.32,35.24,64.19,120.58,57.7,45.93,32.67,19.88,Online
2026-04-01T02:15:00Z,GS-01,Geneva Prime,Europe,-64.04,35.19,69.67,102.22,64.54,48.96,11.86,22.93,Online
2026-04-01T02:15:00Z,GS-06,Tanegashima,Asia Pacific,-54.24,33.68,62.53,97.33,29.35,65.36,94.66,21.6,Online
2026-04-01T02:20:00Z,GS-01,Geneva Prime,Europe,-67.71,32.88,67.08,128.65,33.17,64.03,58.79,21.9,Online
2026-04-01T02:20:00Z,GS-06,Tanegashima,Asia Pacific,-61.61,32.93,66.1,64.06,68.58,60.28,52.01,23.41,Online
2026-04-01T02:25:00Z,GS-01,Geneva Prime,Europe,-61.68,35.81,68.97,122.73,38.63,55.39,69.0,19.71,Online
2026-04-01T02:25:00Z,GS-06,Tanegashima,Asia Pacific,-82.73,38.98,71.03,92.53,51.92,62.49,200.0,24.84,Online
2026-04-01T02:30:00Z,GS-01,Geneva Prime,Europe,-61.92,35.59,65.05,106.1,35.92,48.62,54.14,21.62,Online
2026-04-01T02:30:00Z,GS-06,Tanegashima,Asia Pacific,-34.69,39.26,68.25,144.4,45.93,53.11,140.92,24.05,Online
2026-04-01T02:35:00Z,GS-01,Geneva Prime,Europe,-75.56,38.37,67.03,58.52,56.11,75.28,24.06,24.17,Online
2026-04-01T02:35:00Z,GS-06,Tanegashima,Asia Pacific,-69.76,37.78,67.59,74.08,45.58,53.35,90.82,23.25,Online
2026-04-01T02:40:00Z,GS-01,Geneva Prime,Europe,-63.58,38.18,68.13,122.66,51.01,52.18,83.97,24.53,Online
2026-04-01T02:40:00Z,GS-06,Tanegashima,Asia Pacific,-85.04,41.09,67.96,117.12,35.84,45.56,14.9,23.48,Online
2026-04-01T02:45:00Z,GS-01,Geneva Prime,Europe,-56.1,39.44,71.06,50.15,44.21,50.31,53.93,23.56,Online
2026-04-01T02:45:00Z,GS-06,Tanegashima,Asia Pacific,-72.91,40.48,71.79,82.69,55.03,50.96,101.19,25.65,Online
2026-04-01T02:50:00Z,GS-01,Geneva Prime,Europe,-97.07,40.91,71.42,93.91,49.45,55.17,83.46,23.34,Online
2026-04-01T02:50:00Z,GS-06,Tanegashima,Asia Pacific,-42.48,43.01,70.94,87.64,39.15,56.54,95.78,22.94,Online
2026-04-01T02:55:00Z,GS-01,Geneva Prime,Europe,-55.65,47.9,72.49,90.22,59.41,56.74,10.0,22.15,Online
2026-04-01T02:55:00Z,GS-06,Tanegashima,Asia Pacific,-88.06,43.05,70.78,150.29,48.92,58.25,113.18,20.35,Online
2026-04-01T03:00:00Z,GS-01,Geneva Prime,Europe,-56.47,46.54,68.26,134.31,49.06,56.68,105.31,27.16,Online
2026-04-01T03:00:00Z,GS-06,Tanegashima,Asia Pacific,-57.27,45.5,70.29,74.5,54.96,53.15,82.86,23.04,Online
2026-04-01T03:05:00Z,GS-01,Geneva Prime,Europe,-52.82,46.92,73.75,84.7,41.76,52.17,62.23,24.42,Online
2026-04-01T03:05:00Z,GS-06,Tanegashima,Asia Pacific,-48.65,44.41,73.41,140.67,49.96,75.01,49.05,21.98,Online
2026-04-01T03:10:00Z,GS-01,Geneva Prime,Europe,-86.68,50.49,73.43,98.33,71.09,51.0,177.83,24.14,Online
2026-04-01T03:10:00Z,GS-06,Tanegashima,Asia Pacific,-58.36,48.95,73.08,106.72,35.51,63.77,155.28,25.96,Online
2026-04-01T03:15:00Z,GS-01,Geneva Prime,Europe,-36.1,47.73,70.58,96.23,45.67,68.75,12.3,26.34,Online
2026-04-01T03:15:00Z,GS-06,Tanegashima,Asia Pacific,-62.37,47.9,70.53,50.35,54.88,60.59,28.4,22.1,Online
2026-04-01T03:20:00Z,GS-01,Geneva Prime,Europe,-65.04,53.34,72.46,54.91,42.05,57.82,10.0,24.06,Online
2026-04-01T03:20:00Z,GS-06,Tanegashima,Asia Pacific,-63.46,51.39,76.68,133.8,76.99,51.15,182.93,24.23,Online
2026-04-01T03:25:00Z,GS-01,Geneva Prime,Europe,-59.79,51.2,73.79,95.67,38.12,55.63,78.69,23.43,Online
2026-04-01T03:25:00Z,GS-06,Tanegashima,Asia Pacific,-70.69,51.46,72.89,145.12,20.0,68.73,129.84,21.13,Online
2026-04-01T03:30:00Z,GS-01,Geneva Prime,Europe,-65.14,51.76,70.99,76.67,31.67,74.02,117.43,26.25,Online
2026-04-01T03:30:00Z,GS-06,Tanegashima,Asia Pacific,-49.17,50.24,72.75,114.68,30.33,65.7,70.39,23.79,Online
2026-04-01T03:35:00Z,GS-01,Geneva Prime,Europe,-49.34,54.64,73.47,134.78,32.03,64.93,103.72,23.99,Online
2026-04-01T03:35:00Z,GS-06,Tanegashima,Asia Pacific,-55.11,51.25,76.04,94.45,38.73,68.39,51.83,22.34,Online
2026-04-01T03:40:00Z,GS-01,Geneva Prime,Europe,-83.35,56.21,72.01,152.64,20.02,73.57,88.44,24.41,Online
2026-04-01T03:40:00Z,GS-06,Tanegashima,Asia Pacific,-68.17,55.8,74.5,133.1,46.37,61.2,65.46,24.47,Online
2026-04-01T03:45:00Z,GS-01,Geneva Prime,Europe,-55.38,52.83,72.25,122.3,47.05,58.53,80.74,25.19,Online
2026-04-01T03:45:00Z,GS-06,Tanegashima,Asia Pacific,-68.1,54.69,75.34,70.65,49.9,46.38,121.17,25.38,Online
2026-04-01T03:50:00Z,GS-01,Geneva Prime,Europe,-56.16,59.47,78.63,130.43,22.91,49.76,55.01,24.82,Maintenance
2026-04-01T03:50:00Z,GS-06,Tanegashima,Asia Pacific,-52.24,56.05,75.68,77.34,37.66,48.75,43.07,22.75,Online
2026-04-01T03:55:00Z,GS-01,Geneva Prime,Europe,-74.64,60.86,73.75,178.97,50.92,61.48,45.67,25.94,Online
2026-04-01T03:55:00Z,GS-06,Tanegashima,Asia Pacific,-68.63,58.99,80.77,97.12,58.79,54.37,78.6,27.54,Online
2026-04-01T04:00:00Z,GS-01,Geneva Prime,Europe,-69.4,63.62,77.4,83.13,52.59,67.78,104.87,22.64,Online
2026-04-01T04:00:00Z,GS-06,Tanegashima,Asia Pacific,-70.91,59.5,75.83,118.62,47.13,49.32,95.21,25.92,Online
2026-04-01T04:05:00Z,GS-01,Geneva Prime,Europe,-51.6,63.41,77.97,113.78,44.16,46.71,97.18,25.43,Online
2026-04-01T04:05:00Z,GS-06,Tanegashima,Asia Pacific,-55.93,58.7,74.14,131.59,44.53,65.45,81.13,25.16,Online
2026-04-01T04:10:00Z,GS-01,Geneva Prime,Europe,-45.93,61.47,76.8,86.13,39.79,57.53,88.89,24.51,Online
2026-04-01T04:10:00Z,GS-06,Tanegashima,Asia Pacific,-41.16,60.71,76.24,86.81,62.36,61.57,121.27,23.0,Online
2026-04-01T04:15:00Z,GS-01,Geneva Prime,Europe,-55.99,65.53,77.07,131.96,38.79,71.27,171.96,24.8,Online
2026-04-01T04:15:00Z,GS-06,Tanegashima,Asia Pacific,-66.68,66.66,80.07,84.31,39.96,57.75,26.22,23.97,Online
2026-04-01T04:20:00Z,GS-01,Geneva Prime,Europe,-75.06,63.46,77.12,107.03,63.61,52.01,119.37,25.14,Online
2026-04-01T04:20:00Z,GS-06,Tanegashima,Asia Pacific,-60.74,66.35,74.94,111.47,47.0,63.94,91.57,29.15,Offline
2026-04-01T04:25:00Z,GS-01,Geneva Prime,Europe,-69.57,65.19,76.21,83.34,37.35,69.51,136.82,24.73,Online
2026-04-01T04:25:00Z,GS-06,Tanegashima,Asia Pacific,-72.49,67.19,76.35,118.99,47.44,47.87,141.9,28.28,Online
2026-04-01T04:30:00Z,GS-01,Geneva Prime,Europe,-69.19,66.72,78.29,110.03,52.9,76.08,72.92,24.51,Maintenance
2026-04-01T04:30:00Z,GS-06,Tanegashima,Asia Pacific,-80.69,66.04,77.65,153.84,38.79,61.79,79.34,27.49,Online
2026-04-01T04:35:00Z,GS-01,Geneva Prime,Europe,-30.0,67.69,76.98,131.32,53.18,74.77,103.36,25.29,Online
2026-04-01T04:35:00Z,GS-06,Tanegashima,Asia Pacific,-51.14,70.97,79.6,115.22,57.8,69.35,135.29,26.8,Online
2026-04-01T04:40:00Z,GS-01,Geneva Prime,Europe,-62.51,70.29,80.6,75.49,49.42,56.85,81.15,27.87,Online
2026-04-01T04:40:00Z,GS-06,Tanegashima,Asia Pacific,-57.13,70.09,75.47,122.39,52.75,77.31,67.69,26.28,Online
2026-04-01T04:45:00Z,GS-01,Geneva Prime,Europe,-56.26,74.4,78.22,108.37,52.29,61.49,62.14,26.36,Online
2026-04-01T04:45:00Z,GS-06,Tanegashima,Asia Pacific,-43.9,69.2,78.67,79.0,59.34,47.81,57.64,26.64,Online
2026-04-01T04:50:00Z,GS-01,Geneva Prime,Europe,-36.52,72.37,77.5,156.43,27.62,42.41,97.6,25.44,Online
2026-04-01T04:50:00Z,GS-06,Tanegashima,Asia Pacific,-75.32,73.92,79.1,83.08,29.64,66.98,106.01,26.05,Online
2026-04-01T04:55:00Z,GS-01,Geneva Prime,Europe,-32.3,71.61,75.75,79.24,44.45,61.95,70.35,26.85,Online
2026-04-01T04:55:00Z,GS-06,Tanegashima,Asia Pacific,-78.77,76.64,78.64,133.52,49.11,63.65,102.79,26.99,Online
2026-04-01T05:00:00Z,GS-01,Geneva Prime,Europe,-50.36,77.66,79.37,121.27,79.41,71.52,52.94,29.15,Online
2026-04-01T05:00:00Z,GS-06,Tanegashima,Asia Pacific,-60.6,72.14,79.23,79.57,55.09,54.78,62.15,23.61,Online
2026-04-01T05:05:00Z,GS-01,Geneva Prime,Europe,-66.78,71.4,75.97,122.81,54.43,63.4,41.32,26.5,Online
2026-04-01T05:05:00Z,GS-06,Tanegashima,Asia Pacific,-60.05,73.93,82.15,126.32,42.35,60.22,88.34,23.51,Online
2026-04-01T05:10:00Z,GS-01,Geneva Prime,Europe,-63.71,76.14,77.29,91.57,66.57,65.13,57.15,27.56,Online
2026-04-01T05:10:00Z,GS-06,Tanegashima,Asia Pacific,-39.01,79.35,79.41,80.59,53.38,63.15,115.81,27.65,Online
2026-04-01T05:15:00Z,GS-01,Geneva Prime,Europe,-44.26,77.68,82.06,105.93,69.9,54.49,149.44,27.13,Online
2026-04-01T05:15:00Z,GS-06,Tanegashima,Asia Pacific,-69.77,77.78,78.78,112.72,51.27,55.41,79.03,30.04,Online
2026-04-01T05:20:00Z,GS-01,Geneva Prime,Europe,-34.09,80.87,79.62,103.6,52.36,51.82,69.7,24.46,Online
2026-04-01T05:20:00Z,GS-06,Tanegashima,Asia Pacific,-54.01,81.29,78.58,147.22,30.29,48.29,88.98,28.53,Online
2026-04-01T05:25:00Z,GS-01,Geneva Prime,Europe,-34.74,80.33,81.81,98.84,42.93,67.07,106.09,24.72,Online
2026-04-01T05:25:00Z,GS-06,Tanegashima,Asia Pacific,-37.85,84.01,78.4,111.87,50.93,62.09,57.99,26.08,Online
2026-04-01T05:30:00Z,GS-01,Geneva Prime,Europe,-60.38,84.85,80.83,88.88,54.26,40.0,125.95,24.61,Online
2026-04-01T05:30:00Z,GS-06,Tanegashima,Asia Pacific,-65.44,80.26,77.15,134.82,78.55,62.77,78.12,27.93,Online
2026-04-01T05:35:00Z,GS-01,Geneva Prime,Europe,-58.85,81.18,81.81,85.19,26.32,56.58,140.03,28.62,Online
2026-04-01T05:35:00Z,GS-06,Tanegashima,Asia Pacific,-65.23,83.05,79.18,162.3,49.58,63.44,121.21,27.7,Online
2026-04-01T05:40:00Z,GS-01,Geneva Prime,Europe,-63.89,84.61,79.74,98.88,53.73,60.42,109.31,27.36,Online
2026-04-01T05:40:00Z,GS-06,Tanegashima,Asia Pacific,-58.82,81.0,81.72,110.39,56.98,40.0,163.53,27.27,Online
2026-04-01T05:45:00Z,GS-01,Geneva Prime,Europe,-43.38,84.17,81.16,68.4,37.51,75.31,72.37,27.93,Online
2026-04-01T05:45:00Z,GS-06,Tanegashima,Asia Pacific,-46.95,87.24,80.24,110.95,73.84,59.54,88.04,29.18,Online
2026-04-01T05:50:00Z,GS-01,Geneva Prime,Europe,-43.42,89.87,81.25,65.71,64.6,50.83,92.11,26.61,Online
2026-04-01T05:50:00Z,GS-06,Tanegashima,Asia Pacific,-60.96,88.16,80.61,112.66,64.36,63.63,70.23,29.18,Online
2026-04-01T05:55:00Z,GS-01,Geneva Prime,Europe,-42.16,86.29,81.19,121.04,41.43,71.01,74.0,28.06,Online
2026-04-01T05:55:00Z,GS-06,Tanegashima,Asia Pacific,-62.6,88.78,77.8,56.8,64.13,53.22,40.34,24.64,Online
2026-04-01T06:00:00Z,GS-01,Geneva Prime,Europe,-69.58,87.35,83.28,130.29,36.74,78.02,119.27,27.51,Online
2026-04-01T06:00:00Z,GS-06,Tanegashima,Asia Pacific,-97.49,94.58,77.22,50.64,91.18,79.52,135.37,28.85,Online
2026-04-01T06:05:00Z,GS-01,Geneva Prime,Europe,-51.08,92.96,81.51,108.44,46.25,59.5,49.84,27.71,Online
2026-04-01T06:05:00Z,GS-06,Tanegashima,Asia Pacific,-85.39,91.05,78.02,66.89,47.16,71.14,116.73,25.78,Online
2026-04-01T06:10:00Z,GS-01,Geneva Prime,Europe,-74.84,94.38,78.01,93.26,51.6,52.25,84.22,26.26,Online
2026-04-01T06:10:00Z,GS-06,Tanegashima,Asia Pacific,-69.02,93.14,76.79,113.21,44.76,64.42,88.96,30.31,Online
2026-04-01T06:15:00Z,GS-01,Geneva Prime,Europe,-58.12,92.89,80.18,116.3,45.59,60.32,51.92,27.4,Online
2026-04-01T06:15:00Z,GS-06,Tanegashima,Asia Pacific,-81.04,97.25,77.45,79.21,36.38,67.16,68.2,30.26,Online
2026-04-01T06:20:00Z,GS-01,Geneva Prime,Europe,-70.1,95.56,78.22,164.35,30.75,62.48,105.35,29.14,Maintenance
2026-04-01T06:20:00Z,GS-06,Tanegashima,Asia Pacific,-62.78,94.74,79.97,95.59,56.57,77.68,57.7,26.47,Online
2026-04-01T06:25:00Z,GS-01,Geneva Prime,Europe,-61.32,101.41,78.21,149.17,95.0,55.57,102.76,31.1,Online
2026-04-01T06:25:00Z,GS-06,Tanegashima,Asia Pacific,-65.69,95.84,78.66,69.56,37.21,50.21,81.36,27.5,Online
2026-04-01T06:30:00Z,GS-01,Geneva Prime,Europe,-56.49,94.39,80.41,125.01,21.08,62.99,129.11,26.97,Online
2026-04-01T06:30:00Z,GS-06,Tanegashima,Asia Pacific,-34.91,98.34,78.33,98.33,51.7,60.61,101.55,27.4,Online
2026-04-01T06:35:00Z,GS-01,Geneva Prime,Europe,-57.46,95.92,79.43,72.88,36.17,69.89,123.65,29.83,Online
2026-04-01T06:35:00Z,GS-06,Tanegashima,Asia Pacific,-76.38,98.12,82.08,104.25,72.83,63.15,87.68,28.45,Online
2026-04-01T06:40:00Z,GS-01,Geneva Prime,Europe,-58.0,99.7,80.96,128.7,35.57,49.35,10.0,29.8,Degraded
2026-04-01T06:40:00Z,GS-06,Tanegashima,Asia Pacific,-76.55,95.69,80.32,174.79,44.93,66.71,83.27,28.89,Online
2026-04-01T06:45:00Z,GS-01,Geneva Prime,Europe,-46.21,100.67,79.96,109.65,36.98,67.94,73.0,28.04,Online
2026-04-01T06:45:00Z,GS-06,Tanegashima,Asia Pacific,-51.95,99.45,79.48,99.73,58.03,63.8,79.0,30.4,Online
2026-04-01T06:50:00Z,GS-01,Geneva Prime,Europe,-39.15,103.62,79.31,60.64,32.22,57.56,55.62,29.02,Online
2026-04-01T06:50:00Z,GS-06,Tanegashima,Asia Pacific,-59.15,103.56,79.15,114.6,45.77,44.2,42.43,29.08,Online
2026-04-01T06:55:00Z,GS-01,Geneva Prime,Europe,-78.15,104.95,82.2,136.56,42.44,71.93,85.95,28.92,Online
2026-04-01T06:55:00Z,GS-06,Tanegashima,Asia Pacific,-69.2,103.15,78.36,105.11,46.93,60.02,97.48,31.21,Online
2026-04-01T07:00:00Z,GS-01,Geneva Prime,Europe,-45.76,102.03,73.87,128.03,28.6,58.2,33.2,26.85,Online
2026-04-01T07:00:00Z,GS-06,Tanegashima,Asia Pacific,-51.88,106.52,77.82,22.27,38.45,63.13,20.84,29.83,Online
2026-04-01T07:05:00Z,GS-01,Geneva Prime,Europe,-60.23,107.41,79.04,70.81,59.36,58.73,78.91,28.28,Online
2026-04-01T07:05:00Z,GS-06,Tanegashima,Asia Pacific,-66.65,104.48,78.46,151.35,28.54,47.09,138.85,29.36,Online
2026-04-01T07:10:00Z,GS-01,Geneva Prime,Europe,-70.04,109.58,77.4,154.78,53.14,56.1,166.29,28.9,Online
2026-04-01T07:10:00Z,GS-06,Tanegashima,Asia Pacific,-48.87,108.1,81.21,146.85,45.38,53.97,98.4,28.79,Offline
2026-04-01T07:15:00Z,GS-01,Geneva Prime,Europe,-30.0,109.02,77.68,105.54,28.83,52.23,128.02,28.94,Online
2026-04-01T07:15:00Z,GS-06,Tanegashima,Asia Pacific,-75.7,109.82,80.78,121.57,56.95,53.95,23.13,32.18,Online
2026-04-01T07:20:00Z,GS-01,Geneva Prime,Europe,-64.84,109.5,80.85,116.69,50.47,77.32,54.26,31.44,Online
2026-04-01T07:20:00Z,GS-06,Tanegashima,Asia Pacific,-59.14,110.54,81.25,115.24,51.46,68.58,65.4,28.79,Degraded
2026-04-01T07:25:00Z,GS-01,Geneva Prime,Europe,-75.67,107.32,82.07,66.9,42.34,57.79,92.3,31.4,Online
2026-04-01T07:25:00Z,GS-06,Tanegashima,Asia Pacific,-47.09,110.08,77.63,108.48,42.02,72.86,99.64,31.28,Online
2026-04-01T07:30:00Z,GS-01,Geneva Prime,Europe,-50.06,114.85,78.08,61.1,71.01,54.79,58.86,31.18,Online
2026-04-01T07:30:00Z,GS-06,Tanegashima,Asia Pacific,-41.43,112.54,78.33,151.07,47.89,80.0,102.62,27.65,Online
2026-04-01T07:35:00Z,GS-01,Geneva Prime,Europe,-48.7,114.51,80.04,120.2,43.34,50.21,71.64,29.14,Online
2026-04-01T07:35:00Z,GS-06,Tanegashima,Asia Pacific,-68.71,114.93,80.8,111.84,30.65,63.56,127.87,29.5,Online
2026-04-01T07:40:00Z,GS-01,Geneva Prime,Europe,-62.01,115.03,75.62,119.45,43.55,63.36,44.5,29.88,Online
2026-04-01T07:40:00Z,GS-06,Tanegashima,Asia Pacific,-49.16,114.25,80.64,88.01,47.7,67.46,23.27,27.89,Online
2026-04-01T07:45:00Z,GS-01,Geneva Prime,Europe,-82.88,118.78,75.8,176.75,38.23,61.48,141.68,33.66,Online
2026-04-01T07:45:00Z,GS-06,Tanegashima,Asia Pacific,-30.0,118.67,78.95,117.78,54.34,55.59,47.27,30.65,Online
2026-04-01T07:50:00Z,GS-01,Geneva Prime,Europe,-62.55,116.59,78.0,128.66,46.06,71.82,34.33,30.48,Online
2026-04-01T07:50:00Z,GS-06,Tanegashima,Asia Pacific,-70.75,113.77,76.44,96.35,63.16,65.05,39.03,33.55,Online
2026-04-01T07:55:00Z,GS-01,Geneva Prime,Europe,-41.68,119.91,75.85,71.22,40.53,68.71,155.38,33.2,Online
2026-04-01T07:55:00Z,GS-06,Tanegashima,Asia Pacific,-67.33,116.51,76.58,46.95,48.88,58.82,61.36,28.49,Online
2026-04-01T08:00:00Z,GS-01,Geneva Prime,Europe,-52.3,118.93,73.64,13.83,44.67,74.18,146.45,30.31,Online
2026-04-01T08:00:00Z,GS-06,Tanegashima,Asia Pacific,-69.03,120.94,73.98,109.05,54.19,69.82,75.99,30.69,Online
2026-04-01T08:05:00Z,GS-01,Geneva Prime,Europe,-73.17,119.6,75.19,111.02,55.96,53.57,139.71,30.71,Online
2026-04-01T08:05:00Z,GS-06,Tanegashima,Asia Pacific,-60.32,119.76,70.8,126.52,53.84,57.75,82.68,31.89,Online
2026-04-01T08:10:00Z,GS-01,Geneva Prime,Europe,-83.44,121.44,76.89,62.37,48.52,49.15,98.66,31.17,Online
2026-04-01T08:10:00Z,GS-06,Tanegashima,Asia Pacific,-84.23,124.83,73.83,75.69,47.41,69.19,39.37,31.32,Online
2026-04-01T08:15:00Z,GS-01,Geneva Prime,Europe,-53.57,125.14,75.3,88.99,35.07,60.69,37.11,26.95,Online
2026-04-01T08:15:00Z,GS-06,Tanegashima,Asia Pacific,-53.45,125.56,70.22,69.71,52.43,76.46,80.83,30.24,Online
2026-04-01T08:20:00Z,GS-01,Geneva Prime,Europe,-62.74,127.75,73.28,76.02,39.21,52.37,84.91,33.88,Online
2026-04-01T08:20:00Z,GS-06,Tanegashima,Asia Pacific,-55.15,124.5,73.99,53.1,55.6,59.38,72.78,36.23,Online
2026-04-01T08:25:00Z,GS-01,Geneva Prime,Europe,-55.52,124.75,73.34,134.45,46.36,48.49,116.77,30.55,Online
2026-04-01T08:25:00Z,GS-06,Tanegashima,Asia Pacific,-31.9,128.41,73.3,138.43,81.96,66.82,99.39,30.28,Online
2026-04-01T08:30:00Z,GS-01,Geneva Prime,Europe,-69.65,129.56,73.13,87.89,33.54,63.39,162.5,30.05,Online
2026-04-01T08:30:00Z,GS-06,Tanegashima,Asia Pacific,-59.64,130.32,73.64,113.57,32.25,63.43,72.51,33.13,Online
2026-04-01T08:35:00Z,GS-01,Geneva Prime,Europe,-42.19,133.93,74.56,109.77,47.33,57.17,93.54,31.31,Online
2026-04-01T08:35:00Z,GS-06,Tanegashima,Asia Pacific,-57.47,131.39,71.38,134.2,60.81,59.06,10.0,30.84,Online
2026-04-01T08:40:00Z,GS-01,Geneva Prime,Europe,-40.55,129.95,70.98,84.86,55.09,64.37,70.44,31.31,Online
2026-04-01T08:40:00Z,GS-06,Tanegashima,Asia Pacific,-65.88,128.16,76.21,90.33,59.61,72.17,119.93,31.21,Online
2026-04-01T08:45:00Z,GS-01,Geneva Prime,Europe,-53.94,131.2,70.75,109.73,30.85,69.5,61.42,32.26,Online
2026-04-01T08:45:00Z,GS-06,Tanegashima,Asia Pacific,-55.75,130.73,73.73,85.75,55.46,49.23,85.06,34.86,Online
2026-04-01T08:50:00Z,GS-01,Geneva Prime,Europe,-75.0,131.14,73.15,105.39,49.21,63.91,105.39,33.72,Online
2026-04-01T08:50:00Z,GS-06,Tanegashima,Asia Pacific,-53.85,132.02,73.46,157.0,43.41,52.2,124.28,31.87,Online
2026-04-01T08:55:00Z,GS-01,Geneva Prime,Europe,-92.59,135.44,70.6,97.28,48.98,61.52,108.38,31.5,Online
2026-04-01T08:55:00Z,GS-06,Tanegashima,Asia Pacific,-52.3,133.23,73.15,118.46,33.77,68.69,58.56,33.36,Online
2026-04-01T09:00:00Z,GS-01,Geneva Prime,Europe,-54.49,138.68,70.77,89.52,44.77,57.57,112.0,29.82,Online
2026-04-01T09:00:00Z,GS-06,Tanegashima,Asia Pacific,-75.81,132.86,73.11,151.32,43.75,58.65,82.8,33.99,Online
2026-04-01T09:05:00Z,GS-01,Geneva Prime,Europe,-73.91,136.73,72.7,115.03,47.27,68.01,10.0,33.35,Online
2026-04-01T09:05:00Z,GS-06,Tanegashima,Asia Pacific,-69.81,132.59,71.77,141.21,43.35,67.62,144.49,34.31,Online
2026-04-01T09:10:00Z,GS-01,Geneva Prime,Europe,-35.4,138.98,70.42,51.94,42.05,53.25,166.84,32.16,Online
2026-04-01T09:10:00Z,GS-06,Tanegashima,Asia Pacific,-58.15,138.6,70.35,150.85,37.53,61.56,50.3,30.44,Online
2026-04-01T09:15:00Z,GS-01,Geneva Prime,Europe,-69.18,138.68,68.92,79.23,28.12,59.34,19.81,33.65,Offline
2026-04-01T09:15:00Z,GS-06,Tanegashima,Asia Pacific,-58.76,135.83,69.16,77.44,48.83,70.72,10.0,32.68,Online
2026-04-01T09:20:00Z,GS-01,Geneva Prime,Europe,-62.4,141.34,69.71,77.44,41.17,53.63,123.04,32.63,Online
2026-04-01T09:20:00Z,GS-06,Tanegashima,Asia Pacific,-31.48,139.88,67.87,54.59,23.36,47.33,90.69,33.36,Online
2026-04-01T09:25:00Z,GS-01,Geneva Prime,Europe,-83.72,143.04,67.81,104.4,64.35,67.17,69.26,31.34,Online
2026-04-01T09:25:00Z,GS-06,Tanegashima,Asia Pacific,-92.28,139.81,68.36,70.38,43.42,60.61,71.01,31.7,Online
2026-04-01T09:30:00Z,GS-01,Geneva Prime,Europe,-57.47,143.38,66.08,142.33,43.82,60.15,108.33,33.11,Online
2026-04-01T09:30:00Z,GS-06,Tanegashima,Asia Pacific,-45.7,143.07,67.04,110.85,31.28,60.87,78.67,32.45,Online
2026-04-01T09:35:00Z,GS-01,Geneva Prime,Europe,-61.93,139.99,66.64,102.79,46.92,51.78,130.63,31.54,Online
2026-04-01T09:35:00Z,GS-06,Tanegashima,Asia Pacific,-45.46,144.6,66.45,153.26,30.68,67.35,120.02,31.83,Online
2026-04-01T09:40:00Z,GS-01,Geneva Prime,Europe,-39.11,144.5,67.78,107.81,43.39,66.49,111.74,30.29,Online
2026-04-01T09:40:00Z,GS-06,Tanegashima,Asia Pacific,-40.43,141.68,69.27,133.8,60.11,56.71,35.77,32.59,Online
2026-04-01T09:45:00Z,GS-01,Geneva Prime,Europe,-64.62,147.81,69.29,141.87,38.25,58.33,12.66,31.78,Online
2026-04-01T09:45:00Z,GS-06,Tanegashima,Asia Pacific,-45.53,149.48,64.2,82.23,44.68,62.24,47.62,33.62,Degraded
2026-04-01T09:50:00Z,GS-01,Geneva Prime,Europe,-67.11,147.47,67.21,100.19,72.91,59.12,76.47,32.51,Online
2026-04-01T09:50:00Z,GS-06,Tanegashima,Asia Pacific,-63.88,150.7,67.24,91.14,53.36,57.33,126.92,33.61,Online
2026-04-01T09:55:00Z,GS-01,Geneva Prime,Europe,-61.61,149.65,62.42,66.2,30.67,61.14,149.3,36.48,Online
2026-04-01T09:55:00Z,GS-06,Tanegashima,Asia Pacific,-50.43,149.75,61.96,83.72,35.55,55.03,73.27,32.42,Online
2026-04-01T10:00:00Z,GS-01,Geneva Prime,Europe,-89.69,151.5,62.85,107.18,69.89,52.64,10.0,32.77,Online
2026-04-01T10:00:00Z,GS-06,Tanegashima,Asia Pacific,-43.49,153.92,62.54,114.9,39.42,59.15,185.77,30.94,Online
2026-04-01T10:05:00Z,GS-01,Geneva Prime,Europe,-56.19,152.19,66.6,102.94,48.7,56.87,90.77,32.75,Online
2026-04-01T10:05:00Z,GS-06,Tanegashima,Asia Pacific,-50.68,150.51,65.18,99.12,58.51,59.59,10.0,35.15,Online
2026-04-01T10:10:00Z,GS-01,Geneva Prime,Europe,-73.59,151.19,62.66,141.23,20.0,80.0,122.24,33.66,Online
2026-04-01T10:10:00Z,GS-06,Tanegashima,Asia Pacific,-60.82,153.07,64.89,119.36,51.67,60.72,72.11,33.1,Online
2026-04-01T10:15:00Z,GS-01,Geneva Prime,Europe,-62.92,156.02,64.46,11.79,52.87,61.56,79.25,32.8,Online
2026-04-01T10:15:00Z,GS-06,Tanegashima,Asia Pacific,-43.14,155.65,61.72,112.21,33.34,48.96,54.93,34.67,Online
2026-04-01T10:20:00Z,GS-01,Geneva Prime,Europe,-45.7,156.03,64.13,115.49,37.3,63.46,112.02,34.57,Online
2026-04-01T10:20:00Z,GS-06,Tanegashima,Asia Pacific,-42.17,156.42,63.38,132.1,44.68,52.95,73.48,32.32,Online
2026-04-01T10:25:00Z,GS-01,Geneva Prime,Europe,-70.13,155.96,60.5,90.76,22.28,61.71,80.05,32.27,Online
2026-04-01T10:25:00Z,GS-06,Tanegashima,Asia Pacific,-50.11,158.13,58.87,77.12,35.77,52.48,113.18,33.2,Online
2026-04-01T10:30:00Z,GS-01,Geneva Prime,Europe,-63.97,153.49,62.75,62.82,45.72,62.22,134.43,31.58,Online
2026-04-01T10:30:00Z,GS-06,Tanegashima,Asia Pacific,-105.29,157.87,65.08,137.17,47.52,56.07,112.28,32.08,Online
2026-04-01T10:35:00Z,GS-01,Geneva Prime,Europe,-52.85,159.76,62.99,182.79,49.71,55.93,78.98,30.94,Online
2026-04-01T10:35:00Z,GS-06,Tanegashima,Asia Pacific,-70.42,157.93,59.82,104.57,35.13,68.97,80.01,33.58,Online
2026-04-01T10:40:00Z,GS-01,Geneva Prime,Europe,-64.92,160.31,61.91,73.99,37.1,57.57,26.17,32.41,Online
2026-04-01T10:40:00Z,GS-06,Tanegashima,Asia Pacific,-67.14,161.75,60.79,105.81,55.21,58.9,95.62,33.48,Online
2026-04-01T10:45:00Z,GS-01,Geneva Prime,Europe,-56.02,160.08,54.77,95.97,62.07,67.41,118.62,35.54,Online
2026-04-01T10:45:00Z,GS-06,Tanegashima,Asia Pacific,-58.67,161.64,58.41,90.52,52.39,69.63,74.42,33.01,Online
2026-04-01T10:50:00Z,GS-01,Geneva Prime,Europe,-59.99,163.7,56.13,31.11,38.39,50.23,59.67,33.5,Online
2026-04-01T10:50:00Z,GS-06,Tanegashima,Asia Pacific,-66.8,165.4,59.67,109.01,52.47,50.89,121.56,33.61,Online
2026-04-01T10:55:00Z,GS-01,Geneva Prime,Europe,-49.94,161.61,55.29,124.54,49.52,52.78,45.21,35.45,Online
2026-04-01T10:55:00Z,GS-06,Tanegashima,Asia Pacific,-77.84,167.04,56.59,119.15,41.06,64.83,58.24,33.52,Online
2026-04-01T11:00:00Z,GS-01,Geneva Prime,Europe,-59.39,163.0,59.25,84.6,42.26,52.05,10.0,33.51,Online
2026-04-01T11:00:00Z,GS-06,Tanegashima,Asia Pacific,-30.0,166.57,57.73,92.11,45.27,64.38,32.77,35.47,Online
2026-04-01T11:05:00Z,GS-01,Geneva Prime,Europe,-49.27,167.69,58.01,100.59,53.07,64.73,65.84,32.97,Online
2026-04-01T11:05:00Z,GS-06,Tanegashima,Asia Pacific,-58.47,169.35,54.65,55.97,46.98,60.41,86.93,34.19,Online
2026-04-01T11:10:00Z,GS-01,Geneva Prime,Europe,-63.35,170.48,53.29,75.15,43.76,46.85,72.97,36.35,Online
2026-04-01T11:10:00Z,GS-06,Tanegashima,Asia Pacific,-59.69,167.96,53.97,81.51,40.5,57.46,131.27,34.69,Online
2026-04-01T11:15:00Z,GS-01,Geneva Prime,Europe,-76.67,169.24,56.85,134.2,63.97,51.88,47.57,32.0,Online
2026-04-01T11:15:00Z,GS-06,Tanegashima,Asia Pacific,-63.51,169.68,57.83,97.72,41.16,61.21,46.59,37.02,Offline
2026-04-01T11:20:00Z,GS-01,Geneva Prime,Europe,-84.11,170.37,59.26,100.2,42.72,57.14,72.78,35.97,Online
2026-04-01T11:20:00Z,GS-06,Tanegashima,Asia Pacific,-93.18,173.07,52.36,92.0,39.85,64.71,16.08,34.6,Online
2026-04-01T11:25:00Z,GS-01,Geneva Prime,Europe,-30.0,168.52,54.94,80.14,50.11,60.15,54.34,34.66,Online
2026-04-01T11:25:00Z,GS-06,Tanegashima,Asia Pacific,-32.93,170.87,56.0,61.2,33.52,63.78,139.36,34.46,Online
2026-04-01T11:30:00Z,GS-01,Geneva Prime,Europe,-64.7,172.5,51.41,118.14,76.88,56.38,61.2,34.35,Online
2026-04-01T11:30:00Z,GS-06,Tanegashima,Asia Pacific,-66.55,172.37,58.12,92.59,40.7,54.82,109.77,33.68,Online
2026-04-01T11:35:00Z,GS-01,Geneva Prime,Europe,-69.74,176.39,56.11,81.99,22.6,68.06,52.61,35.15,Online
2026-04-01T11:35:00Z,GS-06,Tanegashima,Asia Pacific,-89.55,175.54,50.84,121.92,45.17,52.37,63.72,34.99,Online
2026-04-01T11:40:00Z,GS-01,Geneva Prime,Europe,-58.41,176.17,56.57,53.07,64.41,60.83,44.05,31.98,Online
2026-04-01T11:40:00Z,GS-06,Tanegashima,Asia Pacific,-62.84,176.84,52.36,145.33,27.59,59.9,29.9,34.52,Online
2026-04-01T11:45:00Z,GS-01,Geneva Prime,Europe,-46.7,175.41,46.75,105.97,50.24,63.23,129.43,32.38,Online
2026-04-01T11:45:00Z,GS-06,Tanegashima,Asia Pacific,-49.8,178.64,48.4,109.59,38.95,59.35,93.91,33.26,Online
2026-04-01T11:50:00Z,GS-01,Geneva Prime,Europe,-70.14,177.57,49.13,67.43,53.15,50.81,106.65,34.69,Online
2026-04-01T11:50:00Z,GS-06,Tanegashima,Asia Pacific,-85.89,176.14,53.7,70.57,39.43,63.7,111.34,33.62,Online
2026-04-01T11:55:00Z,GS-01,Geneva Prime,Europe,-68.96,181.59,54.13,129.37,78.41,53.53,46.78,34.78,Online
2026-04-01T11:55:00Z,GS-06,Tanegashima,Asia Pacific,-53.72,181.55,51.96,54.91,57.62,52.02,64.64,34.37,Online
2026-04-01T12:00:00Z,GS-01,Geneva Prime,Europe,-30.06,186.22,51.21,94.5,51.41,67.1,67.17,36.69,Online
2026-04-01T12:00:00Z,GS-06,Tanegashima,Asia Pacific,-56.55,181.0,51.33,112.65,55.07,55.06,57.67,32.35,Online
2026-04-01T12:05:00Z,GS-01,Geneva Prime,Europe,-53.41,182.81,50.26,150.23,44.93,65.35,36.33,33.42,Online
2026-04-01T12:05:00Z,GS-06,Tanegashima,Asia Pacific,-49.57,182.95,48.76,97.85,26.79,57.14,115.62,34.86,Online
2026-04-01T12:10:00Z,GS-01,Geneva Prime,Europe,-52.49,182.6,48.71,80.19,53.39,63.37,99.68,33.21,Online
2026-04-01T12:10:00Z,GS-06,Tanegashima,Asia Pacific,-92.3,184.69,47.73,74.12,53.32,56.86,122.4,34.92,Online
2026-04-01T12:15:00Z,GS-01,Geneva Prime,Europe,-49.75,181.02,50.46,107.84,40.57,61.15,10.0,34.6,Online
2026-04-01T12:15:00Z,GS-06,Tanegashima,Asia Pacific,-75.44,181.04,44.99,133.38,37.45,72.27,58.57,31.43,Online
2026-04-01T12:20:00Z,GS-01,Geneva Prime,Europe,-76.75,187.47,47.07,83.55,46.92,64.01,124.7,36.15,Online
2026-04-01T12:20:00Z,GS-06,Tanegashima,Asia Pacific,-65.4,182.35,46.56,107.81,33.43,52.34,93.75,33.9,Online
2026-04-01T12:25:00Z,GS-01,Geneva Prime,Europe,-59.51,184.73,46.27,72.27,55.68,68.28,10.0,32.57,Online
2026-04-01T12:25:00Z,GS-06,Tanegashima,Asia Pacific,-82.45,184.95,46.57,56.51,33.94,51.97,88.29,34.07,Online
2026-04-01T12:30:00Z,GS-01,Geneva Prime,Europe,-70.83,187.85,44.99,91.85,65.08,70.72,28.02,35.19,Online
2026-04-01T12:30:00Z,GS-06,Tanegashima,Asia Pacific,-47.83,185.2,47.72,146.14,31.53,52.66,120.71,34.36,Maintenance
2026-04-01T12:35:00Z,GS-01,Geneva Prime,Europe,-51.73,189.43,46.22,60.21,57.57,69.36,70.82,33.86,Online
2026-04-01T12:35:00Z,GS-06,Tanegashima,Asia Pacific,-82.97,189.78,46.58,98.13,58.49,57.33,102.58,32.4,Online
2026-04-01T12:40:00Z,GS-01,Geneva Prime,Europe,-60.35,189.65,45.24,88.91,43.42,66.61,62.53,31.5,Online
2026-04-01T12:40:00Z,GS-06,Tanegashima,Asia Pacific,-33.76,192.76,42.21,120.69,38.96,62.11,91.77,33.56,Maintenance
2026-04-01T12:45:00Z,GS-01,Geneva Prime,Europe,-71.76,189.87,42.31,75.05,44.19,54.27,107.28,36.12,Online
2026-04-01T12:45:00Z,GS-06,Tanegashima,Asia Pacific,-68.7,191.73,45.15,114.16,45.91,65.94,99.29,32.03,Online
2026-04-01T12:50:00Z,GS-01,Geneva Prime,Europe,-46.96,194.27,41.98,101.14,53.2,58.33,122.92,37.4,Online
2026-04-01T12:50:00Z,GS-06,Tanegashima,Asia Pacific,-71.79,189.74,44.11,121.65,42.23,71.63,26.46,34.9,Online
2026-04-01T12:55:00Z,GS-01,Geneva Prime,Europe,-69.09,197.19,46.85,77.0,38.41,66.88,64.51,33.76,Online
2026-04-01T12:55:00Z,GS-06,Tanegashima,Asia Pacific,-59.62,189.91,42.84,79.31,39.08,71.55,29.74,35.05,Online
2026-04-01T13:00:00Z,GS-01,Geneva Prime,Europe,-64.18,194.44,43.82,110.2,51.85,67.75,66.75,32.88,Online
2026-04-01T13:00:00Z,GS-06,Tanegashima,Asia Pacific,-76.28,193.35,48.13,137.34,28.79,49.42,99.27,34.62,Online
2026-04-01T13:05:00Z,GS-01,Geneva Prime,Europe,-51.77,195.74,41.35,109.84,46.03,42.25,70.81,32.48,Offline
2026-04-01T13:05:00Z,GS-06,Tanegashima,Asia Pacific,-57.37,202.22,42.34,90.59,56.06,63.86,96.8,34.67,Online
2026-04-01T13:10:00Z,GS-01,Geneva Prime,Europe,-30.0,195.24,41.93,72.21,51.67,52.65,63.31,33.28,Online
2026-04-01T13:10:00Z,GS-06,Tanegashima,Asia Pacific,-45.36,199.34,38.49,101.65,36.49,49.93,71.32,33.26,Online
2026-04-01T13:15:00Z,GS-01,Geneva Prime,Europe,-30.0,199.62,37.6,83.06,57.26,76.71,16.56,30.86,Online
2026-04-01T13:15:00Z,GS-06,Tanegashima,Asia Pacific,-31.94,199.53,38.62,116.04,58.36,60.03,93.11,35.07,Online
2026-04-01T13:20:00Z,GS-01,Geneva Prime,Europe,-75.21,200.17,37.89,107.66,34.26,56.74,40.17,34.61,Online
2026-04-01T13:20:00Z,GS-06,Tanegashima,Asia Pacific,-47.12,199.53,39.82,56.54,41.4,59.6,184.83,31.97,Online
2026-04-01T13:25:00Z,GS-01,Geneva Prime,Europe,-38.04,203.24,39.69,152.76,49.47,63.11,77.88,35.43,Online
2026-04-01T13:25:00Z,GS-06,Tanegashima,Asia Pacific,-43.55,200.0,36.49,93.91,35.4,59.49,129.5,32.91,Online
2026-04-01T13:30:00Z,GS-01,Geneva Prime,Europe,-60.64,202.62,40.22,32.59,37.72,61.69,128.0,32.81,Online
2026-04-01T13:30:00Z,GS-06,Tanegashima,Asia Pacific,-88.15,203.74,37.25,64.31,37.51,58.52,55.81,30.23,Degraded
2026-04-01T13:35:00Z,GS-01,Geneva Prime,Europe,-46.54,206.3,39.22,65.87,42.58,59.95,103.95,34.49,Online
2026-04-01T13:35:00Z,GS-06,Tanegashima,Asia Pacific,-71.01,203.91,38.83,143.67,53.45,66.31,83.35,35.61,Online
2026-04-01T13:40:00Z,GS-01,Geneva Prime,Europe,-53.85,203.28,40.13,120.94,39.68,56.16,91.86,34.13,Online
2026-04-01T13:40:00Z,GS-06,Tanegashima,Asia Pacific,-57.04,205.62,40.72,132.15,47.29,67.53,38.7,34.03,Online
2026-04-01T13:45:00Z,GS-01,Geneva Prime,Europe,-32.86,205.81,35.04,80.44,31.92,53.72,65.18,31.27,Degraded
2026-04-01T13:45:00Z,GS-06,Tanegashima,Asia Pacific,-59.77,208.05,34.92,145.58,51.13,68.24,53.69,34.66,Online
2026-04-01T13:50:00Z,GS-01,Geneva Prime,Europe,-76.38,209.28,36.49,116.6,30.89,52.84,103.89,31.9,Online
2026-04-01T13:50:00Z,GS-06,Tanegashima,Asia Pacific,-53.05,204.77,37.84,63.02,51.63,65.01,52.13,34.2,Online
2026-04-01T13:55:00Z,GS-01,Geneva Prime,Europe,-56.09,207.67,33.55,41.12,49.2,47.48,83.81,32.87,Online
2026-04-01T13:55:00Z,GS-06,Tanegashima,Asia Pacific,-49.81,208.15,34.91,121.96,49.02,62.53,98.77,30.96,Online
2026-04-01T14:00:00Z,GS-01,Geneva Prime,Europe,-48.65,211.22,32.97,92.68,44.53,58.92,93.35,35.34,Online
2026-04-01T14:00:00Z,GS-06,Tanegashima,Asia Pacific,-43.77,207.38,36.24,139.87,49.64,68.73,160.49,34.73,Online
2026-04-01T14:05:00Z,GS-01,Geneva Prime,Europe,-56.26,213.34,34.73,100.72,40.78,72.51,47.26,35.43,Online
2026-04-01T14:05:00Z,GS-06,Tanegashima,Asia Pacific,-52.5,208.45,35.17,37.0,52.51,67.08,56.31,33.31,Degraded
2026-04-01T14:10:00Z,GS-01,Geneva Prime,Europe,-30.69,211.49,31.76,144.45,95.0,60.03,120.46,35.07,Online
2026-04-01T14:10:00Z,GS-06,Tanegashima,Asia Pacific,-71.14,211.53,36.34,150.55,51.75,52.96,159.48,32.26,Online
2026-04-01T14:15:00Z,GS-01,Geneva Prime,Europe,-65.03,214.43,36.44,125.62,49.98,63.71,81.74,33.83,Online
2026-04-01T14:15:00Z,GS-06,Tanegashima,Asia Pacific,-97.94,213.16,33.82,65.47,49.64,58.36,150.22,35.35,Online
2026-04-01T14:20:00Z,GS-01,Geneva Prime,Europe,-66.99,214.7,32.64,86.45,47.34,53.93,34.78,33.85,Offline
2026-04-01T14:20:00Z,GS-06,Tanegashima,Asia Pacific,-50.56,213.39,34.58,81.05,48.04,66.56,78.66,33.6,Online
2026-04-01T14:25:00Z,GS-01,Geneva Prime,Europe,-67.75,215.86,31.85,77.6,42.88,47.61,60.35,32.41,Online
2026-04-01T14:25:00Z,GS-06,Tanegashima,Asia Pacific,-63.84,215.77,32.14,114.38,55.49,54.8,31.87,31.28,Online
2026-04-01T14:30:00Z,GS-01,Geneva Prime,Europe,-67.31,216.8,30.2,61.12,39.53,61.45,103.8,31.92,Online
2026-04-01T14:30:00Z,GS-06,Tanegashima,Asia Pacific,-66.19,215.65,31.67,74.55,51.88,45.71,65.61,33.21,Online
2026-04-01T14:35:00Z,GS-01,Geneva Prime,Europe,-57.24,224.14,31.92,69.88,43.85,45.79,76.78,31.43,Online
2026-04-01T14:35:00Z,GS-06,Tanegashima,Asia Pacific,-46.27,217.65,30.99,80.93,93.58,57.43,153.3,33.9,Online
2026-04-01T14:40:00Z,GS-01,Geneva Prime,Europe,-52.77,220.74,31.5,42.17,41.65,66.76,78.04,30.49,Online
2026-04-01T14:40:00Z,GS-06,Tanegashima,Asia Pacific,-60.79,223.41,33.21,98.14,56.42,57.07,11.85,31.21,Online
2026-04-01T14:45:00Z,GS-01,Geneva Prime,Europe,-36.56,220.7,29.73,91.0,67.85,73.01,168.75,32.27,Online
2026-04-01T14:45:00Z,GS-06,Tanegashima,Asia Pacific,-55.57,218.22,33.17,64.97,47.6,51.22,56.45,31.26,Online
2026-04-01T14:50:00Z,GS-01,Geneva Prime,Europe,-69.12,221.42,28.64,125.0,31.74,61.76,128.72,31.65,Online
2026-04-01T14:50:00Z,GS-06,Tanegashima,Asia Pacific,-70.77,222.04,32.09,105.82,38.63,63.87,35.91,33.45,Online
2026-04-01T14:55:00Z,GS-01,Geneva Prime,Europe,-53.87,223.13,27.58,73.4,51.42,69.83,54.51,33.02,Online
2026-04-01T14:55:00Z,GS-06,Tanegashima,Asia Pacific,-91.31,222.58,29.19,72.71,33.76,54.66,91.69,32.05,Degraded
2026-04-01T15:00:00Z,GS-01,Geneva Prime,Europe,-93.57,220.76,27.57,113.73,20.0,56.0,58.95,34.33,Online
2026-04-01T15:00:00Z,GS-06,Tanegashima,Asia Pacific,-65.78,225.77,29.07,36.08,54.22,61.72,100.33,38.13,Online
2026-04-01T15:05:00Z,GS-01,Geneva Prime,Europe,-91.26,229.7,27.75,108.62,44.45,56.61,57.21,32.64,Online
2026-04-01T15:05:00Z,GS-06,Tanegashima,Asia Pacific,-82.76,227.75,27.5,66.1,39.6,70.06,58.59,32.69,Online
2026-04-01T15:10:00Z,GS-01,Geneva Prime,Europe,-70.96,229.02,29.25,155.46,42.89,65.35,83.92,34.0,Online
2026-04-01T15:10:00Z,GS-06,Tanegashima,Asia Pacific,-70.78,228.99,27.49,98.07,84.95,62.02,75.35,32.38,Online
2026-04-01T15:15:00Z,GS-01,Geneva Prime,Europe,-36.33,230.72,29.18,86.33,34.33,67.64,115.04,34.17,Online
2026-04-01T15:15:00Z,GS-06,Tanegashima,Asia Pacific,-69.06,228.29,24.17,88.23,56.96,56.27,105.62,31.67,Online
2026-04-01T15:20:00Z,GS-01,Geneva Prime,Europe,-55.14,227.7,27.19,10.27,42.76,46.96,128.24,33.02,Online
2026-04-01T15:20:00Z,GS-06,Tanegashima,Asia Pacific,-53.0,233.04,25.12,152.42,56.19,58.11,125.42,30.2,Online
2026-04-01T15:25:00Z,GS-01,Geneva Prime,Europe,-72.37,230.03,25.55,68.3,59.68,57.93,94.1,30.9,Online
2026-04-01T15:25:00Z,GS-06,Tanegashima,Asia Pacific,-87.31,231.79,22.78,97.94,28.58,75.9,116.45,31.91,Online
2026-04-01T15:30:00Z,GS-01,Geneva Prime,Europe,-41.04,230.81,27.29,105.99,48.17,70.18,109.3,32.09,Online
2026-04-01T15:30:00Z,GS-06,Tanegashima,Asia Pacific,-84.82,230.58,25.95,102.8,31.44,79.29,140.66,32.56,Online
2026-04-01T15:35:00Z,GS-01,Geneva Prime,Europe,-58.92,233.33,23.9,102.32,48.09,50.07,93.37,31.31,Online
2026-04-01T15:35:00Z,GS-06,Tanegashima,Asia Pacific,-88.62,232.03,24.98,156.63,51.68,49.32,99.44,29.23,Online
2026-04-01T15:40:00Z,GS-01,Geneva Prime,Europe,-43.76,234.06,25.24,139.77,29.55,48.82,56.66,33.0,Online
2026-04-01T15:40:00Z,GS-06,Tanegashima,Asia Pacific,-82.79,229.34,24.52,116.55,59.4,56.29,63.54,33.17,Online
2026-04-01T15:45:00Z,GS-01,Geneva Prime,Europe,-88.05,235.47,25.44,113.48,38.88,60.28,10.0,30.35,Online
2026-04-01T15:45:00Z,GS-06,Tanegashima,Asia Pacific,-53.2,234.29,25.17,113.41,40.89,61.36,41.49,31.02,Online
2026-04-01T15:50:00Z,GS-01,Geneva Prime,Europe,-50.85,237.81,23.53,106.73,53.58,43.6,126.36,30.72,Online
2026-04-01T15:50:00Z,GS-06,Tanegashima,Asia Pacific,-53.62,239.89,21.95,78.72,41.54,53.73,149.4,29.94,Online
2026-04-01T15:55:00Z,GS-01,Geneva Prime,Europe,-68.33,239.16,21.95,88.13,48.81,57.34,76.26,30.32,Online
2026-04-01T15:55:00Z,GS-06,Tanegashima,Asia Pacific,-82.72,239.39,27.86,100.55,47.7,65.54,29.23,33.67,Online
2026-04-01T16:00:00Z,GS-01,Geneva Prime,Europe,-56.97,243.26,22.55,154.54,54.3,64.42,89.36,30.63,Online
2026-04-01T16:00:00Z,GS-06,Tanegashima,Asia Pacific,-41.99,240.28,20.09,66.48,42.77,62.48,77.74,32.83,Online
2026-04-01T16:05:00Z,GS-01,Geneva Prime,Europe,-89.27,241.54,20.06,122.79,43.87,63.36,45.44,32.81,Online
2026-04-01T16:05:00Z,GS-06,Tanegashima,Asia Pacific,-44.37,242.42,23.44,117.4,36.52,66.84,145.98,32.49,Online
2026-04-01T16:10:00Z,GS-01,Geneva Prime,Europe,-70.94,243.22,20.8,117.17,50.41,45.04,33.53,30.35,Online
2026-04-01T16:10:00Z,GS-06,Tanegashima,Asia Pacific,-64.51,240.08,24.17,107.54,42.67,53.95,121.95,33.25,Online
2026-04-01T16:15:00Z,GS-01,Geneva Prime,Europe,-67.25,242.53,24.08,89.26,43.33,65.92,10.0,32.63,Online
2026-04-01T16:15:00Z,GS-06,Tanegashima,Asia Pacific,-58.91,242.93,22.92,98.87,24.23,71.96,81.65,31.32,Online
2026-04-01T16:20:00Z,GS-01,Geneva Prime,Europe,-45.73,242.96,23.76,91.97,55.16,42.98,76.04,29.63,Online
2026-04-01T16:20:00Z,GS-06,Tanegashima,Asia Pacific,-53.52,245.94,21.4,78.63,43.67,52.83,113.68,29.98,Online
2026-04-01T16:25:00Z,GS-01,Geneva Prime,Europe,-103.6,245.5,20.46,51.06,30.15,60.88,133.15,30.89,Online
2026-04-01T16:25:00Z,GS-06,Tanegashima,Asia Pacific,-69.1,247.16,21.62,79.16,31.15,45.99,64.4,30.65,Online
2026-04-01T16:30:00Z,GS-01,Geneva Prime,Europe,-61.45,246.67,20.39,118.25,29.19,66.21,39.91,29.17,Online
2026-04-01T16:30:00Z,GS-06,Tanegashima,Asia Pacific,-82.0,246.5,24.23,115.47,56.74,64.18,35.85,29.8,Online
2026-04-01T16:35:00Z,GS-01,Geneva Prime,Europe,-71.7,251.41,19.65,126.81,55.72,74.64,63.61,31.24,Online
2026-04-01T16:35:00Z,GS-06,Tanegashima,Asia Pacific,-30.0,247.51,18.97,43.6,53.55,44.93,65.11,30.83,Online
2026-04-01T16:40:00Z,GS-01,Geneva Prime,Europe,-57.22,250.85,22.25,138.37,33.57,54.58,49.09,31.3,Degraded
2026-04-01T16:40:00Z,GS-06,Tanegashima,Asia Pacific,-46.49,250.9,24.18,64.66,65.01,72.19,109.42,32.72,Online
2026-04-01T16:45:00Z,GS-01,Geneva Prime,Europe,-84.85,250.2,20.12,121.64,32.4,66.06,134.82,30.97,Offline
2026-04-01T16:45:00Z,GS-06,Tanegashima,Asia Pacific,-55.74,249.27,19.9,137.49,54.35,59.69,63.28,26.89,Maintenance
2026-04-01T16:50:00Z,GS-01,Geneva Prime,Europe,-76.06,256.32,18.83,105.68,57.09,49.96,87.39,31.21,Online
2026-04-01T16:50:00Z,GS-06,Tanegashima,Asia Pacific,-59.81,258.24,18.05,131.76,42.93,66.18,97.65,28.7,Online
2026-04-01T16:55:00Z,GS-01,Geneva Prime,Europe,-56.57,250.03,22.4,108.94,52.66,68.46,94.7,29.9,Online
2026-04-01T16:55:00Z,GS-06,Tanegashima,Asia Pacific,-73.22,252.33,23.57,143.09,42.14,60.37,43.82,31.44,Online
2026-04-01T17:00:00Z,GS-01,Geneva Prime,Europe,-50.02,258.88,19.27,88.66,47.78,65.17,71.37,28.24,Online
2026-04-01T17:00:00Z,GS-06,Tanegashima,Asia Pacific,-46.78,256.44,19.19,140.66,59.04,61.07,83.18,30.38,Online
2026-04-01T17:05:00Z,GS-01,Geneva Prime,Europe,-72.93,256.31,16.55,126.29,26.26,72.03,66.8,29.11,Online
2026-04-01T17:05:00Z,GS-06,Tanegashima,Asia Pacific,-69.42,255.67,23.7,25.37,60.32,62.7,31.72,27.81,Online
2026-04-01T17:10:00Z,GS-01,Geneva Prime,Europe,-34.85,255.61,18.4,134.12,49.06,52.5,88.66,27.76,Online
2026-04-01T17:10:00Z,GS-06,Tanegashima,Asia Pacific,-43.49,259.62,21.78,110.85,66.13,60.0,32.73,29.97,Online
2026-04-01T17:15:00Z,GS-01,Geneva Prime,Europe,-30.0,256.72,19.85,112.49,44.35,52.14,124.87,32.65,Online
2026-04-01T17:15:00Z,GS-06,Tanegashima,Asia Pacific,-57.06,256.94,17.48,107.74,58.25,63.8,79.9,28.29,Online
2026-04-01T17:20:00Z,GS-01,Geneva Prime,Europe,-76.38,261.67,22.28,53.63,64.08,64.59,135.98,27.03,Online
2026-04-01T17:20:00Z,GS-06,Tanegashima,Asia Pacific,-80.49,259.7,21.46,153.89,53.47,58.06,38.95,30.89,Online
2026-04-01T17:25:00Z,GS-01,Geneva Prime,Europe,-74.47,264.51,19.78,147.72,53.15,58.9,59.22,28.4,Online
2026-04-01T17:25:00Z,GS-06,Tanegashima,Asia Pacific,-53.58,261.4,19.16,95.03,45.94,42.97,98.33,27.44,Online
2026-04-01T17:30:00Z,GS-01,Geneva Prime,Europe,-77.3,259.13,16.67,59.34,36.49,75.63,58.96,29.05,Online
2026-04-01T17:30:00Z,GS-06,Tanegashima,Asia Pacific,-53.99,262.76,20.1,64.14,62.41,74.46,12.69,27.25,Online
2026-04-01T17:35:00Z,GS-01,Geneva Prime,Europe,-64.2,261.82,21.19,78.15,95.0,69.52,88.5,30.19,Online
2026-04-01T17:35:00Z,GS-06,Tanegashima,Asia Pacific,-43.41,262.62,18.55,102.34,55.34,61.11,16.92,27.45,Online
2026-04-01T17:40:00Z,GS-01,Geneva Prime,Europe,-61.11,264.85,24.06,58.42,51.07,71.91,170.86,27.92,Online
2026-04-01T17:40:00Z,GS-06,Tanegashima,Asia Pacific,-52.63,266.14,20.51,97.03,86.58,40.0,107.28,28.71,Online
2026-04-01T17:45:00Z,GS-01,Geneva Prime,Europe,-63.34,270.34,18.71,87.91,68.9,53.34,58.0,28.17,Online
2026-04-01T17:45:00Z,GS-06,Tanegashima,Asia Pacific,-47.39,266.67,17.48,84.03,37.71,59.38,97.03,29.02,Online
2026-04-01T17:50:00Z,GS-01,Geneva Prime,Europe,-86.64,269.63,20.53,141.54,50.33,68.81,98.66,30.28,Online
2026-04-01T17:50:00Z,GS-06,Tanegashima,Asia Pacific,-52.17,267.3,24.57,126.67,51.88,49.79,28.47,28.7,Online
2026-04-01T17:55:00Z,GS-01,Geneva Prime,Europe,-57.82,267.52,20.29,147.66,53.34,50.87,75.54,26.92,Online
2026-04-01T17:55:00Z,GS-06,Tanegashima,Asia Pacific,-65.82,267.92,19.05,62.35,43.47,55.52,10.0,31.21,Online
2026-04-01T18:00:00Z,GS-01,Geneva Prime,Europe,-43.67,269.25,20.04,64.85,65.35,75.18,86.27,29.54,Online
2026-04-01T18:00:00Z,GS-06,Tanegashima,Asia Pacific,-57.37,267.33,19.18,103.96,39.55,58.25,76.34,27.88,Online
2026-04-01T18:05:00Z,GS-01,Geneva Prime,Europe,-59.22,269.13,18.57,61.46,56.73,43.15,126.14,29.95,Online
2026-04-01T18:05:00Z,GS-06,Tanegashima,Asia Pacific,-64.53,266.04,19.28,98.07,32.87,55.88,141.21,28.87,Online
2026-04-01T18:10:00Z,GS-01,Geneva Prime,Europe,-73.87,269.3,19.37,93.6,50.95,55.72,100.46,30.64,Online
2026-04-01T18:10:00Z,GS-06,Tanegashima,Asia Pacific,-47.77,272.4,19.66,89.3,59.17,54.98,81.81,27.82,Online
2026-04-01T18:15:00Z,GS-01,Geneva Prime,Europe,-67.53,271.01,20.71,98.17,51.0,55.73,128.83,26.29,Online
2026-04-01T18:15:00Z,GS-06,Tanegashima,Asia Pacific,-34.32,270.25,20.93,114.26,59.31,63.4,131.18,24.28,Online
2026-04-01T18:20:00Z,GS-01,Geneva Prime,Europe,-52.46,270.01,18.18,148.87,38.02,50.61,72.08,30.58,Online
2026-04-01T18:20:00Z,GS-06,Tanegashima,Asia Pacific,-87.48,272.9,23.11,155.73,43.76,50.09,163.83,29.87,Online
2026-04-01T18:25:00Z,GS-01,Geneva Prime,Europe,-49.82,274.63,20.08,95.19,48.97,71.61,115.18,25.73,Online
2026-04-01T18:25:00Z,GS-06,Tanegashima,Asia Pacific,-39.35,276.88,21.55,144.0,31.66,59.71,58.74,25.0,Online
2026-04-01T18:30:00Z,GS-01,Geneva Prime,Europe,-54.8,282.52,16.58,99.03,52.69,60.98,75.47,25.27,Online
2026-04-01T18:30:00Z,GS-06,Tanegashima,Asia Pacific,-56.51,275.99,15.88,135.84,83.95,60.41,89.16,28.83,Online
2026-04-01T18:35:00Z,GS-01,Geneva Prime,Europe,-56.63,280.56,19.75,139.36,48.85,61.55,29.2,27.52,Online
2026-04-01T18:35:00Z,GS-06,Tanegashima,Asia Pacific,-72.48,277.47,18.72,68.01,70.5,70.65,156.81,25.25,Online
2026-04-01T18:40:00Z,GS-01,Geneva Prime,Europe,-58.93,277.41,19.06,72.46,59.88,56.83,122.74,27.86,Online
2026-04-01T18:40:00Z,GS-06,Tanegashima,Asia Pacific,-30.0,277.04,22.97,134.39,33.32,68.06,93.45,26.62,Online
2026-04-01T18:45:00Z,GS-01,Geneva Prime,Europe,-72.36,279.81,24.68,100.02,54.39,53.67,48.81,28.45,Online
2026-04-01T18:45:00Z,GS-06,Tanegashima,Asia Pacific,-80.24,280.42,20.64,103.34,42.85,63.17,107.71,27.93,Online
2026-04-01T18:50:00Z,GS-01,Geneva Prime,Europe,-74.79,281.93,23.1,126.84,28.53,62.81,10.0,26.77,Online
2026-04-01T18:50:00Z,GS-06,Tanegashima,Asia Pacific,-31.53,280.6,19.04,122.92,26.49,54.94,103.86,25.75,Online
2026-04-01T18:55:00Z,GS-01,Geneva Prime,Europe,-63.54,285.24,21.7,108.0,40.93,62.96,75.05,27.26,Online
2026-04-01T18:55:00Z,GS-06,Tanegashima,Asia Pacific,-67.45,283.38,18.88,98.95,70.87,51.09,90.35,26.89,Online
2026-04-01T19:00:00Z,GS-01,Geneva Prime,Europe,-48.26,284.14,21.84,116.52,88.57,53.39,85.97,26.99,Online
2026-04-01T19:00:00Z,GS-06,Tanegashima,Asia Pacific,-59.89,280.83,21.34,166.38,40.68,54.18,94.93,26.92,Online
2026-04-01T19:05:00Z,GS-01,Geneva Prime,Europe,-42.11,283.73,22.66,117.71,43.29,62.71,121.18,27.63,Online
2026-04-01T19:05:00Z,GS-06,Tanegashima,Asia Pacific,-77.15,287.89,21.07,102.19,45.88,58.8,127.67,26.2,Degraded
2026-04-01T19:10:00Z,GS-01,Geneva Prime,Europe,-76.79,286.71,21.75,136.88,52.24,53.2,179.41,26.59,Online
2026-04-01T19:10:00Z,GS-06,Tanegashima,Asia Pacific,-40.87,287.2,22.46,125.18,59.62,68.46,114.89,25.72,Online
2026-04-01T19:15:00Z,GS-01,Geneva Prime,Europe,-68.58,289.42,23.46,93.32,57.78,71.62,43.35,24.82,Online
2026-04-01T19:15:00Z,GS-06,Tanegashima,Asia Pacific,-62.11,289.37,20.54,140.57,50.09,60.32,22.56,24.1,Online
2026-04-01T19:20:00Z,GS-01,Geneva Prime,Europe,-55.78,285.73,23.83,95.26,83.92,78.46,72.74,25.79,Online
2026-04-01T19:20:00Z,GS-06,Tanegashima,Asia Pacific,-45.07,293.41,18.53,46.41,37.54,64.66,99.87,27.55,Online
2026-04-01T19:25:00Z,GS-01,Geneva Prime,Europe,-78.0,286.62,23.76,75.15,20.78,61.16,111.73,25.64,Online
2026-04-01T19:25:00Z,GS-06,Tanegashima,Asia Pacific,-66.87,290.93,21.3,59.56,36.42,64.17,92.87,26.08,Online
2026-04-01T19:30:00Z,GS-01,Geneva Prime,Europe,-74.93,292.14,17.93,105.35,62.15,48.21,56.56,26.2,Online
2026-04-01T19:30:00Z,GS-06,Tanegashima,Asia Pacific,-41.21,291.6,20.9,40.93,46.24,76.34,91.09,25.67,Offline
2026-04-01T19:35:00Z,GS-01,Geneva Prime,Europe,-55.17,293.73,20.91,124.7,47.71,60.14,40.99,27.54,Online
2026-04-01T19:35:00Z,GS-06,Tanegashima,Asia Pacific,-50.03,292.64,24.54,85.07,35.62,53.92,10.0,26.29,Online
2026-04-01T19:40:00Z,GS-01,Geneva Prime,Europe,-87.47,292.54,18.66,97.42,43.2,57.39,38.3,23.71,Online
2026-04-01T19:40:00Z,GS-06,Tanegashima,Asia Pacific,-53.03,293.9,23.44,73.44,47.17,70.43,103.45,24.85,Online
2026-04-01T19:45:00Z,GS-01,Geneva Prime,Europe,-56.14,295.77,23.11,90.23,43.03,61.7,40.27,23.82,Online
2026-04-01T19:45:00Z,GS-06,Tanegashima,Asia Pacific,-80.83,293.05,20.66,104.78,34.29,64.11,81.39,22.39,Online
2026-04-01T19:50:00Z,GS-01,Geneva Prime,Europe,-50.18,299.12,21.4,112.61,34.72,60.78,29.42,22.54,Online
2026-04-01T19:50:00Z,GS-06,Tanegashima,Asia Pacific,-65.74,297.25,22.59,64.48,40.2,62.15,78.2,25.5,Online
2026-04-01T19:55:00Z,GS-01,Geneva Prime,Europe,-70.05,301.09,21.35,114.63,59.18,63.85,71.9,24.32,Online
2026-04-01T19:55:00Z,GS-06,Tanegashima,Asia Pacific,-44.46,295.9,21.76,88.07,59.85,63.04,41.28,24.65,Online
2026-04-01T20:00:00Z,GS-01,Geneva Prime,Europe,-69.21,298.58,25.98,58.85,95.0,66.63,123.63,24.31,Online
2026-04-01T20:00:00Z,GS-06,Tanegashima,Asia Pacific,-62.25,297.13,22.97,114.81,60.55,51.14,65.38,24.77,Online
2026-04-01T20:05:00Z,GS-01,Geneva Prime,Europe,-80.94,302.43,22.9,94.14,39.58,53.69,79.72,24.56,Online
2026-04-01T20:05:00Z,GS-06,Tanegashima,Asia Pacific,-65.58,299.79,24.99,149.61,46.68,67.97,24.39,25.12,Online
2026-04-01T20:10:00Z,GS-01,Geneva Prime,Europe,-76.46,299.55,23.22,135.76,56.4,61.94,18.69,24.48,Online
2026-04-01T20:10:00Z,GS-06,Tanegashima,Asia Pacific,-55.47,302.85,21.01,73.29,44.23,64.29,10.0,24.53,Online
2026-04-01T20:15:00Z,GS-01,Geneva Prime,Europe,-57.85,305.45,26.44,117.48,35.4,44.74,64.28,26.17,Online
2026-04-01T20:15:00Z,GS-06,Tanegashima,Asia Pacific,-39.1,305.17,25.91,111.39,38.33,58.96,146.76,23.25,Online
2026-04-01T20:20:00Z,GS-01,Geneva Prime,Europe,-35.78,304.36,28.08,57.8,52.03,54.11,23.39,24.89,Online
2026-04-01T20:20:00Z,GS-06,Tanegashima,Asia Pacific,-44.86,303.31,22.43,97.24,43.95,64.39,117.98,24.47,Online
2026-04-01T20:25:00Z,GS-01,Geneva Prime,Europe,-32.17,306.7,25.11,51.65,41.85,57.31,118.41,25.15,Online
2026-04-01T20:25:00Z,GS-06,Tanegashima,Asia Pacific,-77.69,306.59,27.15,145.84,55.65,66.09,82.4,25.03,Online
2026-04-01T20:30:00Z,GS-01,Geneva Prime,Europe,-41.26,304.83,25.5,76.82,49.55,69.84,56.12,20.76,Online
2026-04-01T20:30:00Z,GS-06,Tanegashima,Asia Pacific,-66.18,309.33,27.27,112.85,41.64,49.77,100.61,23.1,Online
2026-04-01T20:35:00Z,GS-01,Geneva Prime,Europe,-30.0,309.89,25.44,81.66,43.88,58.08,124.67,24.52,Online
2026-04-01T20:35:00Z,GS-06,Tanegashima,Asia Pacific,-70.97,312.53,26.7,123.07,37.7,62.9,92.44,21.41,Online
2026-04-01T20:40:00Z,GS-01,Geneva Prime,Europe,-30.0,312.58,26.22,66.93,49.17,60.69,94.23,24.43,Online
2026-04-01T20:40:00Z,GS-06,Tanegashima,Asia Pacific,-52.41,312.89,28.15,68.51,61.35,73.12,200.0,22.46,Online
2026-04-01T20:45:00Z,GS-01,Geneva Prime,Europe,-56.36,307.09,28.55,83.55,68.08,53.8,12.43,23.34,Online
2026-04-01T20:45:00Z,GS-06,Tanegashima,Asia Pacific,-89.63,312.75,23.31,100.85,20.07,57.44,145.74,24.58,Online
2026-04-01T20:50:00Z,GS-01,Geneva Prime,Europe,-72.95,312.44,27.92,114.18,28.6,64.74,10.0,23.0,Online
2026-04-01T20:50:00Z,GS-06,Tanegashima,Asia Pacific,-67.32,313.77,27.93,57.83,33.18,61.59,76.84,23.08,Online
2026-04-01T20:55:00Z,GS-01,Geneva Prime,Europe,-67.21,315.14,27.29,97.36,71.04,48.61,10.0,25.03,Online
2026-04-01T20:55:00Z,GS-06,Tanegashima,Asia Pacific,-70.18,313.11,26.77,92.21,64.18,66.42,114.49,21.73,Online
2026-04-01T21:00:00Z,GS-01,Geneva Prime,Europe,-77.27,309.32,27.17,128.7,51.2,58.23,79.11,22.72,Online
2026-04-01T21:00:00Z,GS-06,Tanegashima,Asia Pacific,-56.93,316.53,25.56,108.99,56.19,56.68,108.03,27.98,Online
2026-04-01T21:05:00Z,GS-01,Geneva Prime,Europe,-61.57,317.04,27.78,105.44,50.52,61.56,39.21,23.98,Online
2026-04-01T21:05:00Z,GS-06,Tanegashima,Asia Pacific,-38.07,317.15,31.18,92.89,54.0,62.23,41.96,24.14,Online
2026-04-01T21:10:00Z,GS-01,Geneva Prime,Europe,-74.88,316.23,30.11,108.92,56.2,68.43,102.88,22.52,Online
2026-04-01T21:10:00Z,GS-06,Tanegashima,Asia Pacific,-83.06,317.21,28.84,103.39,40.64,43.94,64.47,23.12,Online
2026-04-01T21:15:00Z,GS-01,Geneva Prime,Europe,-50.5,317.35,33.58,42.65,60.73,58.21,114.38,23.61,Online
2026-04-01T21:15:00Z,GS-06,Tanegashima,Asia Pacific,-42.91,317.98,28.02,142.62,43.64,61.77,129.39,21.94,Online
2026-04-01T21:20:00Z,GS-01,Geneva Prime,Europe,-51.07,318.82,30.45,102.17,27.0,53.77,134.04,24.73,Online
2026-04-01T21:20:00Z,GS-06,Tanegashima,Asia Pacific,-60.94,320.49,30.13,140.7,42.6,61.85,125.84,22.24,Online
2026-04-01T21:25:00Z,GS-01,Geneva Prime,Europe,-36.62,318.19,34.48,88.82,66.08,44.88,61.81,21.76,Online
2026-04-01T21:25:00Z,GS-06,Tanegashima,Asia Pacific,-69.11,320.98,33.14,106.23,75.14,51.24,44.77,26.02,Online
2026-04-01T21:30:00Z,GS-01,Geneva Prime,Europe,-71.03,325.81,31.25,100.07,57.84,70.18,75.57,22.66,Online
2026-04-01T21:30:00Z,GS-06,Tanegashima,Asia Pacific,-60.84,323.18,33.52,100.13,52.43,73.11,95.25,23.71,Online
2026-04-01T21:35:00Z,GS-01,Geneva Prime,Europe,-82.78,318.49,33.04,97.16,38.82,61.95,77.58,24.85,Online
2026-04-01T21:35:00Z,GS-06,Tanegashima,Asia Pacific,-58.71,322.26,34.24,93.49,51.32,56.18,54.01,23.29,Online
2026-04-01T21:40:00Z,GS-01,Geneva Prime,Europe,-59.81,325.96,32.26,44.91,39.81,66.35,68.1,22.72,Online
2026-04-01T21:40:00Z,GS-06,Tanegashima,Asia Pacific,-45.2,323.58,29.71,95.18,39.19,52.27,72.98,23.82,Online
2026-04-01T21:45:00Z,GS-01,Geneva Prime,Europe,-60.14,326.86,36.96,89.71,48.34,55.93,46.15,22.13,Online
2026-04-01T21:45:00Z,GS-06,Tanegashima,Asia Pacific,-67.18,326.97,38.03,78.52,40.0,59.5,95.83,23.41,Online
2026-04-01T21:50:00Z,GS-01,Geneva Prime,Europe,-40.74,322.65,29.11,85.12,58.17,47.47,10.0,23.8,Maintenance
2026-04-01T21:50:00Z,GS-06,Tanegashima,Asia Pacific,-56.35,325.32,31.91,70.91,46.33,54.99,99.76,18.66,Online
2026-04-01T21:55:00Z,GS-01,Geneva Prime,Europe,-72.85,326.5,33.92,83.86,54.57,45.13,81.82,23.71,Online
2026-04-01T21:55:00Z,GS-06,Tanegashima,Asia Pacific,-32.15,327.79,35.09,45.88,20.0,66.76,79.78,24.64,Online
2026-04-01T22:00:00Z,GS-01,Geneva Prime,Europe,-80.6,331.04,38.74,112.59,48.32,60.07,17.16,24.84,Online
2026-04-01T22:00:00Z,GS-06,Tanegashima,Asia Pacific,-69.16,331.01,31.87,64.62,62.22,57.22,138.13,22.69,Online
2026-04-01T22:05:00Z,GS-01,Geneva Prime,Europe,-87.63,333.03,34.39,120.96,45.3,47.66,86.57,26.03,Online
2026-04-01T22:05:00Z,GS-06,Tanegashima,Asia Pacific,-52.61,331.13,37.72,106.32,47.51,51.27,89.35,24.29,Online
2026-04-01T22:10:00Z,GS-01,Geneva Prime,Europe,-72.54,335.35,35.96,73.37,56.97,57.71,110.38,22.24,Online
2026-04-01T22:10:00Z,GS-06,Tanegashima,Asia Pacific,-60.9,333.49,36.73,40.13,31.55,67.44,74.71,21.89,Online
2026-04-01T22:15:00Z,GS-01,Geneva Prime,Europe,-80.38,331.59,32.69,96.96,37.82,52.27,77.28,23.16,Online
2026-04-01T22:15:00Z,GS-06,Tanegashima,Asia Pacific,-30.0,330.73,39.05,129.19,35.65,61.63,61.69,22.9,Online
2026-04-01T22:20:00Z,GS-01,Geneva Prime,Europe,-37.36,336.21,38.34,87.09,27.19,58.33,128.26,20.27,Online
2026-04-01T22:20:00Z,GS-06,Tanegashima,Asia Pacific,-75.83,335.25,35.35,76.22,39.92,49.08,41.04,23.62,Online
2026-04-01T22:25:00Z,GS-01,Geneva Prime,Europe,-79.61,333.05,36.66,121.96,42.64,56.28,81.77,19.89,Online
2026-04-01T22:25:00Z,GS-06,Tanegashima,Asia Pacific,-52.58,337.02,37.1,130.18,31.47,69.02,86.18,22.0,Online
2026-04-01T22:30:00Z,GS-01,Geneva Prime,Europe,-60.3,337.29,40.96,67.7,35.85,68.29,56.18,23.81,Online
2026-04-01T22:30:00Z,GS-06,Tanegashima,Asia Pacific,-34.51,336.7,39.88,65.39,54.06,61.6,98.92,21.49,Online
2026-04-01T22:35:00Z,GS-01,Geneva Prime,Europe,-84.92,339.76,35.0,90.48,56.29,61.54,157.93,23.95,Online
2026-04-01T22:35:00Z,GS-06,Tanegashima,Asia Pacific,-69.81,338.8,39.03,52.53,33.72,55.51,10.0,22.48,Online
2026-04-01T22:40:00Z,GS-01,Geneva Prime,Europe,-63.74,336.65,40.55,121.48,47.72,57.41,103.66,23.38,Online
2026-04-01T22:40:00Z,GS-06,Tanegashima,Asia Pacific,-55.39,338.35,40.29,135.86,37.84,76.78,58.97,22.41,Online
2026-04-01T22:45:00Z,GS-01,Geneva Prime,Europe,-70.09,341.7,36.87,83.62,31.89,61.08,119.78,23.29,Online
2026-04-01T22:45:00Z,GS-06,Tanegashima,Asia Pacific,-95.57,345.33,40.95,76.71,46.89,61.41,53.33,22.62,Online
2026-04-01T22:50:00Z,GS-01,Geneva Prime,Europe,-69.11,341.69,39.61,57.02,46.75,64.68,100.6,23.51,Online
2026-04-01T22:50:00Z,GS-06,Tanegashima,Asia Pacific,-55.13,341.43,42.66,59.27,34.19,52.29,123.2,23.69,Online
2026-04-01T22:55:00Z,GS-01,Geneva Prime,Europe,-52.69,345.89,39.85,110.46,43.5,66.78,75.39,21.66,Online
2026-04-01T22:55:00Z,GS-06,Tanegashima,Asia Pacific,-51.89,345.5,40.27,98.17,32.3,40.02,88.02,23.15,Online
2026-04-01T23:00:00Z,GS-01,Geneva Prime,Europe,-56.07,341.1,41.53,33.45,61.44,51.31,130.22,23.62,Online
2026-04-01T23:00:00Z,GS-06,Tanegashima,Asia Pacific,-73.51,342.73,42.94,74.67,79.66,56.14,10.0,18.86,Online
2026-04-01T23:05:00Z,GS-01,Geneva Prime,Europe,-56.6,345.13,41.76,120.88,59.08,57.82,66.38,22.92,Online
2026-04-01T23:05:00Z,GS-06,Tanegashima,Asia Pacific,-80.35,346.7,43.97,120.41,21.76,53.91,44.87,22.32,Online
2026-04-01T23:10:00Z,GS-01,Geneva Prime,Europe,-52.79,350.49,42.52,85.07,58.8,62.37,130.71,22.58,Online
2026-04-01T23:10:00Z,GS-06,Tanegashima,Asia Pacific,-77.36,344.83,40.4,119.86,59.26,74.79,113.72,23.89,Online
2026-04-01T23:15:00Z,GS-01,Geneva Prime,Europe,-68.7,346.44,45.85,112.53,46.29,63.1,92.93,24.04,Offline
2026-04-01T23:15:00Z,GS-06,Tanegashima,Asia Pacific,-40.58,349.84,45.84,115.42,39.47,66.05,24.22,23.7,Online
2026-04-01T23:20:00Z,GS-01,Geneva Prime,Europe,-77.92,350.57,43.1,116.6,44.59,47.24,96.83,21.22,Online
2026-04-01T23:20:00Z,GS-06,Tanegashima,Asia Pacific,-46.78,350.0,45.58,71.27,63.74,56.33,114.27,24.61,Online
2026-04-01T23:25:00Z,GS-01,Geneva Prime,Europe,-72.08,353.4,41.1,64.17,33.49,49.18,16.66,22.69,Online
2026-04-01T23:25:00Z,GS-06,Tanegashima,Asia Pacific,-63.21,352.01,46.82,107.97,52.89,59.44,32.52,23.66,Online
2026-04-01T23:30:00Z,GS-01,Geneva Prime,Europe,-68.84,350.63,45.73,72.62,77.03,62.75,93.93,20.7,Online
2026-04-01T23:30:00Z,GS-06,Tanegashima,Asia Pacific,-67.32,354.65,47.08,162.25,59.16,69.15,24.49,23.2,Online
2026-04-01T23:35:00Z,GS-01,Geneva Prime,Europe,-60.8,352.65,47.07,128.36,51.01,52.97,109.7,21.08,Online
2026-04-01T23:35:00Z,GS-06,Tanegashima,Asia Pacific,-56.75,353.14,46.3,122.99,32.52,75.56,10.0,21.14,Online
2026-04-01T23:40:00Z,GS-01,Geneva Prime,Europe,-54.45,356.17,47.18,98.28,49.93,58.15,135.73,23.28,Online
2026-04-01T23:40:00Z,GS-06,Tanegashima,Asia Pacific,-46.91,353.07,47.23,90.99,32.93,62.88,58.49,23.01,Degraded
2026-04-01T23:45:00Z,GS-01,Geneva Prime,Europe,-76.05,359.69,46.25,106.58,54.5,55.43,114.1,20.17,Online
2026-04-01T23:45:00Z,GS-06,Tanegashima,Asia Pacific,-38.22,356.28,46.85,91.02,54.71,55.32,50.03,21.68,Online
2026-04-01T23:50:00Z,GS-01,Geneva Prime,Europe,-77.65,1.14,47.56,124.95,47.51,52.12,79.76,23.18,Online
2026-04-01T23:50:00Z,GS-06,Tanegashima,Asia Pacific,-62.82,359.89,50.73,127.57,39.48,51.36,55.46,22.3,Online
2026-04-01T23:55:00Z,GS-01,Geneva Prime,Europe,-51.81,354.41,49.33,104.74,41.67,70.33,96.87,23.97,Online
2026-04-01T23:55:00Z,GS-06,Tanegashima,Asia Pacific,-63.24,0.62,52.62,139.35,31.89,57.97,66.19,22.74,Online
2026-04-02T00:00:00Z,GS-01,Geneva Prime,Europe,-49.7,358.32,50.14,39.4,62.3,55.9,82.23,21.54,Online
2026-04-02T00:00:00Z,GS-06,Tanegashima,Asia Pacific,-42.81,354.32,49.97,96.83,39.56,73.81,44.51,23.16,Online
2026-04-02T00:05:00Z,GS-01,Geneva Prime,Europe,-54.66,3.77,49.32,78.01,58.15,63.4,18.2,21.19,Online
2026-04-02T00:05:00Z,GS-06,Tanegashima,Asia Pacific,-54.2,2.93,49.3,12.57,84.97,50.24,10.0,18.0,Online
2026-04-02T00:10:00Z,GS-01,Geneva Prime,Europe,-47.79,2.76,50.86,141.67,52.65,72.93,24.29,21.95,Online
2026-04-02T00:10:00Z,GS-06,Tanegashima,Asia Pacific,-84.25,2.04,50.81,118.8,45.55,64.99,108.14,25.24,Online
2026-04-02T00:15:00Z,GS-01,Geneva Prime,Europe,-64.73,1.87,52.45,75.93,62.78,57.73,57.38,21.31,Online
2026-04-02T00:15:00Z,GS-06,Tanegashima,Asia Pacific,-49.22,3.43,50.68,149.96,34.73,60.28,106.09,19.57,Online
2026-04-02T00:20:00Z,GS-01,Geneva Prime,Europe,-52.8,2.89,54.26,71.12,53.31,68.85,114.46,22.4,Online
2026-04-02T00:20:00Z,GS-06,Tanegashima,Asia Pacific,-63.47,3.85,55.56,79.02,32.56,65.32,48.15,20.6,Online
2026-04-02T00:25:00Z,GS-01,Geneva Prime,Europe,-81.65,5.28,53.1,107.29,56.42,64.22,72.37,21.74,Degraded
2026-04-02T00:25:00Z,GS-06,Tanegashima,Asia Pacific,-52.35,8.8,53.52,85.93,33.09,48.44,106.65,22.9,Online
2026-04-02T00:30:00Z,GS-01,Geneva Prime,Europe,-51.34,7.24,56.73,85.48,56.46,59.69,55.67,22.94,Online
2026-04-02T00:30:00Z,GS-06,Tanegashima,Asia Pacific,-53.86,8.21,54.08,98.86,73.66,69.47,108.91,22.22,Online
2026-04-02T00:35:00Z,GS-01,Geneva Prime,Europe,-44.89,9.79,54.62,90.89,44.03,40.0,88.42,21.34,Online
2026-04-02T00:35:00Z,GS-06,Tanegashima,Asia Pacific,-36.11,8.79,52.19,98.5,32.45,63.79,91.64,23.51,Online
2026-04-02T00:40:00Z,GS-01,Geneva Prime,Europe,-71.86,10.07,52.48,121.04,51.23,63.97,80.06,22.71,Online
2026-04-02T00:40:00Z,GS-06,Tanegashima,Asia Pacific,-35.93,9.43,55.49,67.42,34.58,60.78,124.16,21.71,Online
2026-04-02T00:45:00Z,GS-01,Geneva Prime,Europe,-63.54,10.44,54.78,108.85,27.03,70.25,53.38,23.2,Online
2026-04-02T00:45:00Z,GS-06,Tanegashima,Asia Pacific,-79.05,12.59,57.2,111.53,33.07,62.0,32.68,21.74,Online
2026-04-02T00:50:00Z,GS-01,Geneva Prime,Europe,-44.56,14.09,56.52,70.76,52.75,60.16,10.0,23.32,Online
2026-04-02T00:50:00Z,GS-06,Tanegashima,Asia Pacific,-60.36,14.9,54.3,4.7,48.35,62.33,12.37,20.67,Online
2026-04-02T00:55:00Z,GS-01,Geneva Prime,Europe,-30.0,13.14,58.59,80.48,20.0,58.64,69.38,21.57,Online
2026-04-02T00:55:00Z,GS-06,Tanegashima,Asia Pacific,-61.72,14.28,56.83,62.08,50.83,44.41,10.0,23.28,Online
2026-04-02T01:00:00Z,GS-01,Geneva Prime,Europe,-52.39,14.89,54.97,78.76,41.85,47.23,50.44,23.18,Online
2026-04-02T01:00:00Z,GS-06,Tanegashima,Asia Pacific,-38.59,14.16,59.28,42.58,52.91,53.57,92.29,21.83,Online
2026-04-02T01:05:00Z,GS-01,Geneva Prime,Europe,-40.19,14.5,59.65,91.61,43.1,58.53,46.17,22.22,Online
2026-04-02T01:05:00Z,GS-06,Tanegashima,Asia Pacific,-60.94,16.73,58.56,123.94,56.08,51.6,114.75,20.46,Online
2026-04-02T01:10:00Z,GS-01,Geneva Prime,Europe,-51.18,18.74,55.2,102.79,39.38,53.93,134.03,21.3,Online
2026-04-02T01:10:00Z,GS-06,Tanegashima,Asia Pacific,-72.1,17.65,60.39,95.75,59.0,64.25,10.0,21.48,Online
2026-04-02T01:15:00Z,GS-01,Geneva Prime,Europe,-68.43,19.71,54.39,176.47,51.37,61.19,127.26,25.83,Online
2026-04-02T01:15:00Z,GS-06,Tanegashima,Asia Pacific,-46.94,20.65,59.9,95.75,39.29,53.39,52.52,20.29,Online
2026-04-02T01:20:00Z,GS-01,Geneva Prime,Europe,-61.14,16.63,60.64,98.91,46.76,55.82,200.0,24.4,Online
2026-04-02T01:20:00Z,GS-06,Tanegashima,Asia Pacific,-78.67,20.47,59.04,69.57,28.92,63.46,52.74,23.81,Online
2026-04-02T01:25:00Z,GS-01,Geneva Prime,Europe,-45.09,24.0,59.17,114.26,52.59,56.21,49.13,24.82,Degraded
2026-04-02T01:25:00Z,GS-06,Tanegashima,Asia Pacific,-56.59,22.52,59.23,63.42,38.17,59.01,37.43,22.39,Online
2026-04-02T01:30:00Z,GS-01,Geneva Prime,Europe,-85.33,20.26,62.82,118.11,40.3,51.86,38.9,21.9,Online
2026-04-02T01:30:00Z,GS-06,Tanegashima,Asia Pacific,-50.33,24.36,60.49,65.4,48.21,53.41,59.27,24.44,Online
2026-04-02T01:35:00Z,GS-01,Geneva Prime,Europe,-47.59,24.07,59.54,106.34,57.75,56.99,134.04,24.45,Online
2026-04-02T01:35:00Z,GS-06,Tanegashima,Asia Pacific,-35.04,24.36,63.26,142.43,50.37,55.99,62.06,22.87,Online
2026-04-02T01:40:00Z,GS-01,Geneva Prime,Europe,-79.36,24.71,64.87,34.26,63.41,68.98,61.61,23.38,Online
2026-04-02T01:40:00Z,GS-06,Tanegashima,Asia Pacific,-59.95,27.46,64.64,58.0,52.05,58.35,83.31,21.47,Online
2026-04-02T01:45:00Z,GS-01,Geneva Prime,Europe,-33.78,28.33,61.79,59.96,40.37,63.48,89.61,24.5,Online
2026-04-02T01:45:00Z,GS-06,Tanegashima,Asia Pacific,-48.15,28.19,63.92,58.32,42.65,68.48,77.94,23.37,Online
2026-04-02T01:50:00Z,GS-01,Geneva Prime,Europe,-64.78,25.44,63.61,109.27,60.41,58.11,42.42,24.36,Online
2026-04-02T01:50:00Z,GS-06,Tanegashima,Asia Pacific,-64.42,30.41,66.91,97.57,32.9,43.31,21.12,20.62,Online
2026-04-02T01:55:00Z,GS-01,Geneva Prime,Europe,-39.32,28.98,65.21,33.39,30.62,67.1,91.47,22.52,Online
2026-04-02T01:55:00Z,GS-06,Tanegashima,Asia Pacific,-51.53,32.02,63.99,102.08,47.31,79.14,10.0,23.76,Online
2026-04-02T02:00:00Z,GS-01,Geneva Prime,Europe,-61.72,31.13,63.69,98.53,53.54,80.0,112.32,21.53,Online
2026-04-02T02:00:00Z,GS-06,Tanegashima,Asia Pacific,-66.36,29.09,61.41,90.1,53.79,49.81,121.94,23.54,Online
2026-04-02T02:05:00Z,GS-01,Geneva Prime,Europe,-71.01,30.97,68.76,122.01,45.11,58.1,83.06,22.1,Online
2026-04-02T02:05:00Z,GS-06,Tanegashima,Asia Pacific,-91.57,35.33,65.87,111.94,44.31,54.12,72.56,20.47,Online
2026-04-02T02:10:00Z,GS-01,Geneva Prime,Europe,-30.0,30.03,64.06,86.79,60.46,60.12,30.55,24.82,Online
2026-04-02T02:10:00Z,GS-06,Tanegashima,Asia Pacific,-49.03,33.58,67.55,171.83,71.22,54.51,144.96,23.51,Online
2026-04-02T02:15:00Z,GS-01,Geneva Prime,Europe,-52.51,30.37,66.33,75.62,54.94,68.57,10.0,22.98,Online
2026-04-02T02:15:00Z,GS-06,Tanegashima,Asia Pacific,-43.17,33.38,68.13,110.53,49.1,57.83,31.34,21.33,Online
2026-04-02T02:20:00Z,GS-01,Geneva Prime,Europe,-49.36,35.04,66.93,87.28,80.04,68.38,66.59,21.07,Online
2026-04-02T02:20:00Z,GS-06,Tanegashima,Asia Pacific,-48.85,34.59,67.27,148.23,44.75,62.31,32.84,22.76,Online
2026-04-02T02:25:00Z,GS-01,Geneva Prime,Europe,-50.86,33.14,68.14,103.02,45.5,68.3,93.38,25.38,Online
2026-04-02T02:25:00Z,GS-06,Tanegashima,Asia Pacific,-74.9,36.52,67.91,67.92,56.48,78.6,79.32,23.92,Online
2026-04-02T02:30:00Z,GS-01,Geneva Prime,Europe,-58.73,36.07,64.62,78.83,28.3,73.63,75.4,22.72,Online
2026-04-02T02:30:00Z,GS-06,Tanegashima,Asia Pacific,-46.66,35.26,66.73,102.04,57.35,64.01,89.93,23.36,Online
2026-04-02T02:35:00Z,GS-01,Geneva Prime,Europe,-54.0,39.15,66.72,101.38,32.12,60.65,60.77,27.13,Online
2026-04-02T02:35:00Z,GS-06,Tanegashima,Asia Pacific,-60.6,35.94,68.51,115.58,65.08,55.28,16.7,24.55,Online
2026-04-02T02:40:00Z,GS-01,Geneva Prime,Europe,-80.71,39.13,68.77,97.91,53.27,54.53,69.05,23.38,Online
2026-04-02T02:40:00Z,GS-06,Tanegashima,Asia Pacific,-57.76,40.2,70.16,125.32,49.71,63.63,16.71,23.48,Degraded
2026-04-02T02:45:00Z,GS-01,Geneva Prime,Europe,-52.81,42.71,68.4,80.23,38.11,64.29,121.36,22.88,Online
2026-04-02T02:45:00Z,GS-06,Tanegashima,Asia Pacific,-46.38,41.5,69.53,93.66,53.96,62.6,171.03,22.21,Online
2026-04-02T02:50:00Z,GS-01,Geneva Prime,Europe,-52.23,41.44,68.53,99.67,46.65,80.0,72.63,21.88,Online
2026-04-02T02:50:00Z,GS-06,Tanegashima,Asia Pacific,-55.9,38.35,70.08,100.48,54.54,67.79,59.86,23.35,Online
2026-04-02T02:55:00Z,GS-01,Geneva Prime,Europe,-71.49,41.49,71.37,61.79,40.02,52.04,101.99,26.37,Online
2026-04-02T02:55:00Z,GS-06,Tanegashima,Asia Pacific,-79.52,40.04,70.5,100.47,47.62,56.43,71.97,24.22,Online
2026-04-02T03:00:00Z,GS-01,Geneva Prime,Europe,-44.39,41.09,70.48,106.41,33.98,73.85,54.58,23.7,Online
2026-04-02T03:00:00Z,GS-06,Tanegashima,Asia Pacific,-51.66,43.82,67.52,87.14,57.35,57.3,46.14,25.15,Online
2026-04-02T03:05:00Z,GS-01,Geneva Prime,Europe,-64.96,45.23,71.97,123.12,73.58,66.62,126.39,23.09,Online
2026-04-02T03:05:00Z,GS-06,Tanegashima,Asia Pacific,-75.39,46.37,71.89,67.64,42.9,63.19,94.42,24.61,Online
2026-04-02T03:10:00Z,GS-01,Geneva Prime,Europe,-55.64,46.49,71.09,64.03,66.42,60.11,71.01,22.55,Online
2026-04-02T03:10:00Z,GS-06,Tanegashima,Asia Pacific,-30.0,45.35,71.26,112.48,52.2,67.66,152.3,24.71,Online
2026-04-02T03:15:00Z,GS-01,Geneva Prime,Europe,-75.84,48.24,73.17,162.05,28.23,69.62,87.2,25.3,Online
2026-04-02T03:15:00Z,GS-06,Tanegashima,Asia Pacific,-61.53,47.07,74.06,119.63,56.66,59.89,56.01,21.71,Online
2026-04-02T03:20:00Z,GS-01,Geneva Prime,Europe,-47.71,50.85,71.05,83.84,39.4,48.14,47.29,22.44,Online
2026-04-02T03:20:00Z,GS-06,Tanegashima,Asia Pacific,-66.19,48.52,69.73,160.68,60.03,53.77,90.9,24.77,Online
2026-04-02T03:25:00Z,GS-01,Geneva Prime,Europe,-42.13,49.61,75.58,83.56,28.97,65.79,131.63,28.13,Online
2026-04-02T03:25:00Z,GS-06,Tanegashima,Asia Pacific,-78.0,52.65,72.58,123.5,50.26,49.9,48.97,24.36,Online
2026-04-02T03:30:00Z,GS-01,Geneva Prime,Europe,-69.62,53.82,75.85,117.99,64.43,63.33,31.32,26.39,Online
2026-04-02T03:30:00Z,GS-06,Tanegashima,Asia Pacific,-69.08,54.32,76.95,113.7,27.05,52.65,132.91,24.09,Online
2026-04-02T03:35:00Z,GS-01,Geneva Prime,Europe,-58.81,55.27,75.59,108.36,42.5,57.5,114.32,25.28,Online
2026-04-02T03:35:00Z,GS-06,Tanegashima,Asia Pacific,-63.86,55.91,73.94,74.45,35.89,52.17,69.1,26.3,Online
2026-04-02T03:40:00Z,GS-01,Geneva Prime,Europe,-72.08,55.38,73.26,92.19,26.88,58.24,72.25,25.37,Online
2026-04-02T03:40:00Z,GS-06,Tanegashima,Asia Pacific,-56.65,52.6,76.74,106.31,47.38,59.93,59.29,24.89,Online
2026-04-02T03:45:00Z,GS-01,Geneva Prime,Europe,-52.87,52.76,73.87,92.35,48.07,69.55,49.13,23.92,Online
2026-04-02T03:45:00Z,GS-06,Tanegashima,Asia Pacific,-67.69,54.65,74.25,123.12,32.35,63.42,11.92,23.82,Online
2026-04-02T03:50:00Z,GS-01,Geneva Prime,Europe,-64.94,60.85,74.75,33.96,21.01,60.27,104.55,25.34,Online
2026-04-02T03:50:00Z,GS-06,Tanegashima,Asia Pacific,-57.49,59.82,74.22,126.85,25.42,52.76,10.0,24.36,Online
2026-04-02T03:55:00Z,GS-01,Geneva Prime,Europe,-60.69,58.98,75.77,72.17,42.72,48.02,134.53,24.43,Online
2026-04-02T03:55:00Z,GS-06,Tanegashima,Asia Pacific,-67.33,61.93,73.16,66.23,31.85,59.46,97.27,26.0,Online
2026-04-02T04:00:00Z,GS-01,Geneva Prime,Europe,-30.0,55.5,77.2,83.29,37.96,55.04,43.65,27.53,Degraded
2026-04-02T04:00:00Z,GS-06,Tanegashima,Asia Pacific,-47.37,60.05,78.68,54.62,29.03,42.58,52.02,25.24,Online
2026-04-02T04:05:00Z,GS-01,Geneva Prime,Europe,-58.46,61.55,73.48,124.09,72.9,65.86,10.0,25.58,Online
2026-04-02T04:05:00Z,GS-06,Tanegashima,Asia Pacific,-77.82,60.46,77.37,102.73,34.78,60.05,18.74,26.84,Online
2026-04-02T04:10:00Z,GS-01,Geneva Prime,Europe,-63.08,64.74,75.56,84.29,35.83,67.01,51.62,26.2,Online
2026-04-02T04:10:00Z,GS-06,Tanegashima,Asia Pacific,-65.74,58.55,75.47,64.63,45.41,50.48,117.04,25.09,Online
2026-04-02T04:15:00Z,GS-01,Geneva Prime,Europe,-62.66,65.06,78.83,99.4,35.75,45.81,52.56,24.42,Online
2026-04-02T04:15:00Z,GS-06,Tanegashima,Asia Pacific,-58.39,63.06,78.28,81.61,44.32,69.47,93.67,25.26,Online
2026-04-02T04:20:00Z,GS-01,Geneva Prime,Europe,-69.03,63.73,75.49,83.77,54.07,58.22,26.01,28.12,Online
2026-04-02T04:20:00Z,GS-06,Tanegashima,Asia Pacific,-55.2,62.19,76.31,103.33,65.46,51.14,119.04,27.56,Online
2026-04-02T04:25:00Z,GS-01,Geneva Prime,Europe,-69.43,65.69,75.39,93.9,44.56,65.28,123.61,24.46,Online
2026-04-02T04:25:00Z,GS-06,Tanegashima,Asia Pacific,-89.51,66.21,78.05,107.48,41.08,61.0,140.62,26.16,Online
2026-04-02T04:30:00Z,GS-01,Geneva Prime,Europe,-65.6,66.5,77.38,149.1,42.8,59.84,60.71,27.35,Online
2026-04-02T04:30:00Z,GS-06,Tanegashima,Asia Pacific,-30.6,68.4,77.88,101.1,20.0,65.96,85.37,26.35,Online
2026-04-02T04:35:00Z,GS-01,Geneva Prime,Europe,-70.67,67.98,77.14,130.65,40.45,76.66,97.23,23.91,Online
2026-04-02T04:35:00Z,GS-06,Tanegashima,Asia Pacific,-61.93,67.45,73.57,147.98,53.44,64.27,86.62,23.75,Online
2026-04-02T04:40:00Z,GS-01,Geneva Prime,Europe,-67.25,71.68,76.09,24.05,42.27,58.87,85.42,27.04,Online
2026-04-02T04:40:00Z,GS-06,Tanegashima,Asia Pacific,-50.44,70.52,80.58,54.43,51.05,65.01,30.42,23.69,Online
2026-04-02T04:45:00Z,GS-01,Geneva Prime,Europe,-71.19,69.93,79.91,81.56,34.72,55.11,124.75,26.09,Online
2026-04-02T04:45:00Z,GS-06,Tanegashima,Asia Pacific,-62.69,71.03,80.99,77.52,60.79,61.68,73.58,29.82,Online
2026-04-02T04:50:00Z,GS-01,Geneva Prime,Europe,-75.83,71.79,76.15,128.57,65.27,73.36,128.96,25.9,Online
2026-04-02T04:50:00Z,GS-06,Tanegashima,Asia Pacific,-65.48,69.16,82.68,114.07,39.1,70.62,41.09,26.81,Online
2026-04-02T04:55:00Z,GS-01,Geneva Prime,Europe,-62.59,75.03,78.67,56.47,45.91,68.39,78.83,27.48,Online
2026-04-02T04:55:00Z,GS-06,Tanegashima,Asia Pacific,-75.68,73.7,77.55,122.41,45.38,65.52,123.51,27.36,Online
2026-04-02T05:00:00Z,GS-01,Geneva Prime,Europe,-55.9,73.0,78.97,84.01,40.87,57.0,40.8,23.51,Online
2026-04-02T05:00:00Z,GS-06,Tanegashima,Asia Pacific,-70.02,75.39,76.28,100.47,67.8,68.18,145.74,27.03,Online
2026-04-02T05:05:00Z,GS-01,Geneva Prime,Europe,-42.49,74.8,77.85,17.83,59.23,72.32,57.87,26.19,Online
2026-04-02T05:05:00Z,GS-06,Tanegashima,Asia Pacific,-71.31,77.02,81.39,47.72,49.91,57.79,84.54,27.26,Online
2026-04-02T05:10:00Z,GS-01,Geneva Prime,Europe,-62.82,77.29,78.86,129.11,50.03,61.76,29.16,26.13,Maintenance
2026-04-02T05:10:00Z,GS-06,Tanegashima,Asia Pacific,-46.52,77.58,80.61,153.0,57.46,60.75,59.56,22.87,Offline
2026-04-02T05:15:00Z,GS-01,Geneva Prime,Europe,-62.53,78.1,80.2,95.38,74.53,45.76,42.4,27.54,Online
2026-04-02T05:15:00Z,GS-06,Tanegashima,Asia Pacific,-34.26,78.55,80.08,128.57,35.27,62.93,50.38,28.13,Online
2026-04-02T05:20:00Z,GS-01,Geneva Prime,Europe,-57.73,80.6,77.98,121.21,70.02,51.94,66.41,27.31,Degraded
2026-04-02T05:20:00Z,GS-06,Tanegashima,Asia Pacific,-48.2,78.88,73.88,140.78,54.13,46.06,55.7,29.31,Online
2026-04-02T05:25:00Z,GS-01,Geneva Prime,Europe,-38.28,83.13,79.3,102.49,43.43,69.03,44.97,25.88,Online
2026-04-02T05:25:00Z,GS-06,Tanegashima,Asia Pacific,-44.85,81.16,82.41,79.85,44.34,52.62,80.29,24.87,Online
2026-04-02T05:30:00Z,GS-01,Geneva Prime,Europe,-67.31,79.63,81.13,121.5,24.24,70.67,179.9,27.29,Online
2026-04-02T05:30:00Z,GS-06,Tanegashima,Asia Pacific,-69.62,88.15,77.11,100.6,47.16,70.76,94.39,26.47,Online
2026-04-02T05:35:00Z,GS-01,Geneva Prime,Europe,-74.27,83.07,77.81,101.43,38.23,48.05,130.21,26.6,Online
2026-04-02T05:35:00Z,GS-06,Tanegashima,Asia Pacific,-79.02,83.41,79.96,47.61,86.95,51.62,148.44,28.13,Online
2026-04-02T05:40:00Z,GS-01,Geneva Prime,Europe,-66.0,83.51,79.68,118.38,44.69,58.26,82.33,26.57,Online
2026-04-02T05:40:00Z,GS-06,Tanegashima,Asia Pacific,-65.15,80.83,81.83,108.96,35.72,75.19,83.48,25.92,Degraded
2026-04-02T05:45:00Z,GS-01,Geneva Prime,Europe,-47.15,87.05,80.72,87.23,50.41,57.91,102.24,24.75,Online
2026-04-02T05:45:00Z,GS-06,Tanegashima,Asia Pacific,-66.51,89.69,78.4,81.88,39.62,50.28,10.0,27.26,Online
2026-04-02T05:50:00Z,GS-01,Geneva Prime,Europe,-57.96,87.39,79.68,101.29,57.27,58.48,57.04,27.32,Online
2026-04-02T05:50:00Z,GS-06,Tanegashima,Asia Pacific,-51.31,90.32,78.72,102.97,49.06,52.06,80.82,25.54,Online
2026-04-02T05:55:00Z,GS-01,Geneva Prime,Europe,-86.54,89.48,79.23,106.07,44.79,52.19,78.19,26.02,Online
2026-04-02T05:55:00Z,GS-06,Tanegashima,Asia Pacific,-39.14,86.04,79.6,68.73,51.85,57.35,59.25,29.15,Online
2026-04-02T06:00:00Z,GS-01,Geneva Prime,Europe,-59.56,91.03,78.04,57.86,46.29,57.45,105.06,27.88,Online
2026-04-02T06:00:00Z,GS-06,Tanegashima,Asia Pacific,-56.92,86.75,83.78,95.07,53.37,53.31,92.32,26.05,Online
2026-04-02T06:05:00Z,GS-01,Geneva Prime,Europe,-53.22,90.54,80.05,120.94,30.21,54.52,98.29,31.28,Online
2026-04-02T06:05:00Z,GS-06,Tanegashima,Asia Pacific,-62.07,92.43,79.78,158.27,24.03,60.76,14.98,24.37,Online
2026-04-02T06:10:00Z,GS-01,Geneva Prime,Europe,-55.54,92.78,79.4,96.81,82.18,57.93,100.4,27.29,Online
2026-04-02T06:10:00Z,GS-06,Tanegashima,Asia Pacific,-55.57,92.02,79.15,154.57,59.13,61.09,10.0,27.72,Online
2026-04-02T06:15:00Z,GS-01,Geneva Prime,Europe,-30.0,93.29,82.14,143.26,47.63,53.27,10.0,29.42,Online
2026-04-02T06:15:00Z,GS-06,Tanegashima,Asia Pacific,-72.22,94.1,77.44,92.04,45.4,62.15,35.41,30.19,Online
2026-04-02T06:20:00Z,GS-01,Geneva Prime,Europe,-68.95,91.65,79.67,101.03,80.39,70.9,70.54,28.34,Online
2026-04-02T06:20:00Z,GS-06,Tanegashima,Asia Pacific,-76.55,96.64,80.25,87.4,22.14,71.56,30.89,27.64,Online
2026-04-02T06:25:00Z,GS-01,Geneva Prime,Europe,-54.62,93.86,76.83,36.28,53.65,55.64,197.09,27.16,Online
2026-04-02T06:25:00Z,GS-06,Tanegashima,Asia Pacific,-73.82,95.12,80.31,85.89,52.35,52.17,24.74,25.96,Online
2026-04-02T06:30:00Z,GS-01,Geneva Prime,Europe,-93.35,96.46,79.14,81.06,59.92,69.82,66.61,26.09,Online
2026-04-02T06:30:00Z,GS-06,Tanegashima,Asia Pacific,-68.5,96.3,78.43,79.07,37.16,56.91,54.58,29.1,Online
2026-04-02T06:35:00Z,GS-01,Geneva Prime,Europe,-54.59,96.93,82.19,70.6,25.59,63.05,47.3,29.39,Online
2026-04-02T06:35:00Z,GS-06,Tanegashima,Asia Pacific,-96.06,101.53,81.0,54.99,27.25,73.38,50.5,27.66,Online
2026-04-02T06:40:00Z,GS-01,Geneva Prime,Europe,-93.99,99.3,79.09,121.46,28.21,47.84,98.04,30.55,Online
2026-04-02T06:40:00Z,GS-06,Tanegashima,Asia Pacific,-83.57,102.16,79.62,132.75,44.16,40.0,73.92,30.63,Online
2026-04-02T06:45:00Z,GS-01,Geneva Prime,Europe,-73.41,100.47,79.07,13.01,65.06,52.79,100.23,29.04,Online
2026-04-02T06:45:00Z,GS-06,Tanegashima,Asia Pacific,-41.14,102.06,78.95,73.19,54.57,45.01,105.84,27.52,Degraded
2026-04-02T06:50:00Z,GS-01,Geneva Prime,Europe,-41.22,102.82,80.58,102.46,23.97,53.11,106.9,29.55,Online
2026-04-02T06:50:00Z,GS-06,Tanegashima,Asia Pacific,-42.29,103.31,77.36,76.12,46.24,41.49,146.94,29.96,Online
2026-04-02T06:55:00Z,GS-01,Geneva Prime,Europe,-41.59,100.59,81.63,166.94,29.15,66.17,80.04,27.11,Online
2026-04-02T06:55:00Z,GS-06,Tanegashima,Asia Pacific,-52.61,105.42,77.94,134.98,25.0,48.04,85.46,29.46,Online
2026-04-02T07:00:00Z,GS-01,Geneva Prime,Europe,-70.75,106.62,80.04,125.74,43.52,64.82,62.17,32.63,Online
2026-04-02T07:00:00Z,GS-06,Tanegashima,Asia Pacific,-72.19,109.21,79.05,58.73,93.35,61.01,114.04,31.39,Online
2026-04-02T07:05:00Z,GS-01,Geneva Prime,Europe,-54.93,105.07,80.75,100.02,53.23,42.77,97.88,28.72,Online
2026-04-02T07:05:00Z,GS-06,Tanegashima,Asia Pacific,-35.2,107.5,79.28,114.59,33.02,72.99,159.65,30.27,Online
2026-04-02T07:10:00Z,GS-01,Geneva Prime,Europe,-36.14,106.36,77.02,101.23,50.22,56.85,101.51,30.26,Online
2026-04-02T07:10:00Z,GS-06,Tanegashima,Asia Pacific,-74.97,108.54,80.34,105.14,58.83,50.26,98.72,28.05,Online
2026-04-02T07:15:00Z,GS-01,Geneva Prime,Europe,-76.71,107.49,76.52,83.56,42.43,66.7,67.15,27.55,Online
2026-04-02T07:15:00Z,GS-06,Tanegashima,Asia Pacific,-42.9,107.08,78.29,113.4,47.4,68.75,99.16,28.64,Online
2026-04-02T07:20:00Z,GS-01,Geneva Prime,Europe,-30.0,110.39,77.9,128.92,47.99,63.19,179.69,29.64,Online
2026-04-02T07:20:00Z,GS-06,Tanegashima,Asia Pacific,-64.77,110.23,80.33,54.8,21.41,55.3,14.64,29.41,Online
2026-04-02T07:25:00Z,GS-01,Geneva Prime,Europe,-52.46,109.47,75.11,102.08,55.35,46.44,112.81,31.4,Maintenance
2026-04-02T07:25:00Z,GS-06,Tanegashima,Asia Pacific,-45.69,113.69,82.36,89.32,46.31,56.67,80.08,32.47,Online
2026-04-02T07:30:00Z,GS-01,Geneva Prime,Europe,-80.18,110.78,80.47,130.6,40.64,66.84,93.65,32.55,Online
2026-04-02T07:30:00Z,GS-06,Tanegashima,Asia Pacific,-58.88,114.55,83.0,117.94,45.59,65.78,65.39,33.88,Online
2026-04-02T07:35:00Z,GS-01,Geneva Prime,Europe,-57.3,113.2,75.79,132.92,55.41,56.02,103.06,28.15,Online
2026-04-02T07:35:00Z,GS-06,Tanegashima,Asia Pacific,-57.23,114.66,80.87,76.88,29.66,52.84,26.54,32.42,Online
2026-04-02T07:40:00Z,GS-01,Geneva Prime,Europe,-36.77,115.64,79.63,104.02,43.86,57.34,67.58,28.21,Online
2026-04-02T07:40:00Z,GS-06,Tanegashima,Asia Pacific,-56.04,114.92,78.68,102.81,43.05,53.03,82.89,31.64,Online
2026-04-02T07:45:00Z,GS-01,Geneva Prime,Europe,-77.15,116.42,77.37,78.46,37.95,61.84,34.66,31.18,Online
2026-04-02T07:45:00Z,GS-06,Tanegashima,Asia Pacific,-73.43,118.38,81.58,74.18,51.41,54.19,121.64,28.76,Online
2026-04-02T07:50:00Z,GS-01,Geneva Prime,Europe,-52.79,115.75,76.2,69.07,54.87,53.3,102.08,30.25,Online
2026-04-02T07:50:00Z,GS-06,Tanegashima,Asia Pacific,-61.72,117.8,75.09,106.31,63.36,53.78,126.87,33.02,Online
2026-04-02T07:55:00Z,GS-01,Geneva Prime,Europe,-72.24,115.84,76.91,83.58,92.35,60.28,47.91,29.17,Online
2026-04-02T07:55:00Z,GS-06,Tanegashima,Asia Pacific,-43.65,117.61,76.39,128.67,39.19,59.63,79.34,31.91,Online
2026-04-02T08:00:00Z,GS-01,Geneva Prime,Europe,-51.14,119.56,76.11,88.85,27.27,62.06,155.69,29.67,Online
2026-04-02T08:00:00Z,GS-06,Tanegashima,Asia Pacific,-71.6,118.26,77.43,113.45,43.1,52.66,83.7,28.65,Online
2026-04-02T08:05:00Z,GS-01,Geneva Prime,Europe,-57.85,122.99,73.14,54.02,63.95,55.11,125.44,30.88,Online
2026-04-02T08:05:00Z,GS-06,Tanegashima,Asia Pacific,-62.43,122.13,73.88,103.97,40.42,49.44,93.5,30.72,Online
2026-04-02T08:10:00Z,GS-01,Geneva Prime,Europe,-62.36,120.08,78.48,126.3,56.57,57.56,10.83,34.15,Online
2026-04-02T08:10:00Z,GS-06,Tanegashima,Asia Pacific,-60.92,121.0,76.14,135.01,44.72,70.23,123.32,29.61,Online
2026-04-02T08:15:00Z,GS-01,Geneva Prime,Europe,-70.11,125.67,69.52,95.52,27.83,56.19,68.05,30.8,Online
2026-04-02T08:15:00Z,GS-06,Tanegashima,Asia Pacific,-68.28,121.56,79.53,156.02,31.06,72.66,64.02,31.53,Online
2026-04-02T08:20:00Z,GS-01,Geneva Prime,Europe,-60.95,123.68,76.54,103.78,39.28,49.56,44.26,28.98,Online
2026-04-02T08:20:00Z,GS-06,Tanegashima,Asia Pacific,-59.82,122.61,74.04,141.1,89.54,59.74,76.52,34.26,Online
2026-04-02T08:25:00Z,GS-01,Geneva Prime,Europe,-52.19,125.59,71.34,111.82,54.95,54.95,91.65,31.0,Online
2026-04-02T08:25:00Z,GS-06,Tanegashima,Asia Pacific,-62.76,121.27,73.75,129.08,37.42,60.42,49.76,32.09,Online
2026-04-02T08:30:00Z,GS-01,Geneva Prime,Europe,-63.25,125.62,76.47,127.87,37.74,63.98,101.5,32.62,Online
2026-04-02T08:30:00Z,GS-06,Tanegashima,Asia Pacific,-85.41,129.51,72.66,89.27,76.65,62.41,64.55,28.34,Online
2026-04-02T08:35:00Z,GS-01,Geneva Prime,Europe,-39.15,126.06,71.39,90.06,62.0,66.19,73.69,32.22,Online
2026-04-02T08:35:00Z,GS-06,Tanegashima,Asia Pacific,-69.01,129.03,73.54,129.06,56.61,63.95,65.51,32.87,Online
2026-04-02T08:40:00Z,GS-01,Geneva Prime,Europe,-61.38,127.84,72.17,102.54,55.92,58.53,31.63,31.94,Online
2026-04-02T08:40:00Z,GS-06,Tanegashima,Asia Pacific,-58.3,130.37,74.82,130.57,37.87,55.07,38.39,32.9,Online
2026-04-02T08:45:00Z,GS-01,Geneva Prime,Europe,-38.27,130.62,72.07,144.0,51.07,63.49,32.36,32.97,Online
2026-04-02T08:45:00Z,GS-06,Tanegashima,Asia Pacific,-73.94,128.98,71.86,82.43,42.34,48.47,118.35,33.65,Online
2026-04-02T08:50:00Z,GS-01,Geneva Prime,Europe,-89.21,134.46,70.5,125.71,44.18,60.23,72.6,33.87,Online
2026-04-02T08:50:00Z,GS-06,Tanegashima,Asia Pacific,-78.59,133.72,74.32,121.49,72.9,55.77,118.29,31.89,Online
2026-04-02T08:55:00Z,GS-01,Geneva Prime,Europe,-41.5,133.73,70.9,139.18,39.1,48.7,59.33,33.08,Online
2026-04-02T08:55:00Z,GS-06,Tanegashima,Asia Pacific,-39.12,133.97,74.31,59.25,39.68,57.69,75.42,32.28,Online
2026-04-02T09:00:00Z,GS-01,Geneva Prime,Europe,-49.64,134.11,71.49,98.65,33.89,59.09,74.25,32.0,Online
2026-04-02T09:00:00Z,GS-06,Tanegashima,Asia Pacific,-59.52,135.15,70.35,138.18,30.97,54.23,191.2,30.69,Online
2026-04-02T09:05:00Z,GS-01,Geneva Prime,Europe,-80.31,137.72,66.59,92.94,70.75,47.64,10.0,30.09,Online
2026-04-02T09:05:00Z,GS-06,Tanegashima,Asia Pacific,-46.52,138.5,69.72,120.5,61.68,74.3,70.15,28.88,Online
2026-04-02T09:10:00Z,GS-01,Geneva Prime,Europe,-72.31,136.65,69.75,94.36,82.56,70.2,73.13,34.07,Online
2026-04-02T09:10:00Z,GS-06,Tanegashima,Asia Pacific,-54.64,137.63,72.08,102.17,69.69,48.49,59.39,32.23,Online
2026-04-02T09:15:00Z,GS-01,Geneva Prime,Europe,-53.41,141.29,69.73,57.33,55.11,66.04,10.0,32.51,Online
2026-04-02T09:15:00Z,GS-06,Tanegashima,Asia Pacific,-83.85,137.42,67.97,124.28,46.4,49.72,115.2,30.36,Online
2026-04-02T09:20:00Z,GS-01,Geneva Prime,Europe,-55.05,138.37,68.55,115.13,51.26,70.7,76.71,33.06,Online
2026-04-02T09:20:00Z,GS-06,Tanegashima,Asia Pacific,-66.57,140.36,70.16,97.05,23.35,62.65,94.58,31.58,Online
2026-04-02T09:25:00Z,GS-01,Geneva Prime,Europe,-79.27,144.2,69.76,93.13,31.36,53.43,132.1,32.89,Online
2026-04-02T09:25:00Z,GS-06,Tanegashima,Asia Pacific,-68.26,142.27,67.15,145.03,61.23,56.27,54.85,28.75,Online
2026-04-02T09:30:00Z,GS-01,Geneva Prime,Europe,-82.22,139.82,68.53,90.21,28.86,57.75,100.21,33.55,Online
2026-04-02T09:30:00Z,GS-06,Tanegashima,Asia Pacific,-88.5,142.24,65.5,127.05,54.41,52.82,49.36,32.07,Online
2026-04-02T09:35:00Z,GS-01,Geneva Prime,Europe,-93.79,144.42,67.19,129.11,31.82,55.05,19.74,31.33,Online
2026-04-02T09:35:00Z,GS-06,Tanegashima,Asia Pacific,-77.73,145.74,66.34,103.73,40.43,49.84,73.27,33.74,Online
2026-04-02T09:40:00Z,GS-01,Geneva Prime,Europe,-78.12,146.62,65.51,85.51,51.37,54.69,81.5,32.44,Online
2026-04-02T09:40:00Z,GS-06,Tanegashima,Asia Pacific,-58.06,140.24,63.55,118.48,57.45,52.72,70.24,33.36,Online
2026-04-02T09:45:00Z,GS-01,Geneva Prime,Europe,-49.6,142.19,64.9,90.02,53.44,79.99,70.88,30.88,Online
2026-04-02T09:45:00Z,GS-06,Tanegashima,Asia Pacific,-53.97,148.89,66.88,72.8,56.5,65.31,38.96,33.56,Online
2026-04-02T09:50:00Z,GS-01,Geneva Prime,Europe,-45.04,149.86,65.99,89.26,59.73,50.32,97.54,31.01,Online
2026-04-02T09:50:00Z,GS-06,Tanegashima,Asia Pacific,-44.02,146.98,68.66,114.74,30.32,71.4,142.05,34.38,Online
2026-04-02T09:55:00Z,GS-01,Geneva Prime,Europe,-71.42,148.14,65.85,78.89,65.31,61.15,10.0,33.64,Online
2026-04-02T09:55:00Z,GS-06,Tanegashima,Asia Pacific,-65.22,148.6,64.83,124.21,58.44,62.26,66.43,33.07,Online
2026-04-02T10:00:00Z,GS-01,Geneva Prime,Europe,-59.71,148.4,66.16,113.8,63.49,70.04,52.57,34.43,Online
2026-04-02T10:00:00Z,GS-06,Tanegashima,Asia Pacific,-74.26,151.39,63.97,69.3,48.36,40.0,10.0,32.93,Online
2026-04-02T10:05:00Z,GS-01,Geneva Prime,Europe,-58.76,150.51,61.27,75.46,49.69,64.65,79.35,35.0,Online
2026-04-02T10:05:00Z,GS-06,Tanegashima,Asia Pacific,-54.04,149.76,63.87,57.91,64.57,68.9,107.41,35.36,Online
2026-04-02T10:10:00Z,GS-01,Geneva Prime,Europe,-64.54,155.19,63.47,144.15,44.74,65.66,139.0,33.03,Online
2026-04-02T10:10:00Z,GS-06,Tanegashima,Asia Pacific,-56.72,155.08,63.59,60.37,95.0,56.24,86.35,35.06,Online
2026-04-02T10:15:00Z,GS-01,Geneva Prime,Europe,-69.13,151.73,63.78,46.21,41.55,61.96,69.2,31.07,Online
2026-04-02T10:15:00Z,GS-06,Tanegashima,Asia Pacific,-36.09,153.96,66.13,92.2,34.44,62.15,71.37,31.61,Online
2026-04-02T10:20:00Z,GS-01,Geneva Prime,Europe,-37.95,153.76,59.0,139.84,38.95,55.14,10.0,36.05,Online
2026-04-02T10:20:00Z,GS-06,Tanegashima,Asia Pacific,-79.34,155.12,64.5,112.65,44.28,46.39,47.61,33.72,Online
2026-04-02T10:25:00Z,GS-01,Geneva Prime,Europe,-71.81,156.66,63.45,128.88,30.29,77.57,110.7,33.49,Online
2026-04-02T10:25:00Z,GS-06,Tanegashima,Asia Pacific,-43.66,160.98,59.2,93.24,20.0,61.54,94.62,33.43,Maintenance
2026-04-02T10:30:00Z,GS-01,Geneva Prime,Europe,-69.82,153.4,62.23,143.66,37.91,63.52,17.27,34.23,Online
2026-04-02T10:30:00Z,GS-06,Tanegashima,Asia Pacific,-65.9,155.98,59.96,88.19,49.59,49.5,64.12,33.48,Online
2026-04-02T10:35:00Z,GS-01,Geneva Prime,Europe,-76.49,162.34,59.17,79.92,33.26,74.39,102.12,32.19,Online
2026-04-02T10:35:00Z,GS-06,Tanegashima,Asia Pacific,-43.41,159.15,61.39,89.67,36.01,62.7,58.2,36.32,Online
2026-04-02T10:40:00Z,GS-01,Geneva Prime,Europe,-79.04,163.07,60.04,108.97,55.0,54.96,114.57,29.58,Online
2026-04-02T10:40:00Z,GS-06,Tanegashima,Asia Pacific,-70.8,158.15,57.75,93.55,49.63,65.62,89.64,32.64,Online
2026-04-02T10:45:00Z,GS-01,Geneva Prime,Europe,-54.46,161.5,61.52,123.31,45.37,52.82,53.88,32.86,Online
2026-04-02T10:45:00Z,GS-06,Tanegashima,Asia Pacific,-64.73,161.79,61.07,98.47,45.19,61.15,59.36,32.29,Online
2026-04-02T10:50:00Z,GS-01,Geneva Prime,Europe,-86.33,161.11,59.97,78.91,42.15,63.73,100.83,32.1,Online
2026-04-02T10:50:00Z,GS-06,Tanegashima,Asia Pacific,-45.04,164.75,56.76,75.28,59.29,58.83,10.0,31.62,Online
2026-04-02T10:55:00Z,GS-01,Geneva Prime,Europe,-63.74,161.42,57.57,100.97,62.55,57.68,122.9,35.9,Online
2026-04-02T10:55:00Z,GS-06,Tanegashima,Asia Pacific,-38.49,164.32,54.47,113.82,57.58,59.35,149.78,35.05,Online
2026-04-02T11:00:00Z,GS-01,Geneva Prime,Europe,-51.48,167.17,58.43,25.22,74.69,69.58,47.7,33.46,Online
2026-04-02T11:00:00Z,GS-06,Tanegashima,Asia Pacific,-75.67,168.57,61.13,73.48,46.77,54.56,104.6,34.56,Online
2026-04-02T11:05:00Z,GS-01,Geneva Prime,Europe,-47.82,166.91,63.0,69.16,24.47,56.86,17.28,31.59,Online
2026-04-02T11:05:00Z,GS-06,Tanegashima,Asia Pacific,-75.02,164.41,55.22,115.55,38.93,58.56,115.77,32.68,Online
2026-04-02T11:10:00Z,GS-01,Geneva Prime,Europe,-63.97,168.23,52.61,28.45,49.15,63.94,162.57,34.09,Online
2026-04-02T11:10:00Z,GS-06,Tanegashima,Asia Pacific,-47.7,167.11,57.09,150.02,20.0,63.31,165.42,34.28,Online
2026-04-02T11:15:00Z,GS-01,Geneva Prime,Europe,-35.24,167.49,55.79,101.01,50.6,50.65,36.12,35.12,Online
2026-04-02T11:15:00Z,GS-06,Tanegashima,Asia Pacific,-46.92,169.4,57.5,95.08,59.42,60.07,82.31,33.49,Online
2026-04-02T11:20:00Z,GS-01,Geneva Prime,Europe,-49.73,169.16,57.16,66.04,31.81,65.5,76.46,33.23,Online
2026-04-02T11:20:00Z,GS-06,Tanegashima,Asia Pacific,-46.65,168.79,54.81,141.98,63.47,72.58,68.71,35.75,Online
2026-04-02T11:25:00Z,GS-01,Geneva Prime,Europe,-74.23,169.44,49.86,150.19,34.63,58.99,43.59,34.97,Online
2026-04-02T11:25:00Z,GS-06,Tanegashima,Asia Pacific,-65.63,168.64,55.45,56.99,34.95,43.14,23.04,34.2,Online
2026-04-02T11:30:00Z,GS-01,Geneva Prime,Europe,-89.47,169.54,53.91,83.69,68.9,74.67,45.28,34.78,Online
2026-04-02T11:30:00Z,GS-06,Tanegashima,Asia Pacific,-48.76,171.31,50.92,99.63,42.93,56.51,97.69,32.82,Online
2026-04-02T11:35:00Z,GS-01,Geneva Prime,Europe,-77.28,173.97,54.04,64.7,56.14,45.84,56.88,33.58,Online
2026-04-02T11:35:00Z,GS-06,Tanegashima,Asia Pacific,-69.54,172.62,57.01,74.47,74.29,63.5,83.68,34.68,Online
2026-04-02T11:40:00Z,GS-01,Geneva Prime,Europe,-30.0,173.01,50.37,77.35,45.39,46.19,80.89,36.52,Online
2026-04-02T11:40:00Z,GS-06,Tanegashima,Asia Pacific,-57.73,174.41,51.38,126.96,68.18,74.77,157.33,34.36,Online
2026-04-02T11:45:00Z,GS-01,Geneva Prime,Europe,-60.17,178.31,54.15,75.82,38.68,49.42,96.36,34.99,Online
2026-04-02T11:45:00Z,GS-06,Tanegashima,Asia Pacific,-80.25,175.34,49.27,73.04,51.61,54.13,67.97,31.55,Online
2026-04-02T11:50:00Z,GS-01,Geneva Prime,Europe,-57.2,177.41,49.85,94.33,47.16,53.48,20.95,36.7,Online
2026-04-02T11:50:00Z,GS-06,Tanegashima,Asia Pacific,-69.5,177.31,53.33,205.87,30.07,63.6,51.7,33.19,Online
2026-04-02T11:55:00Z,GS-01,Geneva Prime,Europe,-70.8,176.5,50.57,55.76,56.36,60.44,96.9,33.3,Online
2026-04-02T11:55:00Z,GS-06,Tanegashima,Asia Pacific,-65.51,179.33,48.33,89.26,34.68,52.88,10.0,36.01,Online
2026-04-02T12:00:00Z,GS-01,Geneva Prime,Europe,-70.3,182.33,52.14,61.42,31.94,80.0,150.04,33.95,Online
2026-04-02T12:00:00Z,GS-06,Tanegashima,Asia Pacific,-56.14,178.74,50.86,78.48,20.61,49.43,80.84,32.3,Online
2026-04-02T12:05:00Z,GS-01,Geneva Prime,Europe,-61.01,179.1,47.78,125.59,47.97,59.92,115.16,34.72,Online
2026-04-02T12:05:00Z,GS-06,Tanegashima,Asia Pacific,-38.3,180.33,48.49,60.97,39.85,67.72,132.0,35.44,Online
2026-04-02T12:10:00Z,GS-01,Geneva Prime,Europe,-86.91,184.67,45.01,126.94,40.59,65.62,26.7,35.75,Online
2026-04-02T12:10:00Z,GS-06,Tanegashima,Asia Pacific,-81.97,181.16,46.7,47.37,46.13,74.45,186.68,34.14,Online
2026-04-02T12:15:00Z,GS-01,Geneva Prime,Europe,-43.25,184.21,49.04,89.74,47.34,64.3,56.86,33.87,Online
2026-04-02T12:15:00Z,GS-06,Tanegashima,Asia Pacific,-60.88,185.4,45.91,98.45,67.94,69.31,133.97,34.02,Online
2026-04-02T12:20:00Z,GS-01,Geneva Prime,Europe,-55.19,187.0,50.51,41.45,29.21,70.48,68.92,32.97,Online
2026-04-02T12:20:00Z,GS-06,Tanegashima,Asia Pacific,-78.81,183.89,44.58,162.73,44.73,59.54,103.52,35.42,Online
2026-04-02T12:25:00Z,GS-01,Geneva Prime,Europe,-45.81,188.4,45.47,91.06,54.23,55.78,79.8,34.56,Online
2026-04-02T12:25:00Z,GS-06,Tanegashima,Asia Pacific,-48.22,182.69,48.16,92.99,53.49,66.22,144.32,35.99,Online
2026-04-02T12:30:00Z,GS-01,Geneva Prime,Europe,-39.8,190.39,46.67,100.97,55.47,65.86,67.64,34.56,Online
2026-04-02T12:30:00Z,GS-06,Tanegashima,Asia Pacific,-60.53,185.79,48.67,101.66,69.58,47.0,57.73,34.0,Online
2026-04-02T12:35:00Z,GS-01,Geneva Prime,Europe,-42.94,189.55,46.06,66.18,31.12,62.58,25.44,33.13,Online
2026-04-02T12:35:00Z,GS-06,Tanegashima,Asia Pacific,-52.49,186.79,48.65,136.72,26.14,52.54,10.0,32.76,Online
2026-04-02T12:40:00Z,GS-01,Geneva Prime,Europe,-48.5,189.17,45.71,54.33,54.58,55.56,80.49,33.77,Offline
2026-04-02T12:40:00Z,GS-06,Tanegashima,Asia Pacific,-79.07,187.69,46.73,111.97,57.6,62.6,85.72,31.32,Online
2026-04-02T12:45:00Z,GS-01,Geneva Prime,Europe,-64.06,191.2,48.05,120.61,63.43,64.78,51.55,34.06,Online
2026-04-02T12:45:00Z,GS-06,Tanegashima,Asia Pacific,-56.46,189.37,43.38,93.83,64.27,43.35,128.23,32.48,Online
2026-04-02T12:50:00Z,GS-01,Geneva Prime,Europe,-80.58,194.86,44.97,137.64,54.61,76.48,102.35,33.62,Online
2026-04-02T12:50:00Z,GS-06,Tanegashima,Asia Pacific,-54.86,194.99,41.95,80.44,41.29,43.16,85.52,31.03,Online
2026-04-02T12:55:00Z,GS-01,Geneva Prime,Europe,-59.2,195.48,41.92,150.31,27.47,69.53,107.01,31.25,Online
2026-04-02T12:55:00Z,GS-06,Tanegashima,Asia Pacific,-30.0,193.62,41.11,57.79,74.35,58.98,84.11,33.38,Online
2026-04-02T13:00:00Z,GS-01,Geneva Prime,Europe,-50.5,194.22,38.37,95.52,20.0,62.83,40.83,34.04,Online
2026-04-02T13:00:00Z,GS-06,Tanegashima,Asia Pacific,-40.29,193.1,44.36,87.0,90.82,57.08,46.38,34.83,Online
2026-04-02T13:05:00Z,GS-01,Geneva Prime,Europe,-66.54,194.57,40.65,98.66,61.11,44.53,80.92,34.7,Maintenance
2026-04-02T13:05:00Z,GS-06,Tanegashima,Asia Pacific,-57.1,198.87,41.46,94.46,52.11,60.79,64.38,34.53,Online
2026-04-02T13:10:00Z,GS-01,Geneva Prime,Europe,-69.79,196.28,39.92,140.59,20.0,63.16,81.37,31.2,Online
2026-04-02T13:10:00Z,GS-06,Tanegashima,Asia Pacific,-55.35,198.45,42.16,20.45,61.4,54.1,107.46,34.83,Online
2026-04-02T13:15:00Z,GS-01,Geneva Prime,Europe,-73.15,200.07,39.59,37.86,59.01,53.8,45.82,33.08,Online
2026-04-02T13:15:00Z,GS-06,Tanegashima,Asia Pacific,-55.92,198.64,41.45,59.82,36.09,59.07,155.92,33.51,Online
2026-04-02T13:20:00Z,GS-01,Geneva Prime,Europe,-43.72,200.08,38.77,92.6,42.98,64.83,134.98,34.18,Online
2026-04-02T13:20:00Z,GS-06,Tanegashima,Asia Pacific,-42.19,198.07,38.91,78.27,48.77,57.13,109.19,32.24,Online
2026-04-02T13:25:00Z,GS-01,Geneva Prime,Europe,-59.35,202.62,35.0,163.65,41.6,43.8,86.32,33.64,Online
2026-04-02T13:25:00Z,GS-06,Tanegashima,Asia Pacific,-61.23,203.23,40.62,108.94,50.4,59.17,151.02,31.37,Online
2026-04-02T13:30:00Z,GS-01,Geneva Prime,Europe,-57.91,202.63,40.15,74.68,24.08,61.25,91.25,35.78,Online
2026-04-02T13:30:00Z,GS-06,Tanegashima,Asia Pacific,-79.06,204.81,43.25,88.67,29.51,56.74,80.56,34.39,Online
2026-04-02T13:35:00Z,GS-01,Geneva Prime,Europe,-68.87,206.86,35.69,47.82,58.28,41.8,71.83,38.17,Online
2026-04-02T13:35:00Z,GS-06,Tanegashima,Asia Pacific,-60.18,201.51,37.8,98.48,46.93,65.3,38.44,36.02,Degraded
2026-04-02T13:40:00Z,GS-01,Geneva Prime,Europe,-56.32,206.45,36.07,138.59,41.92,62.22,42.68,31.94,Online
2026-04-02T13:40:00Z,GS-06,Tanegashima,Asia Pacific,-49.68,204.11,35.61,80.7,53.39,54.97,75.29,33.46,Online
2026-04-02T13:45:00Z,GS-01,Geneva Prime,Europe,-88.76,203.31,37.4,77.89,57.68,67.73,108.77,36.11,Online
2026-04-02T13:45:00Z,GS-06,Tanegashima,Asia Pacific,-61.25,207.55,35.56,173.57,68.8,60.1,95.46,35.42,Online
2026-04-02T13:50:00Z,GS-01,Geneva Prime,Europe,-62.21,206.19,37.9,102.35,47.2,53.33,11.29,33.68,Online
2026-04-02T13:50:00Z,GS-06,Tanegashima,Asia Pacific,-46.43,207.05,39.02,78.88,32.34,59.46,76.7,34.48,Online
2026-04-02T13:55:00Z,GS-01,Geneva Prime,Europe,-71.62,211.49,39.5,98.83,82.32,51.55,123.01,34.83,Online
2026-04-02T13:55:00Z,GS-06,Tanegashima,Asia Pacific,-47.05,208.72,29.66,80.75,37.49,52.17,84.89,32.63,Maintenance
2026-04-02T14:00:00Z,GS-01,Geneva Prime,Europe,-72.37,207.88,33.57,133.64,37.07,55.88,61.73,33.7,Online
2026-04-02T14:00:00Z,GS-06,Tanegashima,Asia Pacific,-53.16,203.91,37.04,143.09,32.4,52.22,61.99,32.06,Degraded
2026-04-02T14:05:00Z,GS-01,Geneva Prime,Europe,-56.64,207.36,32.2,146.18,33.86,69.95,94.21,30.42,Online
2026-04-02T14:05:00Z,GS-06,Tanegashima,Asia Pacific,-50.47,211.01,33.53,107.35,50.7,65.66,127.13,33.74,Online
2026-04-02T14:10:00Z,GS-01,Geneva Prime,Europe,-80.63,211.55,39.77,121.73,73.43,71.16,89.67,33.51,Online
2026-04-02T14:10:00Z,GS-06,Tanegashima,Asia Pacific,-60.55,209.02,33.92,136.32,37.8,63.3,114.06,31.7,Online
2026-04-02T14:15:00Z,GS-01,Geneva Prime,Europe,-66.77,211.71,31.69,61.37,34.19,71.36,43.38,33.18,Online
2026-04-02T14:15:00Z,GS-06,Tanegashima,Asia Pacific,-67.54,216.11,35.96,125.92,48.67,58.15,32.33,35.9,Online
2026-04-02T14:20:00Z,GS-01,Geneva Prime,Europe,-71.4,216.33,34.91,83.34,57.46,66.11,149.12,32.21,Online
2026-04-02T14:20:00Z,GS-06,Tanegashima,Asia Pacific,-79.29,213.99,33.21,101.75,40.28,44.73,98.82,35.87,Online
2026-04-02T14:25:00Z,GS-01,Geneva Prime,Europe,-53.04,217.47,33.41,111.91,56.18,63.16,67.49,31.64,Online
2026-04-02T14:25:00Z,GS-06,Tanegashima,Asia Pacific,-63.73,216.88,31.63,109.43,50.27,66.67,131.31,32.96,Online
2026-04-02T14:30:00Z,GS-01,Geneva Prime,Europe,-79.62,216.81,31.83,44.93,61.66,61.14,95.25,34.81,Online
2026-04-02T14:30:00Z,GS-06,Tanegashima,Asia Pacific,-69.45,218.65,31.52,94.48,35.73,73.32,64.98,33.81,Online
2026-04-02T14:35:00Z,GS-01,Geneva Prime,Europe,-88.13,221.11,33.33,102.92,42.28,63.2,171.55,30.03,Online
2026-04-02T14:35:00Z,GS-06,Tanegashima,Asia Pacific,-48.27,216.93,31.18,92.56,39.86,59.92,34.63,34.22,Online
2026-04-02T14:40:00Z,GS-01,Geneva Prime,Europe,-86.91,221.08,30.06,64.87,47.43,47.54,81.59,30.46,Online
2026-04-02T14:40:00Z,GS-06,Tanegashima,Asia Pacific,-53.08,218.15,29.81,108.82,35.73,59.54,19.45,33.54,Online
2026-04-02T14:45:00Z,GS-01,Geneva Prime,Europe,-33.53,226.83,30.4,123.65,53.28,72.02,111.05,31.79,Online
2026-04-02T14:45:00Z,GS-06,Tanegashima,Asia Pacific,-41.44,220.74,29.3,114.26,32.24,68.17,37.76,30.94,Offline
2026-04-02T14:50:00Z,GS-01,Geneva Prime,Europe,-73.65,224.02,28.5,59.56,37.73,59.74,32.76,30.7,Online
2026-04-02T14:50:00Z,GS-06,Tanegashima,Asia Pacific,-30.0,220.78,29.09,88.98,39.94,64.97,117.93,31.96,Offline
2026-04-02T14:55:00Z,GS-01,Geneva Prime,Europe,-78.55,226.3,29.06,151.91,20.0,61.56,156.74,31.8,Online
2026-04-02T14:55:00Z,GS-06,Tanegashima,Asia Pacific,-63.38,224.34,28.14,90.64,40.95,54.98,129.15,33.03,Online
2026-04-02T15:00:00Z,GS-01,Geneva Prime,Europe,-56.24,226.62,28.26,76.77,37.77,60.01,37.63,31.49,Online
2026-04-02T15:00:00Z,GS-06,Tanegashima,Asia Pacific,-67.74,229.25,23.24,94.61,65.71,60.97,110.14,32.39,Online
2026-04-02T15:05:00Z,GS-01,Geneva Prime,Europe,-70.01,221.77,28.74,76.73,35.4,56.01,149.79,35.76,Online
2026-04-02T15:05:00Z,GS-06,Tanegashima,Asia Pacific,-56.74,225.32,25.97,114.06,66.39,58.02,10.0,33.15,Online
2026-04-02T15:10:00Z,GS-01,Geneva Prime,Europe,-45.22,224.33,28.23,113.54,44.12,53.67,120.64,31.45,Online
2026-04-02T15:10:00Z,GS-06,Tanegashima,Asia Pacific,-82.28,223.4,30.4,118.5,46.06,56.48,58.84,30.44,Online
2026-04-02T15:15:00Z,GS-01,Geneva Prime,Europe,-66.47,224.51,25.97,90.67,76.53,59.68,111.8,33.98,Online
2026-04-02T15:15:00Z,GS-06,Tanegashima,Asia Pacific,-44.13,229.69,27.47,70.58,53.88,73.44,93.68,34.83,Online
2026-04-02T15:20:00Z,GS-01,Geneva Prime,Europe,-82.88,227.69,28.73,107.93,60.77,59.88,45.28,31.54,Online
2026-04-02T15:20:00Z,GS-06,Tanegashima,Asia Pacific,-82.99,227.74,28.96,126.18,49.36,46.23,65.66,30.02,Online
2026-04-02T15:25:00Z,GS-01,Geneva Prime,Europe,-42.35,230.08,24.43,100.89,37.32,71.87,50.61,29.66,Online
2026-04-02T15:25:00Z,GS-06,Tanegashima,Asia Pacific,-92.29,231.19,25.48,57.13,59.27,65.34,78.87,33.8,Online
2026-04-02T15:30:00Z,GS-01,Geneva Prime,Europe,-50.06,230.85,24.12,124.54,49.76,61.36,46.14,32.56,Online
2026-04-02T15:30:00Z,GS-06,Tanegashima,Asia Pacific,-71.33,232.3,29.09,80.17,26.12,51.58,119.77,32.03,Online
2026-04-02T15:35:00Z,GS-01,Geneva Prime,Europe,-61.93,232.73,26.78,74.53,48.67,54.15,44.09,30.59,Online
2026-04-02T15:35:00Z,GS-06,Tanegashima,Asia Pacific,-65.63,233.65,26.28,1.0,35.31,56.87,140.2,29.93,Online
2026-04-02T15:40:00Z,GS-01,Geneva Prime,Europe,-57.56,237.99,22.8,111.82,35.37,55.96,47.88,30.34,Online
2026-04-02T15:40:00Z,GS-06,Tanegashima,Asia Pacific,-30.0,236.69,27.63,114.76,25.72,63.16,122.92,30.16,Online
2026-04-02T15:45:00Z,GS-01,Geneva Prime,Europe,-45.52,237.66,28.76,87.47,31.83,57.11,137.42,28.59,Online
2026-04-02T15:45:00Z,GS-06,Tanegashima,Asia Pacific,-91.03,236.43,24.17,100.23,56.34,55.58,10.0,34.4,Online
2026-04-02T15:50:00Z,GS-01,Geneva Prime,Europe,-74.96,235.38,26.91,88.47,44.24,63.86,123.34,30.72,Online
2026-04-02T15:50:00Z,GS-06,Tanegashima,Asia Pacific,-37.2,233.23,26.22,74.81,61.47,61.14,53.08,32.22,Maintenance
2026-04-02T15:55:00Z,GS-01,Geneva Prime,Europe,-46.6,240.03,22.29,85.48,44.95,59.67,109.99,28.09,Online
2026-04-02T15:55:00Z,GS-06,Tanegashima,Asia Pacific,-54.99,238.17,22.68,77.73,42.43,40.0,51.95,29.8,Online
2026-04-02T16:00:00Z,GS-01,Geneva Prime,Europe,-52.01,238.39,23.59,146.27,56.93,67.22,60.01,31.81,Online
2026-04-02T16:00:00Z,GS-06,Tanegashima,Asia Pacific,-63.51,239.61,24.84,82.09,62.92,58.72,104.73,33.18,Online
2026-04-02T16:05:00Z,GS-01,Geneva Prime,Europe,-44.53,238.43,24.59,125.52,55.7,51.09,53.72,32.38,Online
2026-04-02T16:05:00Z,GS-06,Tanegashima,Asia Pacific,-71.43,240.65,26.85,98.57,36.28,52.98,93.31,28.89,Online
2026-04-02T16:10:00Z,GS-01,Geneva Prime,Europe,-63.71,243.17,25.99,120.03,36.43,69.43,68.02,28.92,Online
2026-04-02T16:10:00Z,GS-06,Tanegashima,Asia Pacific,-62.58,245.38,23.72,100.38,64.65,48.55,28.58,28.35,Online
2026-04-02T16:15:00Z,GS-01,Geneva Prime,Europe,-54.41,244.08,26.18,107.3,40.15,60.01,84.71,28.15,Online
2026-04-02T16:15:00Z,GS-06,Tanegashima,Asia Pacific,-30.0,244.79,23.51,118.45,53.51,58.88,54.75,31.55,Online
2026-04-02T16:20:00Z,GS-01,Geneva Prime,Europe,-54.21,243.38,25.65,108.8,53.76,71.14,80.88,31.01,Online
2026-04-02T16:20:00Z,GS-06,Tanegashima,Asia Pacific,-47.85,243.55,22.92,103.77,33.53,78.54,23.71,28.59,Online
2026-04-02T16:25:00Z,GS-01,Geneva Prime,Europe,-40.29,247.68,20.49,118.22,62.61,59.76,183.95,27.83,Online
2026-04-02T16:25:00Z,GS-06,Tanegashima,Asia Pacific,-49.59,248.58,24.32,93.87,41.51,63.55,112.63,31.32,Online
2026-04-02T16:30:00Z,GS-01,Geneva Prime,Europe,-44.4,245.46,21.83,71.8,40.37,68.12,84.32,34.21,Online
2026-04-02T16:30:00Z,GS-06,Tanegashima,Asia Pacific,-57.1,247.62,22.5,80.87,44.31,69.02,84.56,29.11,Online
2026-04-02T16:35:00Z,GS-01,Geneva Prime,Europe,-73.88,247.85,22.19,135.81,28.91,57.44,85.77,27.42,Online
2026-04-02T16:35:00Z,GS-06,Tanegashima,Asia Pacific,-72.5,247.39,20.45,105.76,43.07,55.56,97.12,32.76,Online
2026-04-02T16:40:00Z,GS-01,Geneva Prime,Europe,-35.41,246.15,22.96,94.66,46.86,56.81,84.7,30.28,Online
2026-04-02T16:40:00Z,GS-06,Tanegashima,Asia Pacific,-68.68,248.21,20.91,107.03,52.19,66.83,60.23,30.48,Online
2026-04-02T16:45:00Z,GS-01,Geneva Prime,Europe,-45.56,253.58,21.47,93.37,47.29,50.8,72.26,31.05,Online
2026-04-02T16:45:00Z,GS-06,Tanegashima,Asia Pacific,-50.37,250.71,22.03,75.26,53.44,59.38,68.96,29.39,Online
2026-04-02T16:50:00Z,GS-01,Geneva Prime,Europe,-60.94,251.6,22.7,88.14,64.12,71.72,44.34,29.91,Online
2026-04-02T16:50:00Z,GS-06,Tanegashima,Asia Pacific,-69.76,251.85,25.39,90.77,49.32,64.33,39.97,28.52,Online
2026-04-02T16:55:00Z,GS-01,Geneva Prime,Europe,-78.09,251.98,15.5,116.34,69.65,61.18,23.35,28.71,Online
2026-04-02T16:55:00Z,GS-06,Tanegashima,Asia Pacific,-66.88,251.71,22.92,124.31,31.13,65.8,141.07,32.53,Online
2026-04-02T17:00:00Z,GS-01,Geneva Prime,Europe,-30.0,253.2,26.67,89.37,37.89,62.62,56.72,30.15,Online
2026-04-02T17:00:00Z,GS-06,Tanegashima,Asia Pacific,-79.8,254.52,23.59,98.29,46.7,63.8,126.83,27.07,Degraded
2026-04-02T17:05:00Z,GS-01,Geneva Prime,Europe,-51.23,255.71,21.19,131.8,30.67,51.9,10.0,28.6,Online
2026-04-02T17:05:00Z,GS-06,Tanegashima,Asia Pacific,-40.04,256.01,18.18,85.43,61.7,51.0,95.55,27.67,Online
2026-04-02T17:10:00Z,GS-01,Geneva Prime,Europe,-43.31,257.36,20.88,91.65,54.27,66.27,93.4,30.15,Online
2026-04-02T17:10:00Z,GS-06,Tanegashima,Asia Pacific,-63.18,258.58,20.04,100.07,41.7,56.34,52.44,30.0,Online
2026-04-02T17:15:00Z,GS-01,Geneva Prime,Europe,-40.34,261.09,18.06,138.68,41.18,64.81,43.75,29.38,Online
2026-04-02T17:15:00Z,GS-06,Tanegashima,Asia Pacific,-55.29,255.78,21.79,140.38,42.9,70.88,72.41,30.44,Online
2026-04-02T17:20:00Z,GS-01,Geneva Prime,Europe,-93.28,264.84,23.45,91.46,49.28,62.3,22.24,29.71,Online
2026-04-02T17:20:00Z,GS-06,Tanegashima,Asia Pacific,-53.83,258.12,22.7,124.17,56.71,60.07,23.38,30.51,Online
2026-04-02T17:25:00Z,GS-01,Geneva Prime,Europe,-64.06,258.47,23.05,162.98,44.51,77.27,83.65,28.34,Online
2026-04-02T17:25:00Z,GS-06,Tanegashima,Asia Pacific,-69.46,264.52,18.79,122.06,38.29,56.32,121.21,28.34,Online
2026-04-02T17:30:00Z,GS-01,Geneva Prime,Europe,-66.07,264.77,23.45,119.34,37.14,55.92,83.2,29.26,Online
2026-04-02T17:30:00Z,GS-06,Tanegashima,Asia Pacific,-74.82,263.95,20.43,48.53,33.85,55.97,77.09,31.62,Online
2026-04-02T17:35:00Z,GS-01,Geneva Prime,Europe,-56.43,262.07,20.62,89.44,48.9,64.64,128.37,28.62,Online
2026-04-02T17:35:00Z,GS-06,Tanegashima,Asia Pacific,-35.42,265.57,18.76,166.3,48.92,53.32,146.12,31.77,Online
2026-04-02T17:40:00Z,GS-01,Geneva Prime,Europe,-60.5,263.99,19.77,121.44,60.33,64.56,84.07,30.77,Online
2026-04-02T17:40:00Z,GS-06,Tanegashima,Asia Pacific,-64.69,267.06,19.54,112.93,43.64,59.55,64.9,30.54,Online
2026-04-02T17:45:00Z,GS-01,Geneva Prime,Europe,-70.99,264.77,24.31,129.34,20.0,55.48,10.0,26.97,Online
2026-04-02T17:45:00Z,GS-06,Tanegashima,Asia Pacific,-107.08,265.98,17.78,101.8,25.5,60.66,63.4,30.65,Online
2026-04-02T17:50:00Z,GS-01,Geneva Prime,Europe,-38.83,269.07,19.38,159.56,26.36,48.77,76.65,31.64,Online
2026-04-02T17:50:00Z,GS-06,Tanegashima,Asia Pacific,-63.04,267.13,17.14,128.38,56.44,66.31,54.83,27.2,Online
2026-04-02T17:55:00Z,GS-01,Geneva Prime,Europe,-79.4,268.92,17.85,64.68,39.92,56.09,58.48,28.83,Online
2026-04-02T17:55:00Z,GS-06,Tanegashima,Asia Pacific,-58.81,268.17,20.37,70.25,46.26,61.2,19.88,29.62,Online
2026-04-02T18:00:00Z,GS-01,Geneva Prime,Europe,-73.22,270.18,22.33,127.77,45.41,57.1,117.9,29.01,Online
2026-04-02T18:00:00Z,GS-06,Tanegashima,Asia Pacific,-69.28,268.41,15.86,104.62,44.01,69.09,94.36,30.0,Online
2026-04-02T18:05:00Z,GS-01,Geneva Prime,Europe,-70.46,273.53,18.95,123.33,27.49,61.88,10.0,27.47,Online
2026-04-02T18:05:00Z,GS-06,Tanegashima,Asia Pacific,-53.39,270.21,17.91,125.38,43.76,56.08,81.68,31.82,Online
2026-04-02T18:10:00Z,GS-01,Geneva Prime,Europe,-42.7,274.83,20.9,104.99,20.0,54.57,60.78,24.93,Online
2026-04-02T18:10:00Z,GS-06,Tanegashima,Asia Pacific,-77.36,268.54,19.95,124.56,58.28,63.32,41.46,24.84,Online
2026-04-02T18:15:00Z,GS-01,Geneva Prime,Europe,-86.35,271.21,18.29,95.21,71.27,62.71,70.71,27.62,Online
2026-04-02T18:15:00Z,GS-06,Tanegashima,Asia Pacific,-42.9,271.39,20.9,99.58,41.0,67.08,115.16,26.19,Online
2026-04-02T18:20:00Z,GS-01,Geneva Prime,Europe,-62.73,275.56,19.57,117.55,48.37,74.66,18.79,27.29,Online
2026-04-02T18:20:00Z,GS-06,Tanegashima,Asia Pacific,-73.63,276.21,16.88,110.39,37.44,54.13,22.14,26.78,Online
2026-04-02T18:25:00Z,GS-01,Geneva Prime,Europe,-43.73,276.2,21.43,149.94,48.17,55.53,98.69,26.53,Online
2026-04-02T18:25:00Z,GS-06,Tanegashima,Asia Pacific,-67.57,273.21,22.03,88.42,47.19,51.71,97.44,26.2,Online
2026-04-02T18:30:00Z,GS-01,Geneva Prime,Europe,-62.13,279.26,21.84,99.34,23.78,80.0,149.83,28.3,Online
2026-04-02T18:30:00Z,GS-06,Tanegashima,Asia Pacific,-71.3,277.27,19.17,137.92,48.15,53.73,61.17,28.9,Online
2026-04-02T18:35:00Z,GS-01,Geneva Prime,Europe,-36.0,281.81,21.86,92.42,20.0,62.38,79.93,27.3,Online
2026-04-02T18:35:00Z,GS-06,Tanegashima,Asia Pacific,-59.19,276.1,21.46,118.97,53.19,67.57,104.16,26.47,Online
2026-04-02T18:40:00Z,GS-01,Geneva Prime,Europe,-61.06,280.18,20.67,129.95,52.72,76.62,168.26,27.08,Online
2026-04-02T18:40:00Z,GS-06,Tanegashima,Asia Pacific,-117.55,282.47,19.38,75.96,40.22,56.43,104.49,24.62,Online
2026-04-02T18:45:00Z,GS-01,Geneva Prime,Europe,-76.17,281.94,21.82,119.25,35.56,52.17,59.73,27.19,Online
2026-04-02T18:45:00Z,GS-06,Tanegashima,Asia Pacific,-37.72,277.16,20.13,60.02,25.17,67.74,101.78,27.5,Online
2026-04-02T18:50:00Z,GS-01,Geneva Prime,Europe,-46.18,281.54,19.85,165.57,42.04,65.88,80.26,23.93,Online
2026-04-02T18:50:00Z,GS-06,Tanegashima,Asia Pacific,-90.67,281.34,22.82,123.65,55.97,52.1,144.63,25.25,Online
2026-04-02T18:55:00Z,GS-01,Geneva Prime,Europe,-56.81,283.73,20.51,140.16,36.54,49.2,80.8,25.97,Online
2026-04-02T18:55:00Z,GS-06,Tanegashima,Asia Pacific,-30.0,285.1,20.04,68.32,22.44,51.8,84.6,28.71,Online
2026-04-02T19:00:00Z,GS-01,Geneva Prime,Europe,-43.17,285.46,20.38,108.06,69.48,73.75,72.43,26.32,Online
2026-04-02T19:00:00Z,GS-06,Tanegashima,Asia Pacific,-93.24,284.61,22.7,67.97,35.99,66.34,20.93,28.03,Online
2026-04-02T19:05:00Z,GS-01,Geneva Prime,Europe,-67.98,285.47,18.95,111.34,74.52,66.25,45.43,28.02,Online
2026-04-02T19:05:00Z,GS-06,Tanegashima,Asia Pacific,-64.75,289.0,22.81,11.71,32.95,67.56,86.07,24.79,Online
2026-04-02T19:10:00Z,GS-01,Geneva Prime,Europe,-69.5,283.69,21.21,166.32,54.66,77.52,115.3,27.74,Online
2026-04-02T19:10:00Z,GS-06,Tanegashima,Asia Pacific,-30.39,288.25,21.01,130.98,62.45,56.16,51.14,26.4,Online
2026-04-02T19:15:00Z,GS-01,Geneva Prime,Europe,-47.53,290.35,18.74,157.35,37.31,57.88,43.89,30.12,Online
2026-04-02T19:15:00Z,GS-06,Tanegashima,Asia Pacific,-56.37,287.05,23.32,123.07,42.75,66.72,46.99,25.33,Online
2026-04-02T19:20:00Z,GS-01,Geneva Prime,Europe,-90.15,287.35,25.42,149.24,45.79,73.3,73.6,25.58,Degraded
2026-04-02T19:20:00Z,GS-06,Tanegashima,Asia Pacific,-59.15,289.75,21.38,134.3,46.8,65.7,121.26,26.53,Online
2026-04-02T19:25:00Z,GS-01,Geneva Prime,Europe,-74.55,288.54,22.34,94.86,46.05,59.87,183.34,23.83,Online
2026-04-02T19:25:00Z,GS-06,Tanegashima,Asia Pacific,-89.85,291.91,21.29,109.48,52.01,70.27,19.71,24.99,Online
2026-04-02T19:30:00Z,GS-01,Geneva Prime,Europe,-53.57,294.04,26.67,128.67,44.32,52.88,57.43,24.81,Online
2026-04-02T19:30:00Z,GS-06,Tanegashima,Asia Pacific,-50.17,293.01,19.64,86.92,55.53,62.81,102.75,26.28,Online
2026-04-02T19:35:00Z,GS-01,Geneva Prime,Europe,-35.6,294.22,21.77,72.53,48.0,40.47,72.63,25.27,Online
2026-04-02T19:35:00Z,GS-06,Tanegashima,Asia Pacific,-80.47,291.89,24.16,106.92,46.22,62.45,83.71,27.45,Online
2026-04-02T19:40:00Z,GS-01,Geneva Prime,Europe,-58.15,292.08,26.07,111.11,67.15,49.97,95.84,25.29,Online
2026-04-02T19:40:00Z,GS-06,Tanegashima,Asia Pacific,-36.39,294.31,21.14,126.87,56.1,61.35,107.05,25.41,Offline
2026-04-02T19:45:00Z,GS-01,Geneva Prime,Europe,-56.49,298.58,24.34,94.92,61.23,41.08,162.08,22.79,Online
2026-04-02T19:45:00Z,GS-06,Tanegashima,Asia Pacific,-69.41,296.17,22.8,130.19,32.31,62.09,56.87,25.79,Online
2026-04-02T19:50:00Z,GS-01,Geneva Prime,Europe,-60.97,297.69,22.29,84.7,48.45,67.55,56.07,23.93,Online
2026-04-02T19:50:00Z,GS-06,Tanegashima,Asia Pacific,-50.8,297.43,25.05,72.83,23.65,55.74,49.35,25.11,Online
2026-04-02T19:55:00Z,GS-01,Geneva Prime,Europe,-69.55,300.23,23.12,104.51,46.89,61.56,79.03,25.88,Online
2026-04-02T19:55:00Z,GS-06,Tanegashima,Asia Pacific,-71.93,301.55,23.23,60.65,47.26,53.19,106.61,28.43,Online
2026-04-02T20:00:00Z,GS-01,Geneva Prime,Europe,-71.8,300.66,20.51,113.62,34.37,55.0,35.95,26.1,Online
2026-04-02T20:00:00Z,GS-06,Tanegashima,Asia Pacific,-44.89,300.05,22.29,147.69,36.0,42.7,98.34,23.34,Online
2026-04-02T20:05:00Z,GS-01,Geneva Prime,Europe,-45.17,300.49,25.56,142.05,30.49,55.47,76.97,27.19,Online
2026-04-02T20:05:00Z,GS-06,Tanegashima,Asia Pacific,-69.88,300.06,25.31,82.68,46.83,47.59,168.57,22.87,Online
2026-04-02T20:10:00Z,GS-01,Geneva Prime,Europe,-64.83,302.44,28.52,60.25,68.8,66.06,96.68,23.3,Online
2026-04-02T20:10:00Z,GS-06,Tanegashima,Asia Pacific,-51.43,301.05,27.23,70.87,79.31,55.56,40.5,25.89,Online
2026-04-02T20:15:00Z,GS-01,Geneva Prime,Europe,-51.97,306.17,21.5,131.93,75.07,56.39,155.81,24.27,Online
2026-04-02T20:15:00Z,GS-06,Tanegashima,Asia Pacific,-80.59,303.14,27.15,74.85,37.8,64.75,80.12,25.54,Online
2026-04-02T20:20:00Z,GS-01,Geneva Prime,Europe,-56.43,305.96,24.56,106.95,33.87,70.31,54.63,26.25,Online
2026-04-02T20:20:00Z,GS-06,Tanegashima,Asia Pacific,-63.5,305.4,24.44,69.52,24.06,51.56,67.04,24.88,Maintenance
2026-04-02T20:25:00Z,GS-01,Geneva Prime,Europe,-44.84,305.36,24.04,56.72,50.76,71.07,130.65,25.52,Online
2026-04-02T20:25:00Z,GS-06,Tanegashima,Asia Pacific,-50.42,309.65,26.47,119.38,41.15,49.1,52.65,24.44,Online
2026-04-02T20:30:00Z,GS-01,Geneva Prime,Europe,-59.09,311.35,26.36,135.37,39.78,57.51,26.84,23.23,Online
2026-04-02T20:30:00Z,GS-06,Tanegashima,Asia Pacific,-52.1,307.52,28.09,105.44,40.77,77.19,76.24,26.09,Offline
2026-04-02T20:35:00Z,GS-01,Geneva Prime,Europe,-66.02,310.17,28.46,106.25,20.0,60.15,129.22,25.04,Online
2026-04-02T20:35:00Z,GS-06,Tanegashima,Asia Pacific,-53.31,305.31,25.16,112.34,49.92,69.72,74.21,24.85,Online
2026-04-02T20:40:00Z,GS-01,Geneva Prime,Europe,-59.75,308.03,22.51,112.93,47.09,55.05,15.23,25.09,Online
2026-04-02T20:40:00Z,GS-06,Tanegashima,Asia Pacific,-63.99,311.11,30.75,35.76,36.6,58.32,138.19,21.69,Online
2026-04-02T20:45:00Z,GS-01,Geneva Prime,Europe,-30.96,311.52,27.25,94.06,39.76,68.38,37.26,24.56,Online
2026-04-02T20:45:00Z,GS-06,Tanegashima,Asia Pacific,-65.76,309.73,32.62,112.57,52.36,69.1,23.15,26.67,Online
2026-04-02T20:50:00Z,GS-01,Geneva Prime,Europe,-97.63,310.96,26.96,117.45,47.62,58.67,79.52,22.48,Online
2026-04-02T20:50:00Z,GS-06,Tanegashima,Asia Pacific,-82.46,313.95,29.27,147.53,35.52,65.54,68.65,25.73,Online
2026-04-02T20:55:00Z,GS-01,Geneva Prime,Europe,-44.67,314.17,27.65,128.83,52.76,54.52,26.89,23.42,Online
2026-04-02T20:55:00Z,GS-06,Tanegashima,Asia Pacific,-37.27,316.04,26.1,64.97,60.3,50.91,100.37,22.93,Online
2026-04-02T21:00:00Z,GS-01,Geneva Prime,Europe,-35.74,313.46,31.07,105.55,48.03,44.24,10.0,23.43,Online
2026-04-02T21:00:00Z,GS-06,Tanegashima,Asia Pacific,-56.3,312.75,26.61,116.84,51.75,58.9,111.21,22.0,Online
2026-04-02T21:05:00Z,GS-01,Geneva Prime,Europe,-65.34,319.55,29.39,103.79,72.67,48.81,111.86,26.16,Online
2026-04-02T21:05:00Z,GS-06,Tanegashima,Asia Pacific,-64.87,317.97,27.29,79.4,82.38,66.39,124.84,26.02,Online
2026-04-02T21:10:00Z,GS-01,Geneva Prime,Europe,-61.01,319.89,29.05,127.06,47.49,63.57,96.94,21.17,Online
2026-04-02T21:10:00Z,GS-06,Tanegashima,Asia Pacific,-76.86,317.71,26.36,124.94,55.46,62.62,35.15,25.65,Online
2026-04-02T21:15:00Z,GS-01,Geneva Prime,Europe,-30.0,319.04,31.24,106.05,51.36,59.04,78.62,24.85,Online
2026-04-02T21:15:00Z,GS-06,Tanegashima,Asia Pacific,-30.0,315.95,30.01,64.59,64.1,55.3,22.27,24.45,Online
2026-04-02T21:20:00Z,GS-01,Geneva Prime,Europe,-33.84,321.33,31.13,112.27,61.98,53.01,75.53,22.72,Online
2026-04-02T21:20:00Z,GS-06,Tanegashima,Asia Pacific,-77.52,319.34,32.93,117.0,52.73,61.17,100.93,22.2,Online
2026-04-02T21:25:00Z,GS-01,Geneva Prime,Europe,-64.64,321.63,31.78,109.61,43.34,56.98,200.0,24.68,Online
2026-04-02T21:25:00Z,GS-06,Tanegashima,Asia Pacific,-53.8,320.78,30.32,96.08,48.51,44.96,17.22,22.37,Online
2026-04-02T21:30:00Z,GS-01,Geneva Prime,Europe,-56.89,322.02,34.69,55.53,35.98,72.16,85.24,24.57,Online
2026-04-02T21:30:00Z,GS-06,Tanegashima,Asia Pacific,-30.0,321.11,31.54,91.83,21.54,57.52,115.24,24.05,Online
2026-04-02T21:35:00Z,GS-01,Geneva Prime,Europe,-50.71,323.0,30.95,138.08,39.03,62.35,86.53,25.35,Online
2026-04-02T21:35:00Z,GS-06,Tanegashima,Asia Pacific,-45.43,321.16,29.89,117.37,44.23,56.36,120.63,23.44,Online
2026-04-02T21:40:00Z,GS-01,Geneva Prime,Europe,-59.21,326.56,32.04,147.06,35.54,65.26,137.35,21.02,Online
2026-04-02T21:40:00Z,GS-06,Tanegashima,Asia Pacific,-65.15,327.28,35.11,94.86,36.18,67.65,127.34,21.34,Online
2026-04-02T21:45:00Z,GS-01,Geneva Prime,Europe,-78.06,326.7,34.59,91.03,53.15,54.32,10.0,22.38,Online
2026-04-02T21:45:00Z,GS-06,Tanegashima,Asia Pacific,-59.05,325.7,31.02,45.53,38.83,67.18,130.25,24.79,Online
2026-04-02T21:50:00Z,GS-01,Geneva Prime,Europe,-72.24,325.19,34.87,119.05,49.8,43.89,45.32,22.9,Online
2026-04-02T21:50:00Z,GS-06,Tanegashima,Asia Pacific,-52.69,329.03,34.17,109.92,46.02,65.48,92.51,23.04,Online
2026-04-02T21:55:00Z,GS-01,Geneva Prime,Europe,-64.03,328.91,35.41,108.02,49.57,70.74,90.61,21.9,Online
2026-04-02T21:55:00Z,GS-06,Tanegashima,Asia Pacific,-46.75,326.02,32.27,110.08,51.2,50.04,64.69,21.96,Online
2026-04-02T22:00:00Z,GS-01,Geneva Prime,Europe,-67.3,331.89,36.41,99.43,38.45,49.2,136.81,23.69,Online
2026-04-02T22:00:00Z,GS-06,Tanegashima,Asia Pacific,-70.6,331.44,34.86,91.39,50.22,54.07,66.25,22.99,Online
2026-04-02T22:05:00Z,GS-01,Geneva Prime,Europe,-67.49,332.59,39.31,77.37,25.02,43.99,73.98,21.74,Online
2026-04-02T22:05:00Z,GS-06,Tanegashima,Asia Pacific,-56.88,331.52,32.36,45.55,48.55,61.08,62.97,20.25,Online
2026-04-02T22:10:00Z,GS-01,Geneva Prime,Europe,-52.93,335.04,36.7,74.58,45.53,49.07,122.32,22.8,Online
2026-04-02T22:10:00Z,GS-06,Tanegashima,Asia Pacific,-86.52,331.9,37.07,90.01,41.69,50.2,102.66,21.71,Degraded
2026-04-02T22:15:00Z,GS-01,Geneva Prime,Europe,-92.35,333.01,38.69,88.39,65.86,63.43,93.55,22.43,Online
2026-04-02T22:15:00Z,GS-06,Tanegashima,Asia Pacific,-61.02,333.22,36.13,115.93,33.77,51.39,35.07,25.69,Online
2026-04-02T22:20:00Z,GS-01,Geneva Prime,Europe,-52.04,335.61,35.21,118.7,43.6,61.71,40.94,22.8,Online
2026-04-02T22:20:00Z,GS-06,Tanegashima,Asia Pacific,-66.36,333.47,38.79,53.87,51.78,65.48,44.81,21.33,Online
2026-04-02T22:25:00Z,GS-01,Geneva Prime,Europe,-63.35,336.81,37.61,113.01,66.16,55.94,11.39,23.75,Online
2026-04-02T22:25:00Z,GS-06,Tanegashima,Asia Pacific,-34.75,337.04,35.74,96.28,31.58,65.14,25.95,22.06,Online
2026-04-02T22:30:00Z,GS-01,Geneva Prime,Europe,-75.07,337.75,37.79,105.3,45.27,52.11,105.08,22.38,Online
2026-04-02T22:30:00Z,GS-06,Tanegashima,Asia Pacific,-74.83,341.98,39.47,95.4,61.98,74.73,74.19,22.98,Online
2026-04-02T22:35:00Z,GS-01,Geneva Prime,Europe,-74.82,338.46,38.73,105.54,48.99,64.48,89.51,20.59,Online
2026-04-02T22:35:00Z,GS-06,Tanegashima,Asia Pacific,-74.08,337.66,38.56,131.52,31.04,57.14,118.12,21.96,Online
2026-04-02T22:40:00Z,GS-01,Geneva Prime,Europe,-53.09,339.72,40.25,93.15,53.0,47.64,65.47,22.81,Maintenance
2026-04-02T22:40:00Z,GS-06,Tanegashima,Asia Pacific,-51.99,342.99,38.96,144.38,37.09,70.63,112.7,20.99,Online
2026-04-02T22:45:00Z,GS-01,Geneva Prime,Europe,-55.39,341.15,41.61,93.3,41.31,70.95,76.05,23.56,Maintenance
2026-04-02T22:45:00Z,GS-06,Tanegashima,Asia Pacific,-63.38,344.58,39.0,81.58,63.29,56.44,144.04,23.66,Online
2026-04-02T22:50:00Z,GS-01,Geneva Prime,Europe,-62.32,338.87,40.94,103.05,59.01,72.71,52.6,23.48,Online
2026-04-02T22:50:00Z,GS-06,Tanegashima,Asia Pacific,-48.52,344.65,41.98,41.73,43.13,50.75,71.9,23.75,Online
2026-04-02T22:55:00Z,GS-01,Geneva Prime,Europe,-55.42,346.05,42.29,61.05,20.0,61.19,71.44,20.77,Online
2026-04-02T22:55:00Z,GS-06,Tanegashima,Asia Pacific,-85.51,342.28,41.22,119.98,47.26,72.86,38.58,23.56,Online
2026-04-02T23:00:00Z,GS-01,Geneva Prime,Europe,-59.29,346.39,41.36,132.15,48.54,54.56,79.52,21.85,Degraded
2026-04-02T23:00:00Z,GS-06,Tanegashima,Asia Pacific,-52.66,342.64,42.18,111.86,45.4,70.78,110.96,22.19,Online
2026-04-02T23:05:00Z,GS-01,Geneva Prime,Europe,-56.75,346.84,43.68,45.23,41.38,48.12,131.13,22.08,Offline
2026-04-02T23:05:00Z,GS-06,Tanegashima,Asia Pacific,-62.9,348.04,43.71,66.14,44.15,57.32,10.22,21.14,Online
2026-04-02T23:10:00Z,GS-01,Geneva Prime,Europe,-62.75,347.27,40.54,134.55,43.77,60.3,96.03,20.96,Online
2026-04-02T23:10:00Z,GS-06,Tanegashima,Asia Pacific,-53.15,346.77,41.71,117.2,62.9,65.8,116.92,21.36,Online
2026-04-02T23:15:00Z,GS-01,Geneva Prime,Europe,-83.96,351.73,48.26,146.28,40.97,50.76,37.37,19.59,Online
2026-04-02T23:15:00Z,GS-06,Tanegashima,Asia Pacific,-61.61,351.96,43.86,109.07,61.51,56.77,161.42,25.1,Online
2026-04-02T23:20:00Z,GS-01,Geneva Prime,Europe,-61.97,348.84,46.19,89.57,31.12,70.25,128.66,22.32,Online
2026-04-02T23:20:00Z,GS-06,Tanegashima,Asia Pacific,-78.94,347.54,45.01,85.0,40.91,68.18,109.33,24.16,Online
2026-04-02T23:25:00Z,GS-01,Geneva Prime,Europe,-74.86,350.56,46.95,113.44,63.39,63.36,153.92,22.88,Online
2026-04-02T23:25:00Z,GS-06,Tanegashima,Asia Pacific,-44.07,350.6,45.46,127.33,64.36,65.83,76.67,24.14,Online
2026-04-02T23:30:00Z,GS-01,Geneva Prime,Europe,-92.88,349.66,47.45,100.42,52.27,60.52,102.84,20.83,Online
2026-04-02T23:30:00Z,GS-06,Tanegashima,Asia Pacific,-51.44,354.49,48.53,160.41,47.93,62.19,19.07,21.25,Online
2026-04-02T23:35:00Z,GS-01,Geneva Prime,Europe,-62.9,355.85,45.51,123.89,44.98,58.58,89.96,21.45,Online
2026-04-02T23:35:00Z,GS-06,Tanegashima,Asia Pacific,-66.44,350.34,46.24,85.6,38.81,63.33,106.35,22.38,Online
2026-04-02T23:40:00Z,GS-01,Geneva Prime,Europe,-45.07,356.15,46.8,86.11,48.75,64.59,135.91,23.81,Online
2026-04-02T23:40:00Z,GS-06,Tanegashima,Asia Pacific,-68.12,354.8,48.73,132.04,56.27,59.49,29.84,20.52,Online
2026-04-02T23:45:00Z,GS-01,Geneva Prime,Europe,-55.91,356.93,45.84,101.34,52.57,50.79,124.2,21.45,Online
2026-04-02T23:45:00Z,GS-06,Tanegashima,Asia Pacific,-41.14,355.18,45.98,86.26,43.86,56.89,71.36,22.51,Online
2026-04-02T23:50:00Z,GS-01,Geneva Prime,Europe,-62.57,357.37,45.27,111.75,43.93,72.88,42.42,19.29,Online
2026-04-02T23:50:00Z,GS-06,Tanegashima,Asia Pacific,-50.73,358.19,46.67,54.11,63.45,71.31,10.0,21.32,Online
2026-04-02T23:55:00Z,GS-01,Geneva Prime,Europe,-35.04,357.8,48.36,91.52,31.55,46.36,122.1,19.24,Online
2026-04-02T23:55:00Z,GS-06,Tanegashima,Asia Pacific,-56.29,0.52,46.44,72.27,59.56,64.26,55.31,23.8,Online
2026-04-03T00:00:00Z,GS-01,Geneva Prime,Europe,-41.9,0.54,48.2,87.6,48.44,58.49,117.56,19.71,Online
2026-04-03T00:00:00Z,GS-06,Tanegashima,Asia Pacific,-82.41,0.36,49.02,81.19,23.78,60.16,77.89,22.98,Online
2026-04-03T00:05:00Z,GS-01,Geneva Prime,Europe,-58.97,0.98,53.01,60.63,51.44,46.63,46.47,20.18,Online
2026-04-03T00:05:00Z,GS-06,Tanegashima,Asia Pacific,-48.27,1.12,50.63,66.8,76.95,53.89,95.34,20.51,Online
2026-04-03T00:10:00Z,GS-01,Geneva Prime,Europe,-40.05,359.15,49.7,150.32,39.78,49.48,88.76,21.29,Online
2026-04-03T00:10:00Z,GS-06,Tanegashima,Asia Pacific,-72.54,0.31,56.85,92.45,21.89,71.95,104.44,20.86,Online
2026-04-03T00:15:00Z,GS-01,Geneva Prime,Europe,-74.0,5.1,51.47,42.22,66.45,56.53,139.82,23.93,Online
2026-04-03T00:15:00Z,GS-06,Tanegashima,Asia Pacific,-75.02,5.82,50.66,44.0,39.9,63.18,61.49,21.55,Online
2026-04-03T00:20:00Z,GS-01,Geneva Prime,Europe,-42.85,5.21,50.93,121.06,47.37,40.0,97.13,22.61,Online
2026-04-03T00:20:00Z,GS-06,Tanegashima,Asia Pacific,-59.7,6.78,51.27,110.09,26.2,63.26,158.12,20.53,Online
2026-04-03T00:25:00Z,GS-01,Geneva Prime,Europe,-71.4,4.83,53.53,68.11,50.05,66.77,101.37,19.38,Online
2026-04-03T00:25:00Z,GS-06,Tanegashima,Asia Pacific,-45.07,8.12,54.93,111.19,47.64,68.26,156.94,20.61,Online
2026-04-03T00:30:00Z,GS-01,Geneva Prime,Europe,-43.83,7.33,53.66,53.9,41.58,52.02,61.45,20.4,Online
2026-04-03T00:30:00Z,GS-06,Tanegashima,Asia Pacific,-66.73,6.69,54.11,51.56,55.64,62.9,48.1,23.66,Online
2026-04-03T00:35:00Z,GS-01,Geneva Prime,Europe,-56.62,9.96,57.39,90.71,38.11,66.97,100.38,21.79,Online
2026-04-03T00:35:00Z,GS-06,Tanegashima,Asia Pacific,-39.13,8.33,54.63,100.64,33.78,60.62,135.87,22.74,Online
2026-04-03T00:40:00Z,GS-01,Geneva Prime,Europe,-59.53,9.68,55.87,122.49,52.31,57.35,92.99,22.81,Online
2026-04-03T00:40:00Z,GS-06,Tanegashima,Asia Pacific,-75.11,10.34,50.89,114.48,52.92,65.98,64.2,22.55,Online
2026-04-03T00:45:00Z,GS-01,Geneva Prime,Europe,-38.64,14.08,55.79,104.18,58.33,47.99,67.08,24.12,Online
2026-04-03T00:45:00Z,GS-06,Tanegashima,Asia Pacific,-45.37,11.99,52.84,98.5,37.92,62.65,47.63,20.58,Online
2026-04-03T00:50:00Z,GS-01,Geneva Prime,Europe,-90.97,14.94,55.69,104.71,44.97,51.46,29.64,20.63,Online
2026-04-03T00:50:00Z,GS-06,Tanegashima,Asia Pacific,-70.85,13.23,54.9,152.39,57.33,66.47,75.21,24.41,Online
2026-04-03T00:55:00Z,GS-01,Geneva Prime,Europe,-63.27,13.69,57.47,121.05,52.64,56.2,58.68,23.13,Online
2026-04-03T00:55:00Z,GS-06,Tanegashima,Asia Pacific,-49.27,12.96,53.96,93.78,52.48,74.44,32.08,21.53,Online
2026-04-03T01:00:00Z,GS-01,Geneva Prime,Europe,-65.84,17.71,57.69,72.78,51.7,56.76,31.02,20.87,Online
2026-04-03T01:00:00Z,GS-06,Tanegashima,Asia Pacific,-33.99,15.77,57.98,92.5,48.51,62.24,91.69,22.38,Offline
2026-04-03T01:05:00Z,GS-01,Geneva Prime,Europe,-46.97,16.3,56.44,81.63,21.25,76.21,114.51,20.99,Maintenance
2026-04-03T01:05:00Z,GS-06,Tanegashima,Asia Pacific,-64.23,14.98,61.48,57.4,46.37,59.13,113.07,22.08,Online
2026-04-03T01:10:00Z,GS-01,Geneva Prime,Europe,-86.37,17.0,57.08,102.39,95.0,46.08,47.99,21.45,Online
2026-04-03T01:10:00Z,GS-06,Tanegashima,Asia Pacific,-65.72,18.98,58.67,112.47,37.49,61.84,111.11,21.18,Online
2026-04-03T01:15:00Z,GS-01,Geneva Prime,Europe,-48.28,18.85,61.73,93.96,49.57,59.68,76.15,22.71,Online
2026-04-03T01:15:00Z,GS-06,Tanegashima,Asia Pacific,-51.95,16.25,62.51,44.21,36.78,59.25,96.49,24.68,Online
2026-04-03T01:20:00Z,GS-01,Geneva Prime,Europe,-87.87,18.98,56.01,100.95,48.26,72.73,84.83,23.93,Online
2026-04-03T01:20:00Z,GS-06,Tanegashima,Asia Pacific,-51.24,19.13,57.44,108.25,27.09,70.36,73.52,24.15,Online
2026-04-03T01:25:00Z,GS-01,Geneva Prime,Europe,-67.2,21.79,61.29,98.65,39.81,63.14,42.95,20.59,Online
2026-04-03T01:25:00Z,GS-06,Tanegashima,Asia Pacific,-41.36,22.7,61.0,149.95,41.79,70.58,87.02,20.87,Online
2026-04-03T01:30:00Z,GS-01,Geneva Prime,Europe,-32.28,24.48,61.24,121.82,40.16,66.63,10.0,20.93,Online
2026-04-03T01:30:00Z,GS-06,Tanegashima,Asia Pacific,-45.31,22.0,61.9,59.6,67.17,69.52,71.97,21.85,Online
2026-04-03T01:35:00Z,GS-01,Geneva Prime,Europe,-44.56,27.71,63.99,165.15,33.93,53.44,32.44,23.17,Online
2026-04-03T01:35:00Z,GS-06,Tanegashima,Asia Pacific,-57.37,23.45,63.7,136.97,26.69,55.22,112.81,21.81,Online
2026-04-03T01:40:00Z,GS-01,Geneva Prime,Europe,-71.97,27.04,60.1,90.95,48.94,55.41,111.33,21.71,Online
2026-04-03T01:40:00Z,GS-06,Tanegashima,Asia Pacific,-38.87,24.75,64.02,122.38,37.47,43.57,94.43,22.67,Online
2026-04-03T01:45:00Z,GS-01,Geneva Prime,Europe,-51.66,25.8,62.41,160.25,50.74,65.87,57.02,22.12,Online
2026-04-03T01:45:00Z,GS-06,Tanegashima,Asia Pacific,-64.76,24.64,64.41,141.72,50.64,60.83,40.54,23.39,Online
2026-04-03T01:50:00Z,GS-01,Geneva Prime,Europe,-30.0,26.74,63.1,83.17,39.13,40.0,96.2,21.41,Online
2026-04-03T01:50:00Z,GS-06,Tanegashima,Asia Pacific,-84.15,29.01,61.69,89.84,90.37,48.73,18.7,23.08,Online
2026-04-03T01:55:00Z,GS-01,Geneva Prime,Europe,-42.76,25.6,65.25,117.43,20.29,66.39,115.06,22.27,Online
2026-04-03T01:55:00Z,GS-06,Tanegashima,Asia Pacific,-41.21,31.02,64.64,86.46,33.33,59.7,102.79,22.25,Online
2026-04-03T02:00:00Z,GS-01,Geneva Prime,Europe,-92.96,32.54,65.38,88.61,55.29,72.2,10.0,23.46,Online
2026-04-03T02:00:00Z,GS-06,Tanegashima,Asia Pacific,-81.4,31.0,65.26,119.07,39.01,45.01,61.99,23.41,Online
2026-04-03T02:05:00Z,GS-01,Geneva Prime,Europe,-44.77,28.91,67.62,80.56,49.35,55.92,87.29,24.21,Online
2026-04-03T02:05:00Z,GS-06,Tanegashima,Asia Pacific,-78.41,29.89,65.93,172.05,34.64,76.32,160.18,22.72,Online
2026-04-03T02:10:00Z,GS-01,Geneva Prime,Europe,-64.47,31.12,65.98,57.8,44.09,71.98,55.56,22.58,Online
2026-04-03T02:10:00Z,GS-06,Tanegashima,Asia Pacific,-85.52,33.25,66.65,101.91,42.4,57.66,100.08,22.9,Online
2026-04-03T02:15:00Z,GS-01,Geneva Prime,Europe,-55.28,34.18,68.91,120.31,47.31,72.15,96.81,24.97,Online
2026-04-03T02:15:00Z,GS-06,Tanegashima,Asia Pacific,-50.9,30.07,69.28,104.06,44.38,62.25,66.2,23.35,Online
2026-04-03T02:20:00Z,GS-01,Geneva Prime,Europe,-68.88,37.55,66.98,88.52,33.9,62.15,87.48,23.67,Online
2026-04-03T02:20:00Z,GS-06,Tanegashima,Asia Pacific,-75.41,31.8,68.46,144.54,32.68,72.72,91.36,23.07,Online
2026-04-03T02:25:00Z,GS-01,Geneva Prime,Europe,-65.96,33.48,69.71,76.73,35.64,67.94,10.0,20.88,Online
2026-04-03T02:25:00Z,GS-06,Tanegashima,Asia Pacific,-60.27,36.84,68.71,90.95,75.36,58.18,70.77,21.97,Degraded
2026-04-03T02:30:00Z,GS-01,Geneva Prime,Europe,-58.14,38.73,70.67,55.32,42.05,63.57,103.48,23.25,Online
2026-04-03T02:30:00Z,GS-06,Tanegashima,Asia Pacific,-51.86,35.88,71.38,129.78,28.86,51.4,38.12,24.26,Online
2026-04-03T02:35:00Z,GS-01,Geneva Prime,Europe,-79.27,38.09,69.69,98.02,48.11,51.47,103.79,22.4,Online
2026-04-03T02:35:00Z,GS-06,Tanegashima,Asia Pacific,-64.87,39.23,68.98,100.72,67.09,57.6,80.09,21.26,Online
2026-04-03T02:40:00Z,GS-01,Geneva Prime,Europe,-66.94,40.78,66.73,134.7,60.24,50.04,134.3,23.19,Online
2026-04-03T02:40:00Z,GS-06,Tanegashima,Asia Pacific,-53.72,39.01,71.13,112.18,35.23,50.68,21.59,23.69,Online
2026-04-03T02:45:00Z,GS-01,Geneva Prime,Europe,-51.41,42.55,69.54,65.29,36.82,69.22,60.61,23.7,Degraded
2026-04-03T02:45:00Z,GS-06,Tanegashima,Asia Pacific,-76.13,41.92,68.87,131.4,54.28,56.03,74.93,22.66,Online
2026-04-03T02:50:00Z,GS-01,Geneva Prime,Europe,-81.29,40.79,70.66,109.76,46.78,57.59,117.32,23.67,Online
2026-04-03T02:50:00Z,GS-06,Tanegashima,Asia Pacific,-49.45,38.95,62.42,108.51,27.9,58.3,67.92,25.96,Degraded
2026-04-03T02:55:00Z,GS-01,Geneva Prime,Europe,-54.0,44.08,72.42,111.05,39.51,68.57,35.61,24.15,Online
2026-04-03T02:55:00Z,GS-06,Tanegashima,Asia Pacific,-83.21,44.16,71.13,150.29,26.22,55.19,112.91,24.17,Online
2026-04-03T03:00:00Z,GS-01,Geneva Prime,Europe,-57.3,43.09,70.03,137.35,44.38,63.0,75.39,21.98,Online
2026-04-03T03:00:00Z,GS-06,Tanegashima,Asia Pacific,-45.99,46.01,75.82,69.53,54.87,49.51,86.29,25.22,Online
2026-04-03T03:05:00Z,GS-01,Geneva Prime,Europe,-91.08,45.84,70.54,78.94,49.62,68.97,74.67,24.16,Online
2026-04-03T03:05:00Z,GS-06,Tanegashima,Asia Pacific,-58.29,46.25,69.49,133.25,48.54,63.16,47.74,23.16,Online
2026-04-03T03:10:00Z,GS-01,Geneva Prime,Europe,-62.64,44.43,68.74,81.98,51.27,54.77,39.25,22.72,Degraded
2026-04-03T03:10:00Z,GS-06,Tanegashima,Asia Pacific,-66.83,46.79,76.45,131.64,57.3,69.35,40.05,22.11,Online
2026-04-03T03:15:00Z,GS-01,Geneva Prime,Europe,-76.6,51.42,71.46,62.46,39.83,58.09,90.74,24.42,Online
2026-04-03T03:15:00Z,GS-06,Tanegashima,Asia Pacific,-72.42,50.12,71.28,95.31,53.24,54.87,57.23,24.93,Online
2026-04-03T03:20:00Z,GS-01,Geneva Prime,Europe,-72.87,49.23,74.09,161.62,52.26,63.78,101.23,22.53,Online
2026-04-03T03:20:00Z,GS-06,Tanegashima,Asia Pacific,-58.27,49.94,73.62,103.5,49.56,57.51,82.34,22.3,Online
2026-04-03T03:25:00Z,GS-01,Geneva Prime,Europe,-64.8,54.03,74.03,99.37,67.75,49.11,35.62,26.81,Online
2026-04-03T03:25:00Z,GS-06,Tanegashima,Asia Pacific,-59.31,50.76,71.0,113.43,51.53,51.24,74.39,23.74,Online
2026-04-03T03:30:00Z,GS-01,Geneva Prime,Europe,-56.16,50.26,76.3,127.47,40.64,58.27,74.54,23.18,Online
2026-04-03T03:30:00Z,GS-06,Tanegashima,Asia Pacific,-66.65,51.96,77.03,128.4,56.22,62.96,35.31,24.29,Online
2026-04-03T03:35:00Z,GS-01,Geneva Prime,Europe,-45.44,51.23,75.47,169.68,57.74,71.31,88.73,25.9,Online
2026-04-03T03:35:00Z,GS-06,Tanegashima,Asia Pacific,-70.77,55.34,75.5,108.7,60.79,55.69,72.52,24.6,Online
2026-04-03T03:40:00Z,GS-01,Geneva Prime,Europe,-75.44,55.45,71.14,131.41,45.56,55.83,46.63,24.21,Online
2026-04-03T03:40:00Z,GS-06,Tanegashima,Asia Pacific,-49.68,56.1,73.16,74.62,52.88,54.22,82.4,24.74,Online
2026-04-03T03:45:00Z,GS-01,Geneva Prime,Europe,-55.32,57.97,72.42,42.67,38.19,74.41,160.89,27.41,Online
2026-04-03T03:45:00Z,GS-06,Tanegashima,Asia Pacific,-62.89,52.69,70.26,81.58,42.62,70.41,114.71,25.01,Online
2026-04-03T03:50:00Z,GS-01,Geneva Prime,Europe,-73.35,55.58,75.81,120.91,49.7,51.72,106.03,25.42,Online
2026-04-03T03:50:00Z,GS-06,Tanegashima,Asia Pacific,-76.06,55.93,76.68,92.96,64.07,64.01,60.53,24.76,Online
2026-04-03T03:55:00Z,GS-01,Geneva Prime,Europe,-59.05,57.29,73.82,121.04,55.14,64.83,140.61,24.07,Online
2026-04-03T03:55:00Z,GS-06,Tanegashima,Asia Pacific,-34.89,56.95,73.62,47.2,39.65,55.97,101.04,25.25,Online
2026-04-03T04:00:00Z,GS-01,Geneva Prime,Europe,-77.89,59.21,75.24,46.72,33.23,53.83,137.35,25.29,Online
2026-04-03T04:00:00Z,GS-06,Tanegashima,Asia Pacific,-50.07,57.0,78.37,139.03,56.31,54.36,99.83,25.97,Online
2026-04-03T04:05:00Z,GS-01,Geneva Prime,Europe,-70.18,60.64,75.11,103.31,59.37,53.83,120.03,23.94,Online
2026-04-03T04:05:00Z,GS-06,Tanegashima,Asia Pacific,-72.71,62.89,78.15,125.54,29.21,56.27,112.92,25.18,Offline
2026-04-03T04:10:00Z,GS-01,Geneva Prime,Europe,-76.11,63.42,75.18,153.84,63.54,64.83,134.44,25.33,Online
2026-04-03T04:10:00Z,GS-06,Tanegashima,Asia Pacific,-48.52,65.46,77.1,92.34,24.54,59.33,112.94,26.65,Offline
2026-04-03T04:15:00Z,GS-01,Geneva Prime,Europe,-52.43,62.67,72.95,85.14,41.35,57.5,104.74,28.32,Online
2026-04-03T04:15:00Z,GS-06,Tanegashima,Asia Pacific,-58.15,63.32,76.39,103.73,35.06,60.96,98.03,25.66,Online
2026-04-03T04:20:00Z,GS-01,Geneva Prime,Europe,-53.14,65.87,73.65,119.11,36.95,51.23,35.82,26.11,Online
2026-04-03T04:20:00Z,GS-06,Tanegashima,Asia Pacific,-63.34,61.64,78.15,56.81,81.38,61.91,115.42,28.14,Online
2026-04-03T04:25:00Z,GS-01,Geneva Prime,Europe,-80.47,66.15,76.91,113.01,47.59,57.18,62.36,23.91,Online
2026-04-03T04:25:00Z,GS-06,Tanegashima,Asia Pacific,-45.18,67.17,79.29,90.69,37.12,51.37,94.36,24.02,Online
2026-04-03T04:30:00Z,GS-01,Geneva Prime,Europe,-32.27,64.88,78.26,147.01,52.19,61.41,41.26,23.63,Online
2026-04-03T04:30:00Z,GS-06,Tanegashima,Asia Pacific,-48.45,70.51,76.84,65.83,20.0,52.15,75.45,28.1,Online
2026-04-03T04:35:00Z,GS-01,Geneva Prime,Europe,-49.9,69.36,77.16,82.51,61.87,61.61,10.0,24.82,Online
2026-04-03T04:35:00Z,GS-06,Tanegashima,Asia Pacific,-72.87,67.66,79.09,96.78,83.99,70.51,52.14,28.62,Online
2026-04-03T04:40:00Z,GS-01,Geneva Prime,Europe,-70.07,70.18,77.63,103.7,50.34,63.47,49.88,24.26,Online
2026-04-03T04:40:00Z,GS-06,Tanegashima,Asia Pacific,-30.0,69.03,79.59,51.77,41.64,58.98,98.91,21.86,Online
2026-04-03T04:45:00Z,GS-01,Geneva Prime,Europe,-57.51,68.95,79.06,68.91,34.73,57.81,37.91,25.36,Online
2026-04-03T04:45:00Z,GS-06,Tanegashima,Asia Pacific,-77.9,67.58,80.44,61.12,42.86,66.02,55.4,24.83,Online
2026-04-03T04:50:00Z,GS-01,Geneva Prime,Europe,-56.61,74.74,76.27,95.5,24.21,56.85,81.37,24.91,Online
2026-04-03T04:50:00Z,GS-06,Tanegashima,Asia Pacific,-66.85,69.68,78.77,131.67,31.83,55.02,100.1,28.01,Online
2026-04-03T04:55:00Z,GS-01,Geneva Prime,Europe,-82.4,73.41,79.37,96.94,20.0,64.01,140.77,26.5,Online
2026-04-03T04:55:00Z,GS-06,Tanegashima,Asia Pacific,-75.47,72.72,82.34,127.3,52.68,62.85,53.55,26.02,Online
2026-04-03T05:00:00Z,GS-01,Geneva Prime,Europe,-61.17,76.1,82.0,133.55,27.97,61.79,109.47,27.38,Online
2026-04-03T05:00:00Z,GS-06,Tanegashima,Asia Pacific,-69.44,80.83,76.42,67.5,47.8,76.93,46.55,26.05,Online
2026-04-03T05:05:00Z,GS-01,Geneva Prime,Europe,-43.84,76.21,78.47,116.97,48.27,68.24,131.66,27.03,Online
2026-04-03T05:05:00Z,GS-06,Tanegashima,Asia Pacific,-55.62,76.68,80.12,101.66,44.99,69.57,140.64,24.31,Online
2026-04-03T05:10:00Z,GS-01,Geneva Prime,Europe,-59.85,76.12,78.67,112.08,53.03,59.1,10.0,25.25,Online
2026-04-03T05:10:00Z,GS-06,Tanegashima,Asia Pacific,-46.55,72.02,81.66,115.64,60.79,58.41,10.0,27.35,Online
2026-04-03T05:15:00Z,GS-01,Geneva Prime,Europe,-40.88,80.6,78.1,102.6,38.61,53.45,118.22,25.03,Online
2026-04-03T05:15:00Z,GS-06,Tanegashima,Asia Pacific,-73.41,76.54,76.44,104.39,58.94,58.52,19.77,28.09,Online
2026-04-03T05:20:00Z,GS-01,Geneva Prime,Europe,-34.71,78.71,78.59,115.47,64.46,55.84,26.7,27.91,Online
2026-04-03T05:20:00Z,GS-06,Tanegashima,Asia Pacific,-48.01,80.01,78.43,129.83,51.34,53.85,81.96,24.93,Online
2026-04-03T05:25:00Z,GS-01,Geneva Prime,Europe,-49.71,80.73,78.78,99.01,45.48,67.16,103.64,26.85,Online
2026-04-03T05:25:00Z,GS-06,Tanegashima,Asia Pacific,-48.54,82.05,78.8,96.26,43.22,64.04,65.32,26.5,Online
2026-04-03T05:30:00Z,GS-01,Geneva Prime,Europe,-30.47,84.38,78.22,117.13,46.42,63.13,85.49,29.0,Online
2026-04-03T05:30:00Z,GS-06,Tanegashima,Asia Pacific,-54.82,82.38,81.83,107.0,46.46,62.51,76.26,27.23,Online
2026-04-03T05:35:00Z,GS-01,Geneva Prime,Europe,-68.8,82.25,77.82,58.24,34.44,58.61,84.12,26.94,Online
2026-04-03T05:35:00Z,GS-06,Tanegashima,Asia Pacific,-95.34,86.9,81.99,113.37,67.89,52.18,155.51,25.9,Online
2026-04-03T05:40:00Z,GS-01,Geneva Prime,Europe,-56.42,82.45,79.92,111.58,43.14,65.71,83.96,26.69,Online
2026-04-03T05:40:00Z,GS-06,Tanegashima,Asia Pacific,-68.5,86.62,78.58,127.46,59.67,46.65,125.32,30.57,Online
2026-04-03T05:45:00Z,GS-01,Geneva Prime,Europe,-56.22,87.45,82.01,91.74,47.19,49.49,85.55,28.35,Online
2026-04-03T05:45:00Z,GS-06,Tanegashima,Asia Pacific,-52.26,88.38,78.39,84.02,67.75,58.8,88.0,27.51,Online
2026-04-03T05:50:00Z,GS-01,Geneva Prime,Europe,-72.33,90.75,78.92,66.18,39.59,43.99,53.95,26.29,Online
2026-04-03T05:50:00Z,GS-06,Tanegashima,Asia Pacific,-50.74,86.15,81.75,141.95,54.37,58.28,85.64,25.45,Online
2026-04-03T05:55:00Z,GS-01,Geneva Prime,Europe,-62.01,87.03,81.38,177.18,51.0,44.07,65.55,28.05,Online
2026-04-03T05:55:00Z,GS-06,Tanegashima,Asia Pacific,-58.69,87.29,80.48,62.72,33.66,65.17,39.37,28.68,Online
2026-04-03T06:00:00Z,GS-01,Geneva Prime,Europe,-80.54,93.53,78.45,93.29,48.97,55.48,85.74,28.86,Online
2026-04-03T06:00:00Z,GS-06,Tanegashima,Asia Pacific,-45.59,91.58,79.66,95.6,73.19,67.6,43.13,28.15,Online
2026-04-03T06:05:00Z,GS-01,Geneva Prime,Europe,-65.03,90.98,77.53,87.64,95.0,64.63,10.0,29.96,Online
2026-04-03T06:05:00Z,GS-06,Tanegashima,Asia Pacific,-43.66,90.53,81.43,74.22,39.36,71.99,69.13,25.33,Online
2026-04-03T06:10:00Z,GS-01,Geneva Prime,Europe,-60.95,92.34,82.37,100.43,39.94,68.36,84.83,27.14,Online
2026-04-03T06:10:00Z,GS-06,Tanegashima,Asia Pacific,-42.68,92.89,79.98,105.34,32.15,55.78,80.14,27.97,Online
2026-04-03T06:15:00Z,GS-01,Geneva Prime,Europe,-40.91,94.18,81.65,100.28,57.68,63.18,80.54,28.37,Online
2026-04-03T06:15:00Z,GS-06,Tanegashima,Asia Pacific,-74.32,94.76,79.86,84.94,58.28,50.0,63.1,29.93,Online
2026-04-03T06:20:00Z,GS-01,Geneva Prime,Europe,-55.27,94.9,80.39,105.38,49.77,57.21,144.66,27.53,Online
2026-04-03T06:20:00Z,GS-06,Tanegashima,Asia Pacific,-64.77,93.92,79.71,82.51,87.92,61.58,110.94,26.95,Online
2026-04-03T06:25:00Z,GS-01,Geneva Prime,Europe,-65.11,95.8,80.73,76.2,55.99,69.49,40.45,27.92,Online
2026-04-03T06:25:00Z,GS-06,Tanegashima,Asia Pacific,-67.98,101.51,78.96,150.33,29.8,52.08,52.54,27.38,Online
2026-04-03T06:30:00Z,GS-01,Geneva Prime,Europe,-64.02,96.08,78.1,134.75,59.69,67.59,100.96,28.92,Online
2026-04-03T06:30:00Z,GS-06,Tanegashima,Asia Pacific,-67.46,95.59,80.47,64.79,33.07,69.22,156.03,29.37,Online
2026-04-03T06:35:00Z,GS-01,Geneva Prime,Europe,-43.4,98.26,76.98,118.37,51.83,60.57,70.3,30.36,Online
2026-04-03T06:35:00Z,GS-06,Tanegashima,Asia Pacific,-74.79,97.2,77.63,102.55,31.95,54.53,51.77,28.52,Online
2026-04-03T06:40:00Z,GS-01,Geneva Prime,Europe,-82.31,100.17,82.04,104.06,63.5,70.67,111.11,29.15,Online
2026-04-03T06:40:00Z,GS-06,Tanegashima,Asia Pacific,-59.66,101.53,78.76,43.52,50.9,50.95,41.51,29.04,Online
2026-04-03T06:45:00Z,GS-01,Geneva Prime,Europe,-61.43,98.43,79.75,128.98,31.46,70.18,17.59,32.35,Online
2026-04-03T06:45:00Z,GS-06,Tanegashima,Asia Pacific,-66.17,101.54,75.64,98.14,47.74,59.31,57.48,27.75,Online
2026-04-03T06:50:00Z,GS-01,Geneva Prime,Europe,-43.04,102.56,82.37,84.21,39.78,66.52,15.08,27.48,Online
2026-04-03T06:50:00Z,GS-06,Tanegashima,Asia Pacific,-43.54,100.16,75.65,156.06,28.27,61.47,82.76,25.08,Online
2026-04-03T06:55:00Z,GS-01,Geneva Prime,Europe,-64.01,104.65,79.85,127.11,40.35,65.7,52.43,27.31,Online
2026-04-03T06:55:00Z,GS-06,Tanegashima,Asia Pacific,-79.47,100.83,81.16,54.56,48.29,57.87,75.89,31.47,Online
2026-04-03T07:00:00Z,GS-01,Geneva Prime,Europe,-66.58,106.22,79.05,95.44,72.6,48.47,131.57,30.54,Online
2026-04-03T07:00:00Z,GS-06,Tanegashima,Asia Pacific,-67.19,108.26,75.28,84.35,30.5,63.3,35.48,30.2,Online
2026-04-03T07:05:00Z,GS-01,Geneva Prime,Europe,-62.8,105.29,79.58,91.94,31.94,80.0,60.51,26.35,Offline
2026-04-03T07:05:00Z,GS-06,Tanegashima,Asia Pacific,-72.63,103.72,80.45,109.65,49.78,57.04,68.83,29.12,Online
2026-04-03T07:10:00Z,GS-01,Geneva Prime,Europe,-61.22,109.17,79.28,115.0,50.99,67.08,91.53,30.34,Offline
2026-04-03T07:10:00Z,GS-06,Tanegashima,Asia Pacific,-42.17,106.17,76.9,64.42,47.19,45.17,98.49,29.64,Online
2026-04-03T07:15:00Z,GS-01,Geneva Prime,Europe,-42.98,107.41,78.0,133.67,61.6,54.56,87.27,30.37,Online
2026-04-03T07:15:00Z,GS-06,Tanegashima,Asia Pacific,-54.4,108.22,80.97,43.31,39.95,63.58,98.29,31.96,Online
2026-04-03T07:20:00Z,GS-01,Geneva Prime,Europe,-42.03,109.43,80.79,78.58,56.17,74.48,128.6,30.21,Online
2026-04-03T07:20:00Z,GS-06,Tanegashima,Asia Pacific,-64.98,106.94,78.81,66.54,35.48,50.47,61.58,30.01,Online
2026-04-03T07:25:00Z,GS-01,Geneva Prime,Europe,-55.9,110.05,80.1,93.75,35.55,61.81,158.54,30.68,Online
2026-04-03T07:25:00Z,GS-06,Tanegashima,Asia Pacific,-65.44,108.2,77.52,107.05,40.35,46.68,45.98,32.36,Online
2026-04-03T07:30:00Z,GS-01,Geneva Prime,Europe,-38.49,110.73,79.06,64.64,61.85,61.96,117.99,27.72,Online
2026-04-03T07:30:00Z,GS-06,Tanegashima,Asia Pacific,-49.84,112.48,79.42,127.45,78.3,55.19,111.19,30.21,Online
2026-04-03T07:35:00Z,GS-01,Geneva Prime,Europe,-73.09,111.91,74.51,84.69,58.23,61.42,58.81,31.62,Online
2026-04-03T07:35:00Z,GS-06,Tanegashima,Asia Pacific,-72.49,113.94,77.1,123.37,26.07,53.2,14.47,30.03,Online
2026-04-03T07:40:00Z,GS-01,Geneva Prime,Europe,-41.83,113.99,76.17,126.15,57.82,59.29,107.39,28.92,Online
2026-04-03T07:40:00Z,GS-06,Tanegashima,Asia Pacific,-39.33,119.3,78.23,37.47,38.3,64.9,63.14,32.44,Online
2026-04-03T07:45:00Z,GS-01,Geneva Prime,Europe,-51.18,114.84,76.97,73.19,42.81,55.56,126.99,33.83,Online
2026-04-03T07:45:00Z,GS-06,Tanegashima,Asia Pacific,-81.47,112.4,76.42,54.45,45.55,65.99,139.77,30.96,Online
2026-04-03T07:50:00Z,GS-01,Geneva Prime,Europe,-62.9,113.54,76.66,102.14,52.67,54.33,62.6,28.55,Online
2026-04-03T07:50:00Z,GS-06,Tanegashima,Asia Pacific,-94.37,115.28,73.47,110.1,72.5,55.69,40.62,25.92,Online
2026-04-03T07:55:00Z,GS-01,Geneva Prime,Europe,-37.38,116.75,75.48,56.35,56.66,61.15,46.95,30.3,Online
2026-04-03T07:55:00Z,GS-06,Tanegashima,Asia Pacific,-34.83,118.6,75.94,71.76,45.78,58.72,93.02,32.54,Online
2026-04-03T08:00:00Z,GS-01,Geneva Prime,Europe,-93.73,117.75,74.82,99.9,43.26,59.03,96.32,29.65,Online
2026-04-03T08:00:00Z,GS-06,Tanegashima,Asia Pacific,-45.99,120.87,75.34,148.03,63.68,67.46,10.0,33.37,Online
2026-04-03T08:05:00Z,GS-01,Geneva Prime,Europe,-48.08,125.26,78.12,147.35,55.54,70.79,159.76,31.44,Online
2026-04-03T08:05:00Z,GS-06,Tanegashima,Asia Pacific,-83.58,120.64,76.43,102.25,30.04,46.95,50.35,32.32,Online
2026-04-03T08:10:00Z,GS-01,Geneva Prime,Europe,-36.29,124.33,77.42,97.58,24.1,56.36,69.65,30.48,Online
2026-04-03T08:10:00Z,GS-06,Tanegashima,Asia Pacific,-59.18,123.38,77.01,91.66,22.15,56.14,81.75,33.06,Online
2026-04-03T08:15:00Z,GS-01,Geneva Prime,Europe,-68.52,124.78,75.52,101.32,56.17,54.71,56.99,31.32,Online
2026-04-03T08:15:00Z,GS-06,Tanegashima,Asia Pacific,-69.6,124.77,73.52,106.79,43.8,61.72,61.61,30.82,Online
2026-04-03T08:20:00Z,GS-01,Geneva Prime,Europe,-58.56,125.4,74.57,151.16,33.11,59.49,17.05,32.0,Online
2026-04-03T08:20:00Z,GS-06,Tanegashima,Asia Pacific,-76.73,124.44,73.83,108.43,38.37,55.24,137.43,31.87,Online
2026-04-03T08:25:00Z,GS-01,Geneva Prime,Europe,-68.42,125.75,77.48,92.95,36.73,54.52,58.03,30.66,Online
2026-04-03T08:25:00Z,GS-06,Tanegashima,Asia Pacific,-79.19,124.0,72.53,117.75,40.43,58.34,130.8,33.49,Degraded
2026-04-03T08:30:00Z,GS-01,Geneva Prime,Europe,-64.23,126.24,72.07,120.78,42.54,56.91,47.45,30.5,Online
2026-04-03T08:30:00Z,GS-06,Tanegashima,Asia Pacific,-55.2,124.87,75.79,83.98,43.2,49.3,79.51,31.16,Online
2026-04-03T08:35:00Z,GS-01,Geneva Prime,Europe,-60.75,131.69,73.75,76.16,36.46,64.76,131.95,32.18,Online
2026-04-03T08:35:00Z,GS-06,Tanegashima,Asia Pacific,-49.67,129.97,76.23,41.51,53.01,67.87,26.45,30.43,Online
2026-04-03T08:40:00Z,GS-01,Geneva Prime,Europe,-72.76,128.54,72.02,107.28,55.39,68.65,46.49,30.59,Online
2026-04-03T08:40:00Z,GS-06,Tanegashima,Asia Pacific,-40.26,131.29,73.15,114.2,44.64,64.2,66.56,32.26,Online
2026-04-03T08:45:00Z,GS-01,Geneva Prime,Europe,-82.66,129.87,71.2,88.77,62.16,55.73,19.42,32.78,Online
2026-04-03T08:45:00Z,GS-06,Tanegashima,Asia Pacific,-61.24,127.84,70.89,110.1,38.48,54.42,77.02,32.47,Online
2026-04-03T08:50:00Z,GS-01,Geneva Prime,Europe,-81.55,133.6,70.52,99.46,44.57,55.78,39.05,31.63,Online
2026-04-03T08:50:00Z,GS-06,Tanegashima,Asia Pacific,-35.62,129.78,75.5,92.21,45.42,51.31,49.15,31.3,Online
2026-04-03T08:55:00Z,GS-01,Geneva Prime,Europe,-75.69,133.33,70.86,155.52,31.01,60.82,89.91,30.54,Online
2026-04-03T08:55:00Z,GS-06,Tanegashima,Asia Pacific,-49.7,132.95,66.69,119.8,31.6,51.62,107.52,31.63,Online
2026-04-03T09:00:00Z,GS-01,Geneva Prime,Europe,-46.23,137.42,69.92,123.8,65.59,77.86,52.28,33.78,Online
2026-04-03T09:00:00Z,GS-06,Tanegashima,Asia Pacific,-47.34,135.63,69.87,95.46,20.0,61.8,93.98,32.44,Online
2026-04-03T09:05:00Z,GS-01,Geneva Prime,Europe,-104.6,133.72,69.25,108.75,48.47,58.64,105.41,30.79,Online
2026-04-03T09:05:00Z,GS-06,Tanegashima,Asia Pacific,-50.85,137.2,71.5,94.54,66.97,63.95,41.27,32.71,Online
2026-04-03T09:10:00Z,GS-01,Geneva Prime,Europe,-48.71,136.32,72.45,111.46,20.0,62.4,63.76,33.23,Online
2026-04-03T09:10:00Z,GS-06,Tanegashima,Asia Pacific,-45.84,137.89,73.6,94.64,52.5,66.44,76.11,33.59,Online
2026-04-03T09:15:00Z,GS-01,Geneva Prime,Europe,-68.92,137.9,67.16,107.24,48.9,69.43,111.65,32.08,Online
2026-04-03T09:15:00Z,GS-06,Tanegashima,Asia Pacific,-77.67,139.62,72.0,122.66,58.01,58.3,61.34,31.41,Online
2026-04-03T09:20:00Z,GS-01,Geneva Prime,Europe,-60.84,139.84,69.7,96.12,43.4,53.79,117.66,32.71,Online
2026-04-03T09:20:00Z,GS-06,Tanegashima,Asia Pacific,-62.62,138.51,66.62,139.24,51.66,47.01,110.53,33.98,Online
2026-04-03T09:25:00Z,GS-01,Geneva Prime,Europe,-58.13,144.45,69.21,57.5,49.38,61.96,55.87,33.54,Online
2026-04-03T09:25:00Z,GS-06,Tanegashima,Asia Pacific,-85.01,143.23,67.02,70.45,43.63,63.46,86.56,31.57,Online
2026-04-03T09:30:00Z,GS-01,Geneva Prime,Europe,-67.59,140.23,67.81,132.25,44.95,66.88,138.22,31.88,Online
2026-04-03T09:30:00Z,GS-06,Tanegashima,Asia Pacific,-62.8,146.84,71.15,49.83,49.65,60.0,113.06,31.64,Online
2026-04-03T09:35:00Z,GS-01,Geneva Prime,Europe,-72.59,142.4,66.6,124.46,30.83,55.02,10.0,34.35,Online
2026-04-03T09:35:00Z,GS-06,Tanegashima,Asia Pacific,-40.93,143.1,67.14,113.6,62.69,63.27,52.1,30.41,Online
2026-04-03T09:40:00Z,GS-01,Geneva Prime,Europe,-76.73,145.15,65.9,105.85,38.36,51.53,32.92,35.26,Online
2026-04-03T09:40:00Z,GS-06,Tanegashima,Asia Pacific,-46.67,148.46,68.29,87.1,60.88,59.74,88.83,32.85,Online
2026-04-03T09:45:00Z,GS-01,Geneva Prime,Europe,-104.2,149.46,67.65,109.89,44.26,61.31,56.11,33.91,Online
2026-04-03T09:45:00Z,GS-06,Tanegashima,Asia Pacific,-79.61,146.62,67.79,94.04,81.91,52.07,41.37,33.34,Online
2026-04-03T09:50:00Z,GS-01,Geneva Prime,Europe,-49.82,143.75,67.16,83.7,42.69,49.28,45.94,34.51,Online
2026-04-03T09:50:00Z,GS-06,Tanegashima,Asia Pacific,-59.51,146.73,65.89,114.68,50.29,59.4,123.72,34.52,Online
2026-04-03T09:55:00Z,GS-01,Geneva Prime,Europe,-53.8,148.86,66.88,109.43,57.73,67.2,39.27,31.5,Online
2026-04-03T09:55:00Z,GS-06,Tanegashima,Asia Pacific,-70.52,150.7,62.41,111.84,49.35,69.3,87.21,31.11,Online
2026-04-03T10:00:00Z,GS-01,Geneva Prime,Europe,-74.39,147.64,63.92,94.51,31.01,71.77,26.99,35.22,Online
2026-04-03T10:00:00Z,GS-06,Tanegashima,Asia Pacific,-42.22,151.8,63.61,110.27,29.67,67.29,77.04,32.58,Online
2026-04-03T10:05:00Z,GS-01,Geneva Prime,Europe,-78.36,146.29,62.35,133.38,40.17,58.65,106.22,35.97,Online
2026-04-03T10:05:00Z,GS-06,Tanegashima,Asia Pacific,-40.12,149.31,60.54,170.79,72.23,61.51,29.18,34.71,Online
2026-04-03T10:10:00Z,GS-01,Geneva Prime,Europe,-61.62,152.27,65.64,110.03,30.77,57.4,106.45,34.09,Online
2026-04-03T10:10:00Z,GS-06,Tanegashima,Asia Pacific,-56.07,154.37,63.13,105.36,20.0,56.4,110.56,32.74,Online
2026-04-03T10:15:00Z,GS-01,Geneva Prime,Europe,-66.99,151.67,65.28,116.45,54.9,46.19,73.58,32.96,Online
2026-04-03T10:15:00Z,GS-06,Tanegashima,Asia Pacific,-64.21,152.52,62.58,125.49,22.05,74.22,99.35,33.32,Online
2026-04-03T10:20:00Z,GS-01,Geneva Prime,Europe,-46.4,152.1,61.35,96.37,61.39,59.63,98.0,32.55,Online
2026-04-03T10:20:00Z,GS-06,Tanegashima,Asia Pacific,-52.7,158.35,64.67,97.56,53.11,64.62,100.26,35.11,Online
2026-04-03T10:25:00Z,GS-01,Geneva Prime,Europe,-43.43,156.0,63.37,88.51,33.92,57.84,76.95,31.0,Online
2026-04-03T10:25:00Z,GS-06,Tanegashima,Asia Pacific,-47.1,150.72,67.51,145.06,41.87,60.08,92.12,32.61,Online
2026-04-03T10:30:00Z,GS-01,Geneva Prime,Europe,-57.11,157.21,61.29,105.44,29.24,60.32,86.54,33.74,Online
2026-04-03T10:30:00Z,GS-06,Tanegashima,Asia Pacific,-63.24,159.78,60.77,106.82,60.57,59.36,88.58,33.4,Online
2026-04-03T10:35:00Z,GS-01,Geneva Prime,Europe,-41.44,158.23,63.44,96.89,34.69,65.43,67.81,34.52,Online
2026-04-03T10:35:00Z,GS-06,Tanegashima,Asia Pacific,-100.94,158.76,59.95,68.1,38.36,55.41,78.08,31.54,Online
2026-04-03T10:40:00Z,GS-01,Geneva Prime,Europe,-55.26,162.73,60.82,124.27,58.13,69.89,154.81,32.89,Online
2026-04-03T10:40:00Z,GS-06,Tanegashima,Asia Pacific,-70.78,161.57,61.68,123.27,67.67,60.09,97.05,32.17,Online
2026-04-03T10:45:00Z,GS-01,Geneva Prime,Europe,-30.0,160.58,59.03,89.6,37.26,54.16,59.05,31.63,Online
2026-04-03T10:45:00Z,GS-06,Tanegashima,Asia Pacific,-71.78,165.15,61.11,127.78,59.13,74.67,10.0,31.84,Online
2026-04-03T10:50:00Z,GS-01,Geneva Prime,Europe,-72.06,161.56,58.42,86.59,47.63,60.28,51.09,30.46,Online
2026-04-03T10:50:00Z,GS-06,Tanegashima,Asia Pacific,-74.89,161.4,58.53,66.11,68.62,50.95,74.97,32.11,Online
2026-04-03T10:55:00Z,GS-01,Geneva Prime,Europe,-72.73,161.13,58.09,74.01,55.88,63.25,77.21,32.56,Online
2026-04-03T10:55:00Z,GS-06,Tanegashima,Asia Pacific,-54.29,165.13,58.68,148.11,50.52,67.31,85.34,34.77,Online
2026-04-03T11:00:00Z,GS-01,Geneva Prime,Europe,-71.95,164.08,58.46,110.26,51.09,68.8,23.0,32.33,Online
2026-04-03T11:00:00Z,GS-06,Tanegashima,Asia Pacific,-56.56,163.55,64.52,115.47,44.06,55.88,60.79,33.84,Online
2026-04-03T11:05:00Z,GS-01,Geneva Prime,Europe,-58.32,165.34,56.58,140.33,61.61,62.02,26.35,34.64,Online
2026-04-03T11:05:00Z,GS-06,Tanegashima,Asia Pacific,-36.69,168.99,58.6,142.67,45.64,65.02,52.77,34.27,Online
2026-04-03T11:10:00Z,GS-01,Geneva Prime,Europe,-40.06,166.32,54.77,102.92,42.28,65.19,61.87,36.44,Online
2026-04-03T11:10:00Z,GS-06,Tanegashima,Asia Pacific,-79.35,170.01,54.96,46.12,47.85,57.96,35.62,31.34,Online
2026-04-03T11:15:00Z,GS-01,Geneva Prime,Europe,-60.13,170.7,57.02,101.7,50.75,59.78,22.81,31.75,Online
2026-04-03T11:15:00Z,GS-06,Tanegashima,Asia Pacific,-63.05,168.43,57.55,122.72,52.26,57.76,24.77,34.5,Online
2026-04-03T11:20:00Z,GS-01,Geneva Prime,Europe,-52.12,165.22,53.54,79.27,46.42,53.57,78.47,33.59,Online
2026-04-03T11:20:00Z,GS-06,Tanegashima,Asia Pacific,-62.39,168.57,53.93,67.59,49.56,64.57,49.18,36.19,Online
2026-04-03T11:25:00Z,GS-01,Geneva Prime,Europe,-64.72,174.31,53.28,39.2,49.83,61.99,81.38,32.97,Online
2026-04-03T11:25:00Z,GS-06,Tanegashima,Asia Pacific,-60.52,170.23,53.96,125.25,47.21,64.88,70.73,33.42,Online
2026-04-03T11:30:00Z,GS-01,Geneva Prime,Europe,-77.3,171.76,47.27,82.29,44.02,64.51,69.25,34.47,Online
2026-04-03T11:30:00Z,GS-06,Tanegashima,Asia Pacific,-92.7,172.39,50.56,63.75,42.75,70.21,94.85,33.98,Online
2026-04-03T11:35:00Z,GS-01,Geneva Prime,Europe,-60.29,172.32,52.18,112.82,28.38,64.74,64.46,35.2,Online
2026-04-03T11:35:00Z,GS-06,Tanegashima,Asia Pacific,-45.58,170.4,52.1,74.33,23.25,51.74,177.65,34.88,Online
2026-04-03T11:40:00Z,GS-01,Geneva Prime,Europe,-31.24,176.66,51.13,88.55,52.06,63.5,56.91,31.71,Online
2026-04-03T11:40:00Z,GS-06,Tanegashima,Asia Pacific,-30.0,174.72,51.96,103.4,42.09,60.98,131.48,33.79,Online
2026-04-03T11:45:00Z,GS-01,Geneva Prime,Europe,-77.44,175.93,51.03,142.72,59.05,60.86,28.85,32.15,Online
2026-04-03T11:45:00Z,GS-06,Tanegashima,Asia Pacific,-59.77,176.92,51.21,85.59,37.89,59.81,10.0,32.34,Online
2026-04-03T11:50:00Z,GS-01,Geneva Prime,Europe,-69.41,179.92,49.68,105.41,47.72,70.38,130.5,33.91,Online
2026-04-03T11:50:00Z,GS-06,Tanegashima,Asia Pacific,-67.13,176.17,50.83,86.98,51.64,63.36,103.67,35.88,Online
2026-04-03T11:55:00Z,GS-01,Geneva Prime,Europe,-32.06,179.0,52.85,89.45,59.22,68.49,120.34,34.14,Online
2026-04-03T11:55:00Z,GS-06,Tanegashima,Asia Pacific,-70.03,175.96,50.57,145.99,41.28,66.28,113.76,33.57,Online
2026-04-03T12:00:00Z,GS-01,Geneva Prime,Europe,-40.25,174.18,47.55,72.53,35.16,62.69,91.6,34.59,Online
2026-04-03T12:00:00Z,GS-06,Tanegashima,Asia Pacific,-51.06,178.1,47.56,111.89,37.44,47.44,118.85,36.09,Online
2026-04-03T12:05:00Z,GS-01,Geneva Prime,Europe,-36.64,181.62,50.6,141.1,37.3,68.89,91.02,35.37,Online
2026-04-03T12:05:00Z,GS-06,Tanegashima,Asia Pacific,-57.21,183.84,49.79,55.48,62.42,52.42,130.12,33.86,Online
2026-04-03T12:10:00Z,GS-01,Geneva Prime,Europe,-42.36,184.77,49.55,115.26,50.07,43.89,84.73,32.32,Online
2026-04-03T12:10:00Z,GS-06,Tanegashima,Asia Pacific,-57.43,180.21,46.32,148.15,57.83,59.97,87.39,33.62,Offline
2026-04-03T12:15:00Z,GS-01,Geneva Prime,Europe,-51.45,182.4,50.03,92.41,39.96,60.17,56.35,34.48,Online
2026-04-03T12:15:00Z,GS-06,Tanegashima,Asia Pacific,-68.06,184.69,50.47,78.42,83.16,63.69,62.57,34.68,Online
2026-04-03T12:20:00Z,GS-01,Geneva Prime,Europe,-51.67,187.17,46.17,71.72,41.31,52.26,102.58,32.23,Online
2026-04-03T12:20:00Z,GS-06,Tanegashima,Asia Pacific,-30.0,187.59,47.41,126.02,25.36,80.0,56.39,33.8,Online
2026-04-03T12:25:00Z,GS-01,Geneva Prime,Europe,-87.84,187.22,44.52,103.05,38.47,51.38,47.83,34.3,Online
2026-04-03T12:25:00Z,GS-06,Tanegashima,Asia Pacific,-79.22,184.75,48.06,178.07,50.73,52.66,65.32,34.01,Online
2026-04-03T12:30:00Z,GS-01,Geneva Prime,Europe,-65.24,189.31,46.52,127.24,41.23,70.6,73.34,32.49,Online
2026-04-03T12:30:00Z,GS-06,Tanegashima,Asia Pacific,-30.0,183.85,44.61,81.19,75.1,74.45,139.76,33.45,Online
2026-04-03T12:35:00Z,GS-01,Geneva Prime,Europe,-30.0,189.49,47.39,105.39,44.41,57.99,71.61,34.84,Online
2026-04-03T12:35:00Z,GS-06,Tanegashima,Asia Pacific,-54.49,188.69,48.46,11.0,51.12,65.74,125.88,33.83,Online
2026-04-03T12:40:00Z,GS-01,Geneva Prime,Europe,-56.88,191.97,47.77,90.98,48.2,73.43,10.0,32.87,Online
2026-04-03T12:40:00Z,GS-06,Tanegashima,Asia Pacific,-38.01,192.19,45.84,86.54,34.42,55.27,141.92,32.97,Online
2026-04-03T12:45:00Z,GS-01,Geneva Prime,Europe,-58.48,189.74,45.83,83.84,43.83,46.53,15.47,33.9,Online
2026-04-03T12:45:00Z,GS-06,Tanegashima,Asia Pacific,-79.88,195.46,40.02,75.99,45.2,57.08,35.83,32.45,Online
2026-04-03T12:50:00Z,GS-01,Geneva Prime,Europe,-74.86,191.93,47.41,102.34,59.19,64.06,124.55,29.66,Online
2026-04-03T12:50:00Z,GS-06,Tanegashima,Asia Pacific,-64.57,195.11,42.36,152.87,62.81,56.25,59.87,32.34,Online
2026-04-03T12:55:00Z,GS-01,Geneva Prime,Europe,-69.44,191.28,43.73,56.32,86.67,65.02,13.55,36.15,Online
2026-04-03T12:55:00Z,GS-06,Tanegashima,Asia Pacific,-52.3,195.25,41.35,118.67,58.52,59.21,160.08,33.89,Maintenance
2026-04-03T13:00:00Z,GS-01,Geneva Prime,Europe,-42.89,195.59,43.41,49.86,49.45,54.12,46.14,36.41,Online
2026-04-03T13:00:00Z,GS-06,Tanegashima,Asia Pacific,-63.21,192.99,41.52,60.99,62.21,54.43,101.17,35.83,Online
2026-04-03T13:05:00Z,GS-01,Geneva Prime,Europe,-67.5,197.31,39.54,173.37,56.24,58.46,49.09,33.59,Online
2026-04-03T13:05:00Z,GS-06,Tanegashima,Asia Pacific,-65.1,200.16,39.15,104.04,44.78,59.06,75.66,33.59,Online
2026-04-03T13:10:00Z,GS-01,Geneva Prime,Europe,-46.9,198.72,41.82,8.98,48.6,46.75,105.85,35.93,Online
2026-04-03T13:10:00Z,GS-06,Tanegashima,Asia Pacific,-73.89,196.98,39.78,137.06,46.14,73.83,96.55,34.09,Online
2026-04-03T13:15:00Z,GS-01,Geneva Prime,Europe,-58.98,200.39,36.88,102.56,44.16,65.8,72.49,32.12,Online
2026-04-03T13:15:00Z,GS-06,Tanegashima,Asia Pacific,-59.89,196.58,36.51,121.81,51.95,63.74,132.12,32.68,Online
2026-04-03T13:20:00Z,GS-01,Geneva Prime,Europe,-81.47,199.86,39.04,74.73,44.04,55.11,10.0,32.98,Online
2026-04-03T13:20:00Z,GS-06,Tanegashima,Asia Pacific,-77.05,200.46,38.43,133.35,64.25,65.44,17.96,35.9,Online
2026-04-03T13:25:00Z,GS-01,Geneva Prime,Europe,-36.36,201.29,41.77,83.45,22.61,53.92,149.17,31.36,Degraded
2026-04-03T13:25:00Z,GS-06,Tanegashima,Asia Pacific,-60.01,201.32,38.1,86.69,45.87,55.5,23.12,33.91,Online
2026-04-03T13:30:00Z,GS-01,Geneva Prime,Europe,-43.9,204.24,36.9,62.46,41.59,72.54,105.82,34.6,Online
2026-04-03T13:30:00Z,GS-06,Tanegashima,Asia Pacific,-46.65,203.34,38.76,119.87,38.45,48.68,108.92,35.4,Online
2026-04-03T13:35:00Z,GS-01,Geneva Prime,Europe,-76.77,205.39,41.28,99.93,35.18,60.98,57.98,32.57,Offline
2026-04-03T13:35:00Z,GS-06,Tanegashima,Asia Pacific,-53.5,200.54,35.03,100.58,44.73,62.75,155.01,33.65,Online
2026-04-03T13:40:00Z,GS-01,Geneva Prime,Europe,-51.03,203.05,38.86,84.21,45.86,59.13,121.32,31.47,Online
2026-04-03T13:40:00Z,GS-06,Tanegashima,Asia Pacific,-94.25,204.57,38.26,104.57,59.79,63.5,57.45,29.95,Online
2026-04-03T13:45:00Z,GS-01,Geneva Prime,Europe,-63.56,208.31,35.95,100.85,50.06,51.88,104.93,35.84,Online
2026-04-03T13:45:00Z,GS-06,Tanegashima,Asia Pacific,-62.59,203.99,36.6,33.27,49.04,63.62,147.03,33.09,Online
2026-04-03T13:50:00Z,GS-01,Geneva Prime,Europe,-53.87,205.78,35.43,54.24,42.66,57.56,91.97,32.39,Online
2026-04-03T13:50:00Z,GS-06,Tanegashima,Asia Pacific,-58.75,206.83,35.48,102.41,45.49,66.09,75.17,32.8,Online
2026-04-03T13:55:00Z,GS-01,Geneva Prime,Europe,-62.71,207.32,34.85,160.93,34.05,57.77,64.5,32.89,Online
2026-04-03T13:55:00Z,GS-06,Tanegashima,Asia Pacific,-64.97,209.31,32.15,131.12,52.59,50.06,10.0,31.79,Online
2026-04-03T14:00:00Z,GS-01,Geneva Prime,Europe,-63.64,215.16,36.09,45.77,36.72,59.57,90.15,31.22,Online
2026-04-03T14:00:00Z,GS-06,Tanegashima,Asia Pacific,-62.02,208.56,32.79,107.79,54.29,66.73,102.98,32.45,Degraded
2026-04-03T14:05:00Z,GS-01,Geneva Prime,Europe,-49.28,211.87,34.7,81.65,39.04,60.59,177.59,33.58,Online
2026-04-03T14:05:00Z,GS-06,Tanegashima,Asia Pacific,-69.17,209.59,33.45,165.32,78.67,67.25,64.96,33.52,Online
2026-04-03T14:10:00Z,GS-01,Geneva Prime,Europe,-48.12,211.36,32.6,149.77,56.82,66.33,111.49,33.75,Online
2026-04-03T14:10:00Z,GS-06,Tanegashima,Asia Pacific,-30.0,212.59,35.04,56.47,35.1,50.39,130.96,29.23,Online
2026-04-03T14:15:00Z,GS-01,Geneva Prime,Europe,-66.03,207.76,31.67,85.27,61.62,63.17,46.67,34.59,Online
2026-04-03T14:15:00Z,GS-06,Tanegashima,Asia Pacific,-59.73,213.83,30.93,70.3,35.1,60.37,83.12,35.3,Online
2026-04-03T14:20:00Z,GS-01,Geneva Prime,Europe,-54.22,209.58,33.32,56.5,33.41,53.5,53.47,30.85,Online
2026-04-03T14:20:00Z,GS-06,Tanegashima,Asia Pacific,-56.95,212.18,33.51,167.11,29.05,57.72,10.0,32.46,Online
2026-04-03T14:25:00Z,GS-01,Geneva Prime,Europe,-50.36,217.69,32.42,126.68,75.55,73.7,59.1,30.66,Online
2026-04-03T14:25:00Z,GS-06,Tanegashima,Asia Pacific,-66.09,214.36,33.16,64.56,44.13,66.7,75.97,31.42,Online
2026-04-03T14:30:00Z,GS-01,Geneva Prime,Europe,-42.38,213.74,31.08,98.75,45.19,61.44,104.42,32.71,Online
2026-04-03T14:30:00Z,GS-06,Tanegashima,Asia Pacific,-65.52,216.68,30.51,123.63,37.24,66.77,80.76,31.98,Online
2026-04-03T14:35:00Z,GS-01,Geneva Prime,Europe,-50.72,217.3,32.5,106.38,37.84,64.23,101.86,34.42,Online
2026-04-03T14:35:00Z,GS-06,Tanegashima,Asia Pacific,-45.51,219.73,28.97,173.46,28.16,67.59,97.25,30.92,Online
2026-04-03T14:40:00Z,GS-01,Geneva Prime,Europe,-61.86,219.84,33.33,78.6,41.86,41.31,149.39,30.99,Online
2026-04-03T14:40:00Z,GS-06,Tanegashima,Asia Pacific,-55.1,219.8,30.52,124.3,65.06,62.01,106.2,33.09,Online
2026-04-03T14:45:00Z,GS-01,Geneva Prime,Europe,-44.74,220.32,32.37,133.31,57.99,54.72,73.27,32.87,Online
2026-04-03T14:45:00Z,GS-06,Tanegashima,Asia Pacific,-80.56,224.44,30.2,108.52,38.08,49.38,55.84,32.84,Online
2026-04-03T14:50:00Z,GS-01,Geneva Prime,Europe,-49.9,222.82,30.43,89.89,50.95,71.86,108.19,33.64,Online
2026-04-03T14:50:00Z,GS-06,Tanegashima,Asia Pacific,-55.59,219.49,27.64,113.65,44.87,63.52,147.06,33.51,Maintenance
2026-04-03T14:55:00Z,GS-01,Geneva Prime,Europe,-41.12,223.94,27.64,98.26,35.34,72.47,111.62,33.11,Online
2026-04-03T14:55:00Z,GS-06,Tanegashima,Asia Pacific,-41.46,219.71,30.43,60.68,44.91,57.51,106.47,32.68,Online
2026-04-03T15:00:00Z,GS-01,Geneva Prime,Europe,-39.82,223.8,30.21,104.87,25.38,52.65,74.0,33.91,Online
2026-04-03T15:00:00Z,GS-06,Tanegashima,Asia Pacific,-53.04,222.66,28.51,160.53,46.33,57.38,99.67,33.39,Online
2026-04-03T15:05:00Z,GS-01,Geneva Prime,Europe,-66.84,227.26,27.67,121.58,47.04,63.86,49.63,30.92,Online
2026-04-03T15:05:00Z,GS-06,Tanegashima,Asia Pacific,-45.82,226.09,28.9,90.81,55.78,55.14,74.58,33.33,Online
2026-04-03T15:10:00Z,GS-01,Geneva Prime,Europe,-42.41,226.45,31.8,109.4,32.48,62.95,64.68,32.7,Online
2026-04-03T15:10:00Z,GS-06,Tanegashima,Asia Pacific,-60.64,227.65,26.06,129.7,31.13,51.13,94.69,34.46,Online
2026-04-03T15:15:00Z,GS-01,Geneva Prime,Europe,-65.29,230.15,29.59,124.44,41.27,51.27,10.0,31.56,Online
2026-04-03T15:15:00Z,GS-06,Tanegashima,Asia Pacific,-42.33,226.5,28.85,71.5,46.27,65.66,53.62,32.21,Online
2026-04-03T15:20:00Z,GS-01,Geneva Prime,Europe,-66.23,231.41,27.49,101.7,63.7,65.3,52.39,31.73,Online
2026-04-03T15:20:00Z,GS-06,Tanegashima,Asia Pacific,-61.14,230.16,32.07,111.13,20.57,55.66,10.0,31.36,Online
2026-04-03T15:25:00Z,GS-01,Geneva Prime,Europe,-89.81,229.51,23.56,111.52,45.01,62.42,75.82,29.66,Degraded
2026-04-03T15:25:00Z,GS-06,Tanegashima,Asia Pacific,-52.3,235.09,27.42,87.22,27.86,52.74,98.12,33.37,Online
2026-04-03T15:30:00Z,GS-01,Geneva Prime,Europe,-56.09,234.1,27.61,115.2,37.1,61.39,46.06,31.68,Online
2026-04-03T15:30:00Z,GS-06,Tanegashima,Asia Pacific,-55.04,235.86,23.58,114.45,62.77,66.07,113.32,32.53,Online
2026-04-03T15:35:00Z,GS-01,Geneva Prime,Europe,-40.52,231.58,23.03,99.81,20.0,69.85,128.83,30.9,Online
2026-04-03T15:35:00Z,GS-06,Tanegashima,Asia Pacific,-65.56,233.61,25.91,103.82,51.7,58.62,117.73,32.22,Online
2026-04-03T15:40:00Z,GS-01,Geneva Prime,Europe,-69.1,237.67,22.71,97.24,56.6,54.22,92.38,32.26,Online
2026-04-03T15:40:00Z,GS-06,Tanegashima,Asia Pacific,-72.91,234.86,25.11,83.45,72.62,53.9,120.2,30.85,Online
2026-04-03T15:45:00Z,GS-01,Geneva Prime,Europe,-76.3,236.46,26.35,127.62,63.75,80.0,90.02,30.34,Online
2026-04-03T15:45:00Z,GS-06,Tanegashima,Asia Pacific,-53.21,235.72,26.91,61.09,73.42,66.85,12.64,30.27,Online
2026-04-03T15:50:00Z,GS-01,Geneva Prime,Europe,-47.76,239.85,22.15,121.39,21.63,59.29,124.48,30.4,Online
2026-04-03T15:50:00Z,GS-06,Tanegashima,Asia Pacific,-82.6,237.79,23.49,118.89,34.38,53.82,10.0,31.48,Online
2026-04-03T15:55:00Z,GS-01,Geneva Prime,Europe,-62.41,236.37,24.74,130.81,42.41,62.15,90.93,29.31,Online
2026-04-03T15:55:00Z,GS-06,Tanegashima,Asia Pacific,-30.0,237.81,25.66,123.08,65.28,64.85,89.83,28.99,Online
2026-04-03T16:00:00Z,GS-01,Geneva Prime,Europe,-64.98,238.77,23.1,60.88,58.52,72.82,119.12,32.91,Online
2026-04-03T16:00:00Z,GS-06,Tanegashima,Asia Pacific,-65.17,238.73,22.46,119.32,47.72,59.38,131.81,31.61,Online
2026-04-03T16:05:00Z,GS-01,Geneva Prime,Europe,-72.58,239.89,25.06,131.25,73.46,75.18,145.4,31.55,Online
2026-04-03T16:05:00Z,GS-06,Tanegashima,Asia Pacific,-72.58,238.63,22.92,122.6,66.92,63.34,126.75,30.52,Online
2026-04-03T16:10:00Z,GS-01,Geneva Prime,Europe,-50.66,244.15,19.43,87.6,56.4,62.2,32.14,27.13,Online
2026-04-03T16:10:00Z,GS-06,Tanegashima,Asia Pacific,-65.49,242.36,21.62,104.29,51.08,65.37,10.0,28.8,Online
2026-04-03T16:15:00Z,GS-01,Geneva Prime,Europe,-64.57,244.89,24.07,114.16,40.4,57.38,50.87,31.81,Online
2026-04-03T16:15:00Z,GS-06,Tanegashima,Asia Pacific,-73.81,245.45,23.51,98.65,37.12,49.16,54.09,30.16,Online
2026-04-03T16:20:00Z,GS-01,Geneva Prime,Europe,-95.54,244.61,24.66,117.02,39.05,60.38,57.75,30.76,Degraded
2026-04-03T16:20:00Z,GS-06,Tanegashima,Asia Pacific,-36.9,246.94,23.85,85.21,54.0,46.5,69.91,31.41,Online
2026-04-03T16:25:00Z,GS-01,Geneva Prime,Europe,-48.89,247.59,23.13,94.13,51.46,52.38,46.21,30.51,Online
2026-04-03T16:25:00Z,GS-06,Tanegashima,Asia Pacific,-57.4,242.6,23.45,123.18,44.07,79.0,52.68,29.87,Online
2026-04-03T16:30:00Z,GS-01,Geneva Prime,Europe,-65.93,247.35,21.63,57.8,38.44,59.22,129.14,33.6,Online
2026-04-03T16:30:00Z,GS-06,Tanegashima,Asia Pacific,-39.97,245.95,20.89,95.22,66.41,58.68,26.9,29.54,Online
2026-04-03T16:35:00Z,GS-01,Geneva Prime,Europe,-48.64,250.13,21.64,120.5,20.0,60.83,114.43,28.93,Online
2026-04-03T16:35:00Z,GS-06,Tanegashima,Asia Pacific,-72.55,245.02,25.22,78.4,47.89,64.83,140.48,29.94,Online
2026-04-03T16:40:00Z,GS-01,Geneva Prime,Europe,-68.09,250.35,24.38,94.89,33.54,47.67,31.15,31.35,Online
2026-04-03T16:40:00Z,GS-06,Tanegashima,Asia Pacific,-64.81,248.78,20.38,102.55,42.13,57.81,133.97,32.36,Online
2026-04-03T16:45:00Z,GS-01,Geneva Prime,Europe,-84.15,251.91,20.04,92.55,48.71,58.3,89.22,30.94,Online
2026-04-03T16:45:00Z,GS-06,Tanegashima,Asia Pacific,-55.58,249.96,20.33,56.81,34.75,75.7,48.32,28.14,Online
2026-04-03T16:50:00Z,GS-01,Geneva Prime,Europe,-55.2,252.28,21.0,142.27,51.59,55.76,63.02,29.05,Online
2026-04-03T16:50:00Z,GS-06,Tanegashima,Asia Pacific,-46.88,251.88,17.8,98.55,26.56,77.47,41.37,29.56,Online
2026-04-03T16:55:00Z,GS-01,Geneva Prime,Europe,-56.13,253.17,20.62,112.65,63.31,66.14,139.14,28.11,Online
2026-04-03T16:55:00Z,GS-06,Tanegashima,Asia Pacific,-55.24,254.06,21.9,141.29,42.35,56.76,101.36,27.01,Online
2026-04-03T17:00:00Z,GS-01,Geneva Prime,Europe,-63.55,254.73,19.18,131.71,32.25,58.91,91.73,31.58,Online
2026-04-03T17:00:00Z,GS-06,Tanegashima,Asia Pacific,-60.16,256.87,22.42,103.7,31.93,48.52,84.26,28.74,Online
2026-04-03T17:05:00Z,GS-01,Geneva Prime,Europe,-46.21,257.74,20.49,65.27,51.13,51.86,49.66,27.96,Online
2026-04-03T17:05:00Z,GS-06,Tanegashima,Asia Pacific,-62.08,258.59,20.85,86.7,26.69,64.42,48.78,29.6,Online
2026-04-03T17:10:00Z,GS-01,Geneva Prime,Europe,-65.31,259.18,20.4,98.23,50.83,76.86,115.54,29.17,Online
2026-04-03T17:10:00Z,GS-06,Tanegashima,Asia Pacific,-59.95,256.45,18.81,83.42,35.73,65.23,37.15,31.3,Online
2026-04-03T17:15:00Z,GS-01,Geneva Prime,Europe,-48.72,258.79,20.58,83.28,48.24,68.7,51.87,26.87,Online
2026-04-03T17:15:00Z,GS-06,Tanegashima,Asia Pacific,-49.45,259.4,18.34,78.0,34.69,54.2,67.05,28.77,Online
2026-04-03T17:20:00Z,GS-01,Geneva Prime,Europe,-69.76,258.48,20.0,105.03,41.2,69.27,100.32,26.66,Online
2026-04-03T17:20:00Z,GS-06,Tanegashima,Asia Pacific,-52.14,261.21,19.59,55.14,45.1,59.94,35.13,26.87,Online
2026-04-03T17:25:00Z,GS-01,Geneva Prime,Europe,-61.31,260.78,19.51,97.5,31.77,56.52,101.33,28.39,Online
2026-04-03T17:25:00Z,GS-06,Tanegashima,Asia Pacific,-85.08,260.3,18.21,108.01,48.83,46.73,110.36,27.24,Online
2026-04-03T17:30:00Z,GS-01,Geneva Prime,Europe,-36.61,262.4,17.76,65.74,88.26,56.87,76.13,31.2,Online
2026-04-03T17:30:00Z,GS-06,Tanegashima,Asia Pacific,-70.49,262.62,23.1,108.12,25.72,64.04,33.48,30.89,Online
2026-04-03T17:35:00Z,GS-01,Geneva Prime,Europe,-72.34,269.69,23.11,76.1,45.24,66.03,111.35,29.32,Online
2026-04-03T17:35:00Z,GS-06,Tanegashima,Asia Pacific,-41.22,263.5,19.44,89.59,55.3,62.92,91.65,29.85,Online
2026-04-03T17:40:00Z,GS-01,Geneva Prime,Europe,-90.77,265.62,20.55,150.06,26.66,72.46,83.02,29.26,Degraded
2026-04-03T17:40:00Z,GS-06,Tanegashima,Asia Pacific,-34.86,266.12,20.91,107.27,39.2,59.77,51.38,28.46,Online
2026-04-03T17:45:00Z,GS-01,Geneva Prime,Europe,-95.04,267.11,19.82,89.91,47.64,48.53,157.17,28.24,Online
2026-04-03T17:45:00Z,GS-06,Tanegashima,Asia Pacific,-62.19,264.32,20.11,141.61,57.43,66.84,101.86,27.85,Online
2026-04-03T17:50:00Z,GS-01,Geneva Prime,Europe,-81.75,267.1,19.56,131.46,48.71,72.9,127.9,27.58,Online
2026-04-03T17:50:00Z,GS-06,Tanegashima,Asia Pacific,-86.93,270.27,22.75,59.01,90.79,63.06,86.43,30.68,Online
2026-04-03T17:55:00Z,GS-01,Geneva Prime,Europe,-39.83,270.05,20.95,118.49,40.2,59.56,43.91,27.63,Online
2026-04-03T17:55:00Z,GS-06,Tanegashima,Asia Pacific,-65.5,267.48,20.28,90.28,51.03,47.02,75.47,28.33,Online
2026-04-03T18:00:00Z,GS-01,Geneva Prime,Europe,-64.66,269.66,16.83,110.69,52.77,63.95,121.55,28.3,Online
2026-04-03T18:00:00Z,GS-06,Tanegashima,Asia Pacific,-52.82,270.31,21.38,52.68,34.28,72.7,10.0,27.79,Online
2026-04-03T18:05:00Z,GS-01,Geneva Prime,Europe,-42.42,271.06,19.2,103.88,40.76,60.25,52.66,29.53,Online
2026-04-03T18:05:00Z,GS-06,Tanegashima,Asia Pacific,-38.65,270.98,17.23,84.28,42.79,64.04,39.68,26.72,Online
2026-04-03T18:10:00Z,GS-01,Geneva Prime,Europe,-52.34,274.38,18.79,60.0,84.41,66.27,69.32,29.04,Online
2026-04-03T18:10:00Z,GS-06,Tanegashima,Asia Pacific,-61.87,274.23,20.35,102.74,43.64,48.42,157.52,26.33,Online
2026-04-03T18:15:00Z,GS-01,Geneva Prime,Europe,-80.4,273.32,18.14,98.45,53.25,67.96,112.59,27.15,Online
2026-04-03T18:15:00Z,GS-06,Tanegashima,Asia Pacific,-59.26,274.57,16.55,117.12,27.51,76.32,63.82,27.33,Online
2026-04-03T18:20:00Z,GS-01,Geneva Prime,Europe,-71.55,273.74,24.66,128.21,26.41,72.03,127.73,27.06,Online
2026-04-03T18:20:00Z,GS-06,Tanegashima,Asia Pacific,-55.4,274.97,24.06,76.11,69.12,56.57,22.68,30.76,Online
2026-04-03T18:25:00Z,GS-01,Geneva Prime,Europe,-77.72,276.69,16.7,88.03,50.06,53.4,103.47,26.94,Online
2026-04-03T18:25:00Z,GS-06,Tanegashima,Asia Pacific,-42.6,278.97,19.0,102.3,47.2,64.95,80.58,27.63,Online
2026-04-03T18:30:00Z,GS-01,Geneva Prime,Europe,-63.65,277.73,22.85,119.38,53.42,65.78,73.85,27.7,Online
2026-04-03T18:30:00Z,GS-06,Tanegashima,Asia Pacific,-76.28,280.04,15.0,97.39,58.69,49.09,95.99,26.2,Online
2026-04-03T18:35:00Z,GS-01,Geneva Prime,Europe,-65.53,280.64,20.75,38.97,33.28,67.8,97.96,29.71,Online
2026-04-03T18:35:00Z,GS-06,Tanegashima,Asia Pacific,-34.76,278.07,25.36,100.73,33.45,54.93,10.0,29.5,Online
2026-04-03T18:40:00Z,GS-01,Geneva Prime,Europe,-36.08,277.97,20.0,102.87,67.5,45.96,71.59,26.48,Online
2026-04-03T18:40:00Z,GS-06,Tanegashima,Asia Pacific,-65.83,280.45,23.31,90.91,47.05,65.81,102.17,26.04,Online
2026-04-03T18:45:00Z,GS-01,Geneva Prime,Europe,-58.55,282.35,18.32,137.91,62.18,54.22,87.75,27.79,Online
2026-04-03T18:45:00Z,GS-06,Tanegashima,Asia Pacific,-68.18,282.21,20.9,55.96,50.51,51.2,117.57,25.82,Online
2026-04-03T18:50:00Z,GS-01,Geneva Prime,Europe,-62.42,285.24,21.7,67.62,32.82,55.21,95.79,27.24,Online
2026-04-03T18:50:00Z,GS-06,Tanegashima,Asia Pacific,-72.65,280.17,21.27,94.54,70.89,60.29,152.57,24.95,Online
2026-04-03T18:55:00Z,GS-01,Geneva Prime,Europe,-83.6,281.51,23.24,152.68,35.61,56.32,33.24,23.86,Online
2026-04-03T18:55:00Z,GS-06,Tanegashima,Asia Pacific,-49.22,284.2,20.88,58.0,64.68,55.97,101.35,24.39,Online
2026-04-03T19:00:00Z,GS-01,Geneva Prime,Europe,-62.86,285.58,21.68,104.64,50.93,50.96,87.89,26.62,Offline
2026-04-03T19:00:00Z,GS-06,Tanegashima,Asia Pacific,-56.52,285.14,18.48,60.47,20.0,66.54,113.11,27.71,Online
2026-04-03T19:05:00Z,GS-01,Geneva Prime,Europe,-55.4,281.98,19.15,105.11,46.63,58.22,94.76,26.34,Online
2026-04-03T19:05:00Z,GS-06,Tanegashima,Asia Pacific,-58.19,284.97,23.16,87.08,29.03,53.83,66.06,27.81,Online
2026-04-03T19:10:00Z,GS-01,Geneva Prime,Europe,-60.63,287.13,18.89,123.56,37.18,59.2,139.21,26.96,Online
2026-04-03T19:10:00Z,GS-06,Tanegashima,Asia Pacific,-84.42,283.96,21.26,63.62,52.78,60.34,86.62,25.14,Online
2026-04-03T19:15:00Z,GS-01,Geneva Prime,Europe,-33.88,294.44,21.03,110.59,46.17,57.92,46.72,24.44,Online
2026-04-03T19:15:00Z,GS-06,Tanegashima,Asia Pacific,-77.03,289.56,20.55,22.65,50.34,59.69,133.87,26.63,Online
2026-04-03T19:20:00Z,GS-01,Geneva Prime,Europe,-82.18,285.54,20.37,81.25,56.32,59.93,125.35,23.96,Online
2026-04-03T19:20:00Z,GS-06,Tanegashima,Asia Pacific,-45.52,291.44,17.77,139.68,46.12,63.14,45.4,27.86,Online
2026-04-03T19:25:00Z,GS-01,Geneva Prime,Europe,-77.79,292.91,23.68,70.77,68.8,61.85,106.16,23.53,Online
2026-04-03T19:25:00Z,GS-06,Tanegashima,Asia Pacific,-30.0,288.8,24.09,70.16,37.57,66.31,121.1,23.92,Online
2026-04-03T19:30:00Z,GS-01,Geneva Prime,Europe,-43.64,294.59,20.41,147.96,57.26,55.0,99.16,24.42,Online
2026-04-03T19:30:00Z,GS-06,Tanegashima,Asia Pacific,-56.04,292.98,21.91,124.97,42.26,61.85,125.86,26.89,Online
2026-04-03T19:35:00Z,GS-01,Geneva Prime,Europe,-48.21,291.45,23.59,73.65,29.62,59.43,43.83,26.77,Online
2026-04-03T19:35:00Z,GS-06,Tanegashima,Asia Pacific,-47.78,289.94,20.88,56.21,39.45,63.64,70.31,24.7,Online
2026-04-03T19:40:00Z,GS-01,Geneva Prime,Europe,-40.5,290.39,25.28,83.67,44.06,55.78,141.72,23.62,Online
2026-04-03T19:40:00Z,GS-06,Tanegashima,Asia Pacific,-59.82,296.05,19.59,72.4,43.22,52.91,47.38,24.94,Online
2026-04-03T19:45:00Z,GS-01,Geneva Prime,Europe,-50.26,295.56,25.25,70.07,29.98,75.41,53.68,23.38,Online
2026-04-03T19:45:00Z,GS-06,Tanegashima,Asia Pacific,-86.13,298.4,22.41,92.39,43.09,68.1,72.82,28.86,Online
2026-04-03T19:50:00Z,GS-01,Geneva Prime,Europe,-57.99,299.62,25.0,98.91,61.56,62.66,100.4,24.37,Online
2026-04-03T19:50:00Z,GS-06,Tanegashima,Asia Pacific,-57.5,299.97,27.53,125.63,67.35,54.97,108.08,27.24,Online
2026-04-03T19:55:00Z,GS-01,Geneva Prime,Europe,-73.44,297.78,27.17,70.75,28.91,72.22,127.87,25.76,Online
2026-04-03T19:55:00Z,GS-06,Tanegashima,Asia Pacific,-60.69,297.87,24.26,147.39,72.58,77.34,44.08,25.08,Online
2026-04-03T20:00:00Z,GS-01,Geneva Prime,Europe,-65.6,297.83,23.71,112.52,51.29,77.36,98.58,26.73,Online
2026-04-03T20:00:00Z,GS-06,Tanegashima,Asia Pacific,-59.01,303.36,28.82,115.93,33.09,55.61,91.28,25.68,Online
2026-04-03T20:05:00Z,GS-01,Geneva Prime,Europe,-49.52,302.17,24.37,80.91,49.81,74.84,120.8,25.69,Online
2026-04-03T20:05:00Z,GS-06,Tanegashima,Asia Pacific,-44.56,300.51,23.34,77.57,43.5,56.62,128.33,24.17,Online
2026-04-03T20:10:00Z,GS-01,Geneva Prime,Europe,-72.04,306.39,23.8,104.61,50.42,50.91,129.42,25.73,Online
2026-04-03T20:10:00Z,GS-06,Tanegashima,Asia Pacific,-36.62,301.14,24.9,101.18,48.17,48.36,84.43,22.64,Online
2026-04-03T20:15:00Z,GS-01,Geneva Prime,Europe,-54.62,299.49,21.35,124.56,38.44,52.1,130.83,25.16,Online
2026-04-03T20:15:00Z,GS-06,Tanegashima,Asia Pacific,-46.92,303.42,30.42,81.86,65.93,59.51,13.82,25.39,Online
2026-04-03T20:20:00Z,GS-01,Geneva Prime,Europe,-55.28,302.9,23.58,99.26,82.09,40.23,122.12,23.82,Online
2026-04-03T20:20:00Z,GS-06,Tanegashima,Asia Pacific,-79.98,306.88,25.38,136.48,50.26,59.99,73.89,25.28,Online
2026-04-03T20:25:00Z,GS-01,Geneva Prime,Europe,-66.2,304.54,27.03,95.67,45.4,68.72,75.44,24.47,Online
2026-04-03T20:25:00Z,GS-06,Tanegashima,Asia Pacific,-68.99,307.11,26.51,127.02,72.86,56.34,111.69,24.83,Online
2026-04-03T20:30:00Z,GS-01,Geneva Prime,Europe,-73.59,310.11,22.8,123.53,29.82,75.09,18.22,26.08,Online
2026-04-03T20:30:00Z,GS-06,Tanegashima,Asia Pacific,-61.22,306.77,26.57,118.96,34.15,53.47,105.98,21.79,Online
2026-04-03T20:35:00Z,GS-01,Geneva Prime,Europe,-68.76,314.83,24.67,134.43,37.97,64.07,106.17,25.94,Online
2026-04-03T20:35:00Z,GS-06,Tanegashima,Asia Pacific,-63.0,312.73,25.42,107.03,47.94,51.02,68.57,24.49,Online
2026-04-03T20:40:00Z,GS-01,Geneva Prime,Europe,-66.48,314.88,25.34,135.38,55.28,59.89,45.39,22.99,Online
2026-04-03T20:40:00Z,GS-06,Tanegashima,Asia Pacific,-67.77,306.43,25.01,55.53,61.15,64.95,111.44,25.03,Online
2026-04-03T20:45:00Z,GS-01,Geneva Prime,Europe,-57.5,314.17,26.22,103.2,53.96,49.43,200.0,24.09,Online
2026-04-03T20:45:00Z,GS-06,Tanegashima,Asia Pacific,-57.87,313.76,29.27,101.14,46.56,47.97,57.74,24.82,Online
2026-04-03T20:50:00Z,GS-01,Geneva Prime,Europe,-53.34,314.94,27.64,58.38,57.68,71.49,115.93,23.7,Online
2026-04-03T20:50:00Z,GS-06,Tanegashima,Asia Pacific,-44.33,319.36,28.11,60.65,37.96,65.0,15.81,24.2,Online
2026-04-03T20:55:00Z,GS-01,Geneva Prime,Europe,-54.29,316.82,30.95,125.94,20.0,67.37,108.22,24.23,Online
2026-04-03T20:55:00Z,GS-06,Tanegashima,Asia Pacific,-85.95,312.2,26.0,39.55,44.97,53.62,185.01,23.6,Online
2026-04-03T21:00:00Z,GS-01,Geneva Prime,Europe,-40.59,311.86,27.73,102.91,34.1,56.62,71.28,23.41,Online
2026-04-03T21:00:00Z,GS-06,Tanegashima,Asia Pacific,-32.17,315.76,29.75,116.19,52.35,59.34,67.17,24.01,Online
2026-04-03T21:05:00Z,GS-01,Geneva Prime,Europe,-42.65,318.5,28.77,123.04,42.66,60.27,61.06,23.39,Online
2026-04-03T21:05:00Z,GS-06,Tanegashima,Asia Pacific,-39.88,316.43,29.53,56.58,41.29,58.07,46.83,23.7,Online
2026-04-03T21:10:00Z,GS-01,Geneva Prime,Europe,-66.44,317.66,29.98,71.33,40.22,60.62,127.37,23.96,Online
2026-04-03T21:10:00Z,GS-06,Tanegashima,Asia Pacific,-69.93,318.3,33.15,127.5,51.57,65.8,137.6,25.19,Online
2026-04-03T21:15:00Z,GS-01,Geneva Prime,Europe,-51.5,320.89,28.06,54.93,46.89,60.55,58.24,24.73,Online
2026-04-03T21:15:00Z,GS-06,Tanegashima,Asia Pacific,-87.94,317.68,29.25,50.91,62.94,49.13,56.47,24.85,Online
2026-04-03T21:20:00Z,GS-01,Geneva Prime,Europe,-50.31,317.78,32.08,108.69,73.0,63.23,74.35,22.12,Online
2026-04-03T21:20:00Z,GS-06,Tanegashima,Asia Pacific,-71.16,318.35,33.46,100.54,51.78,72.11,10.0,25.32,Online
2026-04-03T21:25:00Z,GS-01,Geneva Prime,Europe,-59.17,322.12,29.57,77.35,50.87,79.08,120.13,25.22,Online
2026-04-03T21:25:00Z,GS-06,Tanegashima,Asia Pacific,-62.88,320.05,29.66,85.35,20.37,54.2,57.59,23.06,Online
2026-04-03T21:30:00Z,GS-01,Geneva Prime,Europe,-58.02,323.22,31.71,82.56,21.44,55.4,41.1,23.94,Maintenance
2026-04-03T21:30:00Z,GS-06,Tanegashima,Asia Pacific,-46.36,324.38,33.25,95.99,38.74,54.02,19.7,24.73,Online
2026-04-03T21:35:00Z,GS-01,Geneva Prime,Europe,-62.62,321.26,30.61,73.99,45.52,68.54,66.08,19.78,Online
2026-04-03T21:35:00Z,GS-06,Tanegashima,Asia Pacific,-62.84,323.44,31.81,81.18,47.61,60.53,79.01,23.78,Online
2026-04-03T21:40:00Z,GS-01,Geneva Prime,Europe,-66.45,324.03,35.55,116.78,54.92,69.81,101.04,24.48,Online
2026-04-03T21:40:00Z,GS-06,Tanegashima,Asia Pacific,-83.69,325.41,32.43,150.33,56.13,54.96,94.91,23.34,Online
2026-04-03T21:45:00Z,GS-01,Geneva Prime,Europe,-53.19,324.21,34.05,93.16,48.39,54.2,56.6,24.77,Online
2026-04-03T21:45:00Z,GS-06,Tanegashima,Asia Pacific,-75.77,324.29,33.23,76.84,73.98,60.84,19.8,21.5,Online
2026-04-03T21:50:00Z,GS-01,Geneva Prime,Europe,-30.0,328.42,32.39,112.55,51.81,67.96,74.91,24.4,Online
2026-04-03T21:50:00Z,GS-06,Tanegashima,Asia Pacific,-90.58,325.39,34.21,109.89,64.68,62.08,55.05,22.52,Online
2026-04-03T21:55:00Z,GS-01,Geneva Prime,Europe,-44.63,330.57,32.44,68.28,40.07,59.79,53.68,24.43,Online
2026-04-03T21:55:00Z,GS-06,Tanegashima,Asia Pacific,-54.79,329.56,31.9,135.02,20.0,66.67,117.37,22.22,Online
2026-04-03T22:00:00Z,GS-01,Geneva Prime,Europe,-40.91,329.87,35.12,110.19,83.24,70.76,108.05,21.43,Online
2026-04-03T22:00:00Z,GS-06,Tanegashima,Asia Pacific,-57.85,328.37,36.64,104.21,31.51,60.65,46.02,23.03,Online
2026-04-03T22:05:00Z,GS-01,Geneva Prime,Europe,-72.89,331.3,37.07,98.41,40.31,61.63,107.89,21.08,Online
2026-04-03T22:05:00Z,GS-06,Tanegashima,Asia Pacific,-56.09,333.89,36.72,101.73,52.68,63.62,110.14,19.7,Online
2026-04-03T22:10:00Z,GS-01,Geneva Prime,Europe,-83.3,334.51,33.14,112.05,40.78,52.03,93.99,22.98,Online
2026-04-03T22:10:00Z,GS-06,Tanegashima,Asia Pacific,-30.0,331.25,39.03,110.57,37.07,66.39,102.63,22.73,Online
2026-04-03T22:15:00Z,GS-01,Geneva Prime,Europe,-56.01,332.56,35.08,122.78,42.31,59.36,91.19,23.02,Online
2026-04-03T22:15:00Z,GS-06,Tanegashima,Asia Pacific,-81.44,336.32,36.97,93.92,50.17,61.89,110.68,23.43,Online
2026-04-03T22:20:00Z,GS-01,Geneva Prime,Europe,-49.23,337.7,39.09,95.19,31.53,73.34,70.49,21.85,Online
2026-04-03T22:20:00Z,GS-06,Tanegashima,Asia Pacific,-86.05,335.68,37.62,54.55,50.44,56.01,187.61,21.71,Online
2026-04-03T22:25:00Z,GS-01,Geneva Prime,Europe,-66.53,334.5,40.47,88.82,36.3,65.66,24.79,23.45,Online
2026-04-03T22:25:00Z,GS-06,Tanegashima,Asia Pacific,-33.28,337.38,39.19,126.1,65.52,69.68,97.59,23.86,Online
2026-04-03T22:30:00Z,GS-01,Geneva Prime,Europe,-73.29,339.05,36.51,88.99,20.0,63.21,54.25,24.12,Online
2026-04-03T22:30:00Z,GS-06,Tanegashima,Asia Pacific,-54.15,339.75,36.35,131.15,95.0,66.11,111.61,22.71,Online
2026-04-03T22:35:00Z,GS-01,Geneva Prime,Europe,-67.87,340.27,36.11,87.47,23.75,54.37,105.68,23.17,Online
2026-04-03T22:35:00Z,GS-06,Tanegashima,Asia Pacific,-59.24,339.09,35.36,88.82,36.82,54.73,103.98,21.12,Online
2026-04-03T22:40:00Z,GS-01,Geneva Prime,Europe,-69.07,335.83,39.15,67.36,45.95,52.39,84.18,22.14,Online
2026-04-03T22:40:00Z,GS-06,Tanegashima,Asia Pacific,-34.92,340.99,36.06,62.05,45.66,52.56,10.0,24.39,Online
2026-04-03T22:45:00Z,GS-01,Geneva Prime,Europe,-49.2,342.29,39.14,112.83,36.55,61.64,43.18,24.59,Online
2026-04-03T22:45:00Z,GS-06,Tanegashima,Asia Pacific,-83.55,343.71,40.43,85.32,47.0,65.87,134.67,22.79,Online
2026-04-03T22:50:00Z,GS-01,Geneva Prime,Europe,-73.36,342.61,44.61,140.43,55.91,66.37,107.98,24.02,Online
2026-04-03T22:50:00Z,GS-06,Tanegashima,Asia Pacific,-66.85,339.79,41.12,75.47,32.34,54.24,179.41,22.48,Online
2026-04-03T22:55:00Z,GS-01,Geneva Prime,Europe,-54.57,341.31,37.92,75.43,62.26,62.67,103.94,23.35,Online
2026-04-03T22:55:00Z,GS-06,Tanegashima,Asia Pacific,-68.87,346.53,40.34,142.19,50.31,45.69,50.08,19.56,Online
2026-04-03T23:00:00Z,GS-01,Geneva Prime,Europe,-42.55,344.95,37.78,111.27,38.55,48.13,147.12,22.37,Online
2026-04-03T23:00:00Z,GS-06,Tanegashima,Asia Pacific,-64.4,344.2,39.21,60.86,60.42,56.21,80.88,19.14,Online
2026-04-03T23:05:00Z,GS-01,Geneva Prime,Europe,-79.77,347.47,43.62,152.6,61.12,58.15,98.92,21.7,Online
2026-04-03T23:05:00Z,GS-06,Tanegashima,Asia Pacific,-30.0,348.55,43.21,106.01,62.34,64.64,142.35,18.88,Online
2026-04-03T23:10:00Z,GS-01,Geneva Prime,Europe,-53.08,346.47,47.02,146.39,45.39,72.29,151.32,22.25,Online
2026-04-03T23:10:00Z,GS-06,Tanegashima,Asia Pacific,-30.0,347.44,43.08,125.98,40.75,60.68,136.38,22.17,Online
2026-04-03T23:15:00Z,GS-01,Geneva Prime,Europe,-85.43,349.48,42.75,125.96,53.35,71.77,116.3,23.75,Online
2026-04-03T23:15:00Z,GS-06,Tanegashima,Asia Pacific,-70.04,350.36,48.08,79.34,66.6,55.61,45.92,22.56,Online
2026-04-03T23:20:00Z,GS-01,Geneva Prime,Europe,-49.26,351.82,42.87,113.04,36.77,48.09,42.85,20.96,Online
2026-04-03T23:20:00Z,GS-06,Tanegashima,Asia Pacific,-52.18,352.3,41.84,110.56,30.88,65.03,55.09,20.51,Online
2026-04-03T23:25:00Z,GS-01,Geneva Prime,Europe,-48.01,350.08,44.8,33.4,56.36,66.57,80.22,19.78,Online
2026-04-03T23:25:00Z,GS-06,Tanegashima,Asia Pacific,-41.86,349.92,44.53,169.36,36.56,65.94,102.48,22.66,Online
2026-04-03T23:30:00Z,GS-01,Geneva Prime,Europe,-55.77,353.25,46.63,98.44,63.14,49.5,120.86,23.28,Online
2026-04-03T23:30:00Z,GS-06,Tanegashima,Asia Pacific,-49.52,354.73,45.9,43.93,44.13,52.07,50.73,20.19,Online
2026-04-03T23:35:00Z,GS-01,Geneva Prime,Europe,-67.16,352.56,41.98,121.01,71.64,64.85,71.88,21.95,Online
2026-04-03T23:35:00Z,GS-06,Tanegashima,Asia Pacific,-66.31,353.93,46.66,74.77,65.19,48.1,108.73,21.88,Online
2026-04-03T23:40:00Z,GS-01,Geneva Prime,Europe,-31.49,355.68,46.67,92.57,45.48,50.86,49.33,19.35,Online
2026-04-03T23:40:00Z,GS-06,Tanegashima,Asia Pacific,-73.84,355.19,47.99,40.62,43.35,64.51,73.48,21.07,Online
2026-04-03T23:45:00Z,GS-01,Geneva Prime,Europe,-66.18,355.17,46.76,105.21,72.69,54.05,67.27,21.94,Online
2026-04-03T23:45:00Z,GS-06,Tanegashima,Asia Pacific,-70.31,358.45,43.3,84.07,54.82,57.65,47.17,22.67,Online
2026-04-03T23:50:00Z,GS-01,Geneva Prime,Europe,-46.4,357.92,47.09,113.69,40.18,65.96,139.33,18.1,Online
2026-04-03T23:50:00Z,GS-06,Tanegashima,Asia Pacific,-58.33,354.03,53.57,85.96,53.96,59.72,47.88,20.62,Degraded
2026-04-03T23:55:00Z,GS-01,Geneva Prime,Europe,-36.21,0.66,53.23,101.66,48.46,57.86,68.52,20.44,Online
2026-04-03T23:55:00Z,GS-06,Tanegashima,Asia Pacific,-58.74,357.17,50.23,105.1,48.45,73.4,78.49,23.14,Online
2026-04-04T00:00:00Z,GS-01,Geneva Prime,Europe,-30.0,2.61,52.31,90.8,47.76,49.45,99.96,22.41,Online
2026-04-04T00:00:00Z,GS-06,Tanegashima,Asia Pacific,-59.65,2.05,47.58,149.05,55.82,59.43,74.05,22.72,Online
2026-04-04T00:05:00Z,GS-01,Geneva Prime,Europe,-37.19,1.45,50.94,100.54,66.38,57.05,78.82,24.2,Online
2026-04-04T00:05:00Z,GS-06,Tanegashima,Asia Pacific,-57.79,3.52,48.83,93.84,62.81,54.59,73.95,22.39,Online
2026-04-04T00:10:00Z,GS-01,Geneva Prime,Europe,-74.84,1.67,51.53,101.4,60.36,72.33,45.76,22.17,Online
2026-04-04T00:10:00Z,GS-06,Tanegashima,Asia Pacific,-49.89,5.53,52.75,108.73,53.0,65.39,42.89,22.29,Online
2026-04-04T00:15:00Z,GS-01,Geneva Prime,Europe,-38.11,3.34,52.22,92.72,20.0,60.16,92.07,21.24,Online
2026-04-04T00:15:00Z,GS-06,Tanegashima,Asia Pacific,-77.32,1.99,53.49,159.18,61.59,49.25,114.19,21.02,Online
2026-04-04T00:20:00Z,GS-01,Geneva Prime,Europe,-68.73,4.08,54.03,128.78,43.82,59.35,98.57,22.87,Online
2026-04-04T00:20:00Z,GS-06,Tanegashima,Asia Pacific,-42.36,2.43,52.65,67.96,44.39,58.19,78.13,20.82,Online
2026-04-04T00:25:00Z,GS-01,Geneva Prime,Europe,-82.31,2.06,53.0,87.07,36.89,70.58,45.62,24.16,Degraded
2026-04-04T00:25:00Z,GS-06,Tanegashima,Asia Pacific,-35.64,2.35,53.45,88.01,20.0,48.44,111.0,25.06,Online
2026-04-04T00:30:00Z,GS-01,Geneva Prime,Europe,-46.46,8.15,53.87,150.48,70.78,55.31,10.0,18.9,Online
2026-04-04T00:30:00Z,GS-06,Tanegashima,Asia Pacific,-40.17,7.41,54.28,46.28,35.96,57.64,88.31,21.45,Online
2026-04-04T00:35:00Z,GS-01,Geneva Prime,Europe,-75.56,7.18,56.98,107.34,52.35,52.81,10.0,21.29,Online
2026-04-04T00:35:00Z,GS-06,Tanegashima,Asia Pacific,-73.0,9.45,61.14,120.85,77.83,64.55,54.8,22.59,Online
2026-04-04T00:40:00Z,GS-01,Geneva Prime,Europe,-33.29,13.66,54.06,107.6,27.85,66.6,142.13,22.15,Online
2026-04-04T00:40:00Z,GS-06,Tanegashima,Asia Pacific,-70.01,10.72,56.04,102.43,47.14,58.61,119.84,23.2,Online
2026-04-04T00:45:00Z,GS-01,Geneva Prime,Europe,-74.75,9.23,55.34,122.11,73.11,54.85,90.46,21.62,Online
2026-04-04T00:45:00Z,GS-06,Tanegashima,Asia Pacific,-46.79,11.92,55.22,106.95,60.78,55.44,96.11,22.01,Online
2026-04-04T00:50:00Z,GS-01,Geneva Prime,Europe,-53.6,11.19,56.71,133.23,33.76,49.36,28.34,20.39,Online
2026-04-04T00:50:00Z,GS-06,Tanegashima,Asia Pacific,-51.07,9.69,55.9,118.55,50.0,56.92,87.64,22.3,Online
2026-04-04T00:55:00Z,GS-01,Geneva Prime,Europe,-63.36,13.33,61.6,124.28,74.77,56.02,76.6,20.17,Online
2026-04-04T00:55:00Z,GS-06,Tanegashima,Asia Pacific,-72.14,17.55,56.09,157.58,30.08,51.57,66.35,22.08,Online
2026-04-04T01:00:00Z,GS-01,Geneva Prime,Europe,-46.15,15.9,56.93,96.0,41.17,52.68,44.48,23.75,Online
2026-04-04T01:00:00Z,GS-06,Tanegashima,Asia Pacific,-87.42,18.23,57.08,76.82,53.88,71.88,124.71,22.96,Online
2026-04-04T01:05:00Z,GS-01,Geneva Prime,Europe,-43.7,12.82,57.35,72.66,59.7,56.93,113.82,23.04,Online
2026-04-04T01:05:00Z,GS-06,Tanegashima,Asia Pacific,-72.93,15.08,60.98,76.74,81.27,53.74,67.44,22.17,Degraded
2026-04-04T01:10:00Z,GS-01,Geneva Prime,Europe,-71.74,15.58,59.59,74.66,35.27,52.49,76.88,23.69,Online
2026-04-04T01:10:00Z,GS-06,Tanegashima,Asia Pacific,-37.4,16.05,63.32,69.86,58.0,54.23,45.16,21.16,Online
2026-04-04T01:15:00Z,GS-01,Geneva Prime,Europe,-60.79,19.91,60.98,71.68,33.12,52.67,75.55,22.0,Offline
2026-04-04T01:15:00Z,GS-06,Tanegashima,Asia Pacific,-74.25,19.29,64.17,84.86,39.8,64.48,57.65,23.32,Online
2026-04-04T01:20:00Z,GS-01,Geneva Prime,Europe,-70.78,23.66,60.95,81.4,37.94,55.89,134.91,20.46,Online
2026-04-04T01:20:00Z,GS-06,Tanegashima,Asia Pacific,-70.02,18.88,60.23,91.87,27.11,56.8,76.02,21.42,Online
2026-04-04T01:25:00Z,GS-01,Geneva Prime,Europe,-49.7,23.09,60.72,106.92,20.0,56.63,120.19,21.77,Online
2026-04-04T01:25:00Z,GS-06,Tanegashima,Asia Pacific,-71.06,25.81,64.51,114.03,58.67,42.19,48.5,21.7,Online
2026-04-04T01:30:00Z,GS-01,Geneva Prime,Europe,-63.54,21.52,56.38,111.58,51.52,72.82,48.47,21.15,Online
2026-04-04T01:30:00Z,GS-06,Tanegashima,Asia Pacific,-100.2,21.91,63.28,81.65,70.72,57.95,85.88,20.41,Online
2026-04-04T01:35:00Z,GS-01,Geneva Prime,Europe,-55.69,19.79,63.47,121.73,61.31,51.84,86.42,23.35,Online
2026-04-04T01:35:00Z,GS-06,Tanegashima,Asia Pacific,-53.37,22.02,57.3,110.41,43.17,55.47,110.56,22.44,Online
2026-04-04T01:40:00Z,GS-01,Geneva Prime,Europe,-79.79,21.14,60.42,171.79,53.67,61.51,72.73,22.19,Online
2026-04-04T01:40:00Z,GS-06,Tanegashima,Asia Pacific,-42.49,24.02,63.83,89.55,68.28,65.94,129.82,21.69,Online
2026-04-04T01:45:00Z,GS-01,Geneva Prime,Europe,-44.13,25.62,63.49,149.05,32.49,61.63,97.52,23.4,Online
2026-04-04T01:45:00Z,GS-06,Tanegashima,Asia Pacific,-66.76,30.42,60.68,143.77,59.58,75.21,16.47,21.32,Online
2026-04-04T01:50:00Z,GS-01,Geneva Prime,Europe,-37.62,23.75,60.64,85.35,47.3,72.74,72.59,21.77,Online
2026-04-04T01:50:00Z,GS-06,Tanegashima,Asia Pacific,-55.33,28.44,64.73,94.66,21.54,52.66,136.81,22.96,Online
2026-04-04T01:55:00Z,GS-01,Geneva Prime,Europe,-64.84,30.99,62.17,93.24,46.65,56.47,84.03,22.46,Online
2026-04-04T01:55:00Z,GS-06,Tanegashima,Asia Pacific,-80.99,29.11,61.77,104.97,61.49,57.75,33.14,22.55,Online
2026-04-04T02:00:00Z,GS-01,Geneva Prime,Europe,-72.48,31.19,64.7,151.29,58.96,58.78,108.62,22.21,Online
2026-04-04T02:00:00Z,GS-06,Tanegashima,Asia Pacific,-59.49,29.28,66.53,142.99,54.58,67.38,116.92,23.63,Online
2026-04-04T02:05:00Z,GS-01,Geneva Prime,Europe,-77.09,34.65,69.17,92.98,40.55,64.9,102.03,22.57,Degraded
2026-04-04T02:05:00Z,GS-06,Tanegashima,Asia Pacific,-78.75,31.86,66.67,121.77,49.19,57.83,119.76,22.97,Online
2026-04-04T02:10:00Z,GS-01,Geneva Prime,Europe,-66.97,32.14,62.63,94.53,53.26,62.72,140.83,22.55,Online
2026-04-04T02:10:00Z,GS-06,Tanegashima,Asia Pacific,-52.69,34.09,70.8,104.34,32.47,66.78,154.63,22.46,Online
2026-04-04T02:15:00Z,GS-01,Geneva Prime,Europe,-47.38,36.21,68.7,103.77,36.62,59.35,98.34,24.37,Online
2026-04-04T02:15:00Z,GS-06,Tanegashima,Asia Pacific,-54.99,32.99,67.78,125.8,49.56,53.31,72.74,24.43,Online
2026-04-04T02:20:00Z,GS-01,Geneva Prime,Europe,-80.75,30.81,70.22,115.34,52.28,51.39,109.5,23.5,Online
2026-04-04T02:20:00Z,GS-06,Tanegashima,Asia Pacific,-83.76,37.85,67.52,88.12,40.46,43.88,103.73,23.48,Online
2026-04-04T02:25:00Z,GS-01,Geneva Prime,Europe,-62.91,38.81,64.97,82.1,34.8,57.77,82.7,23.81,Online
2026-04-04T02:25:00Z,GS-06,Tanegashima,Asia Pacific,-65.2,34.5,71.11,172.35,46.72,53.95,139.02,20.99,Offline
2026-04-04T02:30:00Z,GS-01,Geneva Prime,Europe,-65.02,36.11,65.94,91.6,34.63,60.1,81.09,22.31,Degraded
2026-04-04T02:30:00Z,GS-06,Tanegashima,Asia Pacific,-65.56,37.04,69.88,95.55,54.9,64.69,102.86,25.32,Online
2026-04-04T02:35:00Z,GS-01,Geneva Prime,Europe,-76.79,37.8,72.3,92.28,20.0,58.38,85.4,19.4,Online
2026-04-04T02:35:00Z,GS-06,Tanegashima,Asia Pacific,-39.99,37.32,69.43,93.22,29.54,51.44,42.6,24.95,Online
2026-04-04T02:40:00Z,GS-01,Geneva Prime,Europe,-62.21,38.96,67.41,135.88,62.57,69.48,99.7,23.84,Online
2026-04-04T02:40:00Z,GS-06,Tanegashima,Asia Pacific,-78.24,39.51,67.92,45.23,57.68,54.43,127.84,24.73,Online
2026-04-04T02:45:00Z,GS-01,Geneva Prime,Europe,-51.65,42.48,68.55,155.74,45.52,62.42,54.04,22.09,Online
2026-04-04T02:45:00Z,GS-06,Tanegashima,Asia Pacific,-52.84,41.69,68.2,56.85,66.29,69.57,55.47,22.98,Online
2026-04-04T02:50:00Z,GS-01,Geneva Prime,Europe,-38.24,40.26,68.81,76.94,64.42,75.95,110.06,24.75,Online
2026-04-04T02:50:00Z,GS-06,Tanegashima,Asia Pacific,-68.71,46.39,70.8,125.59,43.73,57.86,146.52,24.39,Online
2026-04-04T02:55:00Z,GS-01,Geneva Prime,Europe,-38.23,44.26,69.05,82.5,71.49,54.99,35.7,25.47,Degraded
2026-04-04T02:55:00Z,GS-06,Tanegashima,Asia Pacific,-68.17,44.03,71.34,82.36,62.41,51.06,90.47,24.03,Online
2026-04-04T03:00:00Z,GS-01,Geneva Prime,Europe,-60.81,42.41,72.95,122.31,36.89,65.66,95.0,21.84,Online
2026-04-04T03:00:00Z,GS-06,Tanegashima,Asia Pacific,-72.81,47.28,71.83,83.07,34.7,55.88,62.22,22.49,Online
2026-04-04T03:05:00Z,GS-01,Geneva Prime,Europe,-86.13,48.53,73.61,61.8,46.64,52.78,69.54,23.33,Online
2026-04-04T03:05:00Z,GS-06,Tanegashima,Asia Pacific,-66.42,50.26,70.79,75.75,35.85,68.35,13.92,22.71,Online
2026-04-04T03:10:00Z,GS-01,Geneva Prime,Europe,-38.3,47.99,72.5,163.96,47.96,54.33,68.72,22.24,Online
2026-04-04T03:10:00Z,GS-06,Tanegashima,Asia Pacific,-41.16,48.65,74.37,136.39,40.03,52.44,77.93,22.64,Online
2026-04-04T03:15:00Z,GS-01,Geneva Prime,Europe,-57.53,51.01,72.22,104.5,43.87,66.42,53.29,20.75,Online
2026-04-04T03:15:00Z,GS-06,Tanegashima,Asia Pacific,-52.94,50.73,73.45,80.79,31.38,63.96,85.66,23.86,Online
2026-04-04T03:20:00Z,GS-01,Geneva Prime,Europe,-32.66,48.11,76.53,100.95,22.97,58.57,118.38,23.6,Online
2026-04-04T03:20:00Z,GS-06,Tanegashima,Asia Pacific,-82.12,49.67,71.27,114.75,54.28,51.55,51.77,25.28,Online
2026-04-04T03:25:00Z,GS-01,Geneva Prime,Europe,-72.88,49.09,71.04,110.56,48.71,54.53,80.2,26.54,Online
2026-04-04T03:25:00Z,GS-06,Tanegashima,Asia Pacific,-74.61,47.35,74.31,96.69,36.48,65.22,113.57,20.93,Online
2026-04-04T03:30:00Z,GS-01,Geneva Prime,Europe,-69.79,57.14,74.97,120.28,59.07,60.14,111.87,25.42,Online
2026-04-04T03:30:00Z,GS-06,Tanegashima,Asia Pacific,-51.91,51.86,74.14,82.35,45.15,50.65,48.38,23.92,Online
2026-04-04T03:35:00Z,GS-01,Geneva Prime,Europe,-74.16,52.74,73.87,112.07,56.39,56.29,133.4,25.86,Online
2026-04-04T03:35:00Z,GS-06,Tanegashima,Asia Pacific,-52.44,54.06,74.83,135.61,59.68,70.68,81.65,25.28,Online
2026-04-04T03:40:00Z,GS-01,Geneva Prime,Europe,-39.85,53.75,73.94,100.48,55.8,67.32,70.77,22.3,Online
2026-04-04T03:40:00Z,GS-06,Tanegashima,Asia Pacific,-56.31,53.16,71.59,62.08,48.92,70.89,81.56,24.88,Online
2026-04-04T03:45:00Z,GS-01,Geneva Prime,Europe,-42.26,53.16,75.98,99.65,51.79,56.13,47.28,24.88,Online
2026-04-04T03:45:00Z,GS-06,Tanegashima,Asia Pacific,-35.26,57.97,73.93,59.77,24.82,70.53,41.8,24.18,Online
2026-04-04T03:50:00Z,GS-01,Geneva Prime,Europe,-40.18,54.27,78.29,92.39,31.22,58.02,51.1,25.44,Online
2026-04-04T03:50:00Z,GS-06,Tanegashima,Asia Pacific,-69.72,53.68,74.86,59.3,47.45,50.5,60.48,25.05,Online
2026-04-04T03:55:00Z,GS-01,Geneva Prime,Europe,-63.19,59.25,77.01,65.26,44.23,40.0,89.89,24.44,Online
2026-04-04T03:55:00Z,GS-06,Tanegashima,Asia Pacific,-74.75,59.38,77.99,85.72,33.66,61.32,26.58,23.9,Online
2026-04-04T04:00:00Z,GS-01,Geneva Prime,Europe,-41.66,60.12,72.22,46.09,46.95,66.9,15.3,25.67,Online
2026-04-04T04:00:00Z,GS-06,Tanegashima,Asia Pacific,-40.04,63.78,76.64,115.2,20.0,76.8,56.98,23.6,Online
2026-04-04T04:05:00Z,GS-01,Geneva Prime,Europe,-63.83,64.27,80.72,103.76,56.98,60.35,38.49,27.33,Online
2026-04-04T04:05:00Z,GS-06,Tanegashima,Asia Pacific,-69.33,64.32,78.9,118.42,66.95,77.86,72.99,23.9,Online
2026-04-04T04:10:00Z,GS-01,Geneva Prime,Europe,-87.96,66.99,75.73,134.05,36.1,72.31,52.0,23.44,Online
2026-04-04T04:10:00Z,GS-06,Tanegashima,Asia Pacific,-63.13,61.44,77.8,98.46,52.53,57.67,53.4,24.35,Online
2026-04-04T04:15:00Z,GS-01,Geneva Prime,Europe,-30.0,64.2,72.94,84.39,46.16,74.76,121.15,23.96,Online
2026-04-04T04:15:00Z,GS-06,Tanegashima,Asia Pacific,-30.0,63.69,79.4,65.35,20.0,48.73,10.0,28.51,Online
2026-04-04T04:20:00Z,GS-01,Geneva Prime,Europe,-56.78,63.15,78.09,105.68,52.45,69.68,68.4,24.14,Online
2026-04-04T04:20:00Z,GS-06,Tanegashima,Asia Pacific,-47.58,66.6,77.39,165.33,39.75,52.8,96.72,24.45,Online
2026-04-04T04:25:00Z,GS-01,Geneva Prime,Europe,-52.57,64.58,76.66,156.73,40.13,53.61,126.83,24.01,Online
2026-04-04T04:25:00Z,GS-06,Tanegashima,Asia Pacific,-70.39,67.4,79.34,136.61,36.03,64.77,61.36,24.68,Online
2026-04-04T04:30:00Z,GS-01,Geneva Prime,Europe,-41.95,66.4,78.27,104.67,32.15,67.73,102.41,22.72,Online
2026-04-04T04:30:00Z,GS-06,Tanegashima,Asia Pacific,-55.84,65.95,79.91,56.64,40.72,62.9,82.17,26.85,Online
2026-04-04T04:35:00Z,GS-01,Geneva Prime,Europe,-82.78,72.05,79.01,140.79,55.49,59.91,28.63,24.98,Online
2026-04-04T04:35:00Z,GS-06,Tanegashima,Asia Pacific,-36.16,71.52,76.72,15.45,42.45,57.7,70.01,26.62,Online
2026-04-04T04:40:00Z,GS-01,Geneva Prime,Europe,-46.86,71.98,79.08,45.98,77.2,78.43,94.97,26.5,Online
2026-04-04T04:40:00Z,GS-06,Tanegashima,Asia Pacific,-54.61,70.83,73.42,92.81,44.55,70.25,81.91,23.48,Online
2026-04-04T04:45:00Z,GS-01,Geneva Prime,Europe,-53.55,69.64,75.97,74.98,51.51,70.07,99.32,27.02,Online
2026-04-04T04:45:00Z,GS-06,Tanegashima,Asia Pacific,-52.9,71.45,79.8,27.44,46.33,51.64,126.52,25.85,Online
2026-04-04T04:50:00Z,GS-01,Geneva Prime,Europe,-59.54,69.49,80.65,118.82,51.68,53.5,49.05,26.53,Online
2026-04-04T04:50:00Z,GS-06,Tanegashima,Asia Pacific,-70.42,73.37,74.29,85.37,66.56,63.52,86.67,29.17,Online
2026-04-04T04:55:00Z,GS-01,Geneva Prime,Europe,-95.04,72.12,78.0,125.75,55.51,53.07,119.92,25.72,Online
2026-04-04T04:55:00Z,GS-06,Tanegashima,Asia Pacific,-41.83,71.68,78.55,85.29,57.67,55.82,78.3,27.08,Online
2026-04-04T05:00:00Z,GS-01,Geneva Prime,Europe,-51.82,76.77,79.4,87.45,40.8,60.21,89.98,26.23,Online
2026-04-04T05:00:00Z,GS-06,Tanegashima,Asia Pacific,-59.71,71.97,80.31,105.43,57.02,60.0,10.46,25.91,Online
2026-04-04T05:05:00Z,GS-01,Geneva Prime,Europe,-63.0,77.74,75.0,101.24,51.16,54.71,82.99,25.63,Online
2026-04-04T05:05:00Z,GS-06,Tanegashima,Asia Pacific,-70.94,75.43,77.72,120.51,36.18,52.78,150.72,28.01,Online
2026-04-04T05:10:00Z,GS-01,Geneva Prime,Europe,-87.92,75.97,79.77,109.71,27.11,69.27,113.01,27.42,Online
2026-04-04T05:10:00Z,GS-06,Tanegashima,Asia Pacific,-39.65,78.4,80.19,146.73,58.21,53.27,105.33,25.7,Online
2026-04-04T05:15:00Z,GS-01,Geneva Prime,Europe,-52.44,79.7,76.66,96.34,48.18,56.51,92.59,28.04,Online
2026-04-04T05:15:00Z,GS-06,Tanegashima,Asia Pacific,-60.46,79.2,82.19,114.2,47.41,52.34,106.84,27.32,Online
2026-04-04T05:20:00Z,GS-01,Geneva Prime,Europe,-40.74,80.09,75.91,49.0,53.83,55.44,97.47,27.13,Online
2026-04-04T05:20:00Z,GS-06,Tanegashima,Asia Pacific,-62.5,79.81,77.81,99.53,37.99,57.02,67.05,26.62,Online
2026-04-04T05:25:00Z,GS-01,Geneva Prime,Europe,-46.17,80.99,81.7,146.14,55.26,64.28,93.07,28.39,Online
2026-04-04T05:25:00Z,GS-06,Tanegashima,Asia Pacific,-58.66,83.22,80.88,89.2,55.75,60.73,75.75,26.37,Online
2026-04-04T05:30:00Z,GS-01,Geneva Prime,Europe,-57.51,84.49,81.52,110.6,52.2,70.17,74.0,25.54,Online
2026-04-04T05:30:00Z,GS-06,Tanegashima,Asia Pacific,-40.48,81.44,78.36,46.11,51.86,47.03,49.99,28.1,Online
2026-04-04T05:35:00Z,GS-01,Geneva Prime,Europe,-49.17,82.45,79.55,73.82,38.42,62.13,59.93,26.98,Online
2026-04-04T05:35:00Z,GS-06,Tanegashima,Asia Pacific,-81.97,86.02,80.84,123.79,60.49,53.4,65.66,24.5,Degraded
2026-04-04T05:40:00Z,GS-01,Geneva Prime,Europe,-30.0,84.7,81.96,62.86,56.96,74.86,77.59,25.96,Online
2026-04-04T05:40:00Z,GS-06,Tanegashima,Asia Pacific,-62.08,80.55,79.81,124.63,44.57,57.73,101.1,28.38,Online
2026-04-04T05:45:00Z,GS-01,Geneva Prime,Europe,-84.9,86.43,84.81,59.95,43.97,75.53,124.17,26.84,Online
2026-04-04T05:45:00Z,GS-06,Tanegashima,Asia Pacific,-56.91,86.25,78.44,97.77,41.64,60.9,50.06,25.69,Degraded
2026-04-04T05:50:00Z,GS-01,Geneva Prime,Europe,-60.62,90.93,80.14,90.05,54.05,58.73,154.72,27.73,Online
2026-04-04T05:50:00Z,GS-06,Tanegashima,Asia Pacific,-49.49,85.99,80.98,108.25,44.32,55.99,54.48,28.16,Online
2026-04-04T05:55:00Z,GS-01,Geneva Prime,Europe,-50.57,88.5,80.57,98.86,46.18,58.4,80.72,31.92,Online
2026-04-04T05:55:00Z,GS-06,Tanegashima,Asia Pacific,-55.33,90.04,80.87,92.12,60.53,57.67,122.2,27.37,Online
2026-04-04T06:00:00Z,GS-01,Geneva Prime,Europe,-74.4,90.73,77.79,116.07,30.67,57.45,22.73,32.24,Online
2026-04-04T06:00:00Z,GS-06,Tanegashima,Asia Pacific,-84.81,90.02,82.29,131.09,55.22,57.46,134.04,29.37,Online
2026-04-04T06:05:00Z,GS-01,Geneva Prime,Europe,-56.82,91.73,79.39,72.71,59.85,70.5,44.64,27.9,Online
2026-04-04T06:05:00Z,GS-06,Tanegashima,Asia Pacific,-62.15,91.18,80.12,128.41,36.03,53.23,129.46,27.44,Online
2026-04-04T06:10:00Z,GS-01,Geneva Prime,Europe,-78.95,91.53,79.31,146.65,56.1,69.18,112.8,29.68,Online
2026-04-04T06:10:00Z,GS-06,Tanegashima,Asia Pacific,-70.32,92.1,77.99,93.69,53.21,61.08,132.46,26.55,Degraded
2026-04-04T06:15:00Z,GS-01,Geneva Prime,Europe,-52.5,91.25,80.12,122.21,42.43,64.41,41.61,25.9,Online
2026-04-04T06:15:00Z,GS-06,Tanegashima,Asia Pacific,-51.64,97.24,77.94,136.67,45.52,49.31,34.74,28.42,Online
2026-04-04T06:20:00Z,GS-01,Geneva Prime,Europe,-66.07,92.37,76.5,74.6,47.33,59.95,59.95,28.83,Online
2026-04-04T06:20:00Z,GS-06,Tanegashima,Asia Pacific,-44.4,95.79,79.64,127.84,33.48,58.2,71.96,26.67,Online
2026-04-04T06:25:00Z,GS-01,Geneva Prime,Europe,-66.3,92.1,83.65,71.88,64.03,60.3,102.59,27.92,Online
2026-04-04T06:25:00Z,GS-06,Tanegashima,Asia Pacific,-56.88,97.55,81.15,123.24,40.58,56.16,16.23,29.44,Online
2026-04-04T06:30:00Z,GS-01,Geneva Prime,Europe,-43.76,100.73,80.35,77.01,24.63,68.33,10.0,28.27,Online
2026-04-04T06:30:00Z,GS-06,Tanegashima,Asia Pacific,-63.36,97.36,79.81,104.14,20.0,60.12,10.0,29.88,Online
2026-04-04T06:35:00Z,GS-01,Geneva Prime,Europe,-68.33,94.44,78.02,82.9,59.29,61.57,93.78,30.68,Online
2026-04-04T06:35:00Z,GS-06,Tanegashima,Asia Pacific,-61.44,100.26,81.02,61.41,62.68,48.64,116.69,26.64,Online
2026-04-04T06:40:00Z,GS-01,Geneva Prime,Europe,-50.98,103.72,79.12,92.31,52.33,57.36,152.73,29.33,Degraded
2026-04-04T06:40:00Z,GS-06,Tanegashima,Asia Pacific,-64.8,98.92,77.68,81.17,40.79,56.1,53.67,32.19,Degraded
2026-04-04T06:45:00Z,GS-01,Geneva Prime,Europe,-75.45,101.54,80.61,118.9,44.3,58.07,98.06,29.57,Online
2026-04-04T06:45:00Z,GS-06,Tanegashima,Asia Pacific,-63.88,98.13,78.49,65.6,36.99,60.27,94.35,31.84,Online
2026-04-04T06:50:00Z,GS-01,Geneva Prime,Europe,-68.06,104.05,79.9,138.88,51.91,51.93,11.08,29.77,Online
2026-04-04T06:50:00Z,GS-06,Tanegashima,Asia Pacific,-67.93,100.54,76.75,104.83,63.09,56.73,103.61,29.15,Online
2026-04-04T06:55:00Z,GS-01,Geneva Prime,Europe,-79.34,105.22,76.95,100.65,40.9,67.14,37.67,30.01,Online
2026-04-04T06:55:00Z,GS-06,Tanegashima,Asia Pacific,-72.6,102.73,71.87,162.76,51.61,53.86,35.01,28.68,Online
2026-04-04T07:00:00Z,GS-01,Geneva Prime,Europe,-49.25,101.22,78.69,153.12,31.39,60.64,168.13,30.5,Online
2026-04-04T07:00:00Z,GS-06,Tanegashima,Asia Pacific,-58.11,106.01,78.18,138.99,40.21,44.33,64.35,28.1,Online
2026-04-04T07:05:00Z,GS-01,Geneva Prime,Europe,-64.22,105.73,81.2,120.86,48.16,59.98,37.65,26.41,Online
2026-04-04T07:05:00Z,GS-06,Tanegashima,Asia Pacific,-58.3,107.84,78.58,83.95,50.57,59.33,147.43,31.53,Online
2026-04-04T07:10:00Z,GS-01,Geneva Prime,Europe,-45.61,109.02,76.03,119.89,49.52,64.85,99.7,30.48,Online
2026-04-04T07:10:00Z,GS-06,Tanegashima,Asia Pacific,-30.0,107.35,80.48,85.87,54.49,67.51,94.58,32.31,Online
2026-04-04T07:15:00Z,GS-01,Geneva Prime,Europe,-73.26,107.78,78.83,126.42,47.15,70.29,53.53,28.22,Online
2026-04-04T07:15:00Z,GS-06,Tanegashima,Asia Pacific,-55.38,108.6,79.49,99.18,40.92,59.4,81.15,29.47,Online
2026-04-04T07:20:00Z,GS-01,Geneva Prime,Europe,-63.05,109.19,79.9,105.82,72.08,61.29,57.97,34.06,Online
2026-04-04T07:20:00Z,GS-06,Tanegashima,Asia Pacific,-53.8,111.98,79.37,118.69,51.43,51.18,94.7,28.06,Online
2026-04-04T07:25:00Z,GS-01,Geneva Prime,Europe,-62.62,109.8,78.68,110.02,50.77,62.3,55.73,29.78,Online
2026-04-04T07:25:00Z,GS-06,Tanegashima,Asia Pacific,-46.19,113.39,75.67,54.07,36.28,68.36,128.6,28.79,Online
2026-04-04T07:30:00Z,GS-01,Geneva Prime,Europe,-55.39,116.17,78.55,142.65,56.98,52.72,72.4,30.35,Online
2026-04-04T07:30:00Z,GS-06,Tanegashima,Asia Pacific,-58.44,114.33,78.53,11.91,29.25,42.5,87.01,30.66,Online
2026-04-04T07:35:00Z,GS-01,Geneva Prime,Europe,-55.75,111.83,78.81,121.49,29.94,48.27,79.99,33.1,Online
2026-04-04T07:35:00Z,GS-06,Tanegashima,Asia Pacific,-34.5,114.88,76.0,126.61,39.57,53.86,10.0,30.57,Online
2026-04-04T07:40:00Z,GS-01,Geneva Prime,Europe,-69.45,115.19,72.59,105.09,20.0,68.7,100.88,30.12,Degraded
2026-04-04T07:40:00Z,GS-06,Tanegashima,Asia Pacific,-51.56,113.04,77.33,123.84,48.61,56.42,79.09,30.24,Online
2026-04-04T07:45:00Z,GS-01,Geneva Prime,Europe,-38.14,114.0,75.66,42.52,63.12,58.03,62.46,30.58,Online
2026-04-04T07:45:00Z,GS-06,Tanegashima,Asia Pacific,-50.46,116.94,82.2,113.62,39.42,55.51,64.29,28.4,Online
2026-04-04T07:50:00Z,GS-01,Geneva Prime,Europe,-59.4,119.07,75.38,75.78,94.32,48.59,10.0,29.04,Online
2026-04-04T07:50:00Z,GS-06,Tanegashima,Asia Pacific,-83.11,118.27,75.89,93.41,58.84,54.47,111.0,33.04,Online
2026-04-04T07:55:00Z,GS-01,Geneva Prime,Europe,-66.83,120.22,75.82,127.72,26.14,46.84,64.35,29.55,Online
2026-04-04T07:55:00Z,GS-06,Tanegashima,Asia Pacific,-67.75,118.31,77.74,87.77,35.11,57.19,49.23,29.48,Online
2026-04-04T08:00:00Z,GS-01,Geneva Prime,Europe,-84.2,120.14,74.84,128.99,27.63,55.66,152.52,29.59,Online
2026-04-04T08:00:00Z,GS-06,Tanegashima,Asia Pacific,-63.55,117.57,73.28,146.42,47.05,61.07,12.15,31.54,Online
2026-04-04T08:05:00Z,GS-01,Geneva Prime,Europe,-42.64,123.55,76.98,66.12,48.76,65.34,10.0,29.43,Online
2026-04-04T08:05:00Z,GS-06,Tanegashima,Asia Pacific,-46.68,123.0,72.55,123.85,46.14,66.25,54.62,32.08,Online
2026-04-04T08:10:00Z,GS-01,Geneva Prime,Europe,-47.34,121.8,75.34,80.54,64.82,59.04,43.12,30.15,Online
2026-04-04T08:10:00Z,GS-06,Tanegashima,Asia Pacific,-58.1,124.01,72.63,155.43,48.7,63.73,76.11,31.25,Online
2026-04-04T08:15:00Z,GS-01,Geneva Prime,Europe,-62.22,125.79,74.93,123.01,39.79,61.57,47.84,33.16,Degraded
2026-04-04T08:15:00Z,GS-06,Tanegashima,Asia Pacific,-72.51,123.1,74.31,89.38,53.67,57.47,135.76,30.11,Online
2026-04-04T08:20:00Z,GS-01,Geneva Prime,Europe,-57.46,123.45,75.42,99.52,79.88,69.51,53.83,32.32,Online
2026-04-04T08:20:00Z,GS-06,Tanegashima,Asia Pacific,-71.53,125.23,72.18,80.12,44.01,74.52,84.03,33.92,Online
2026-04-04T08:25:00Z,GS-01,Geneva Prime,Europe,-56.7,125.48,77.27,113.11,37.29,63.76,68.3,28.56,Online
2026-04-04T08:25:00Z,GS-06,Tanegashima,Asia Pacific,-45.96,128.44,77.87,112.66,42.02,66.68,113.99,34.01,Online
2026-04-04T08:30:00Z,GS-01,Geneva Prime,Europe,-60.67,127.17,72.37,116.12,26.42,66.21,103.51,32.53,Online
2026-04-04T08:30:00Z,GS-06,Tanegashima,Asia Pacific,-57.93,130.57,75.54,81.79,37.93,52.96,102.05,30.15,Online
2026-04-04T08:35:00Z,GS-01,Geneva Prime,Europe,-43.75,131.4,71.64,94.43,45.2,67.07,144.37,29.23,Online
2026-04-04T08:35:00Z,GS-06,Tanegashima,Asia Pacific,-64.77,128.22,70.6,85.45,50.13,57.77,18.22,36.07,Online
2026-04-04T08:40:00Z,GS-01,Geneva Prime,Europe,-56.01,130.22,70.79,107.82,43.03,44.89,37.19,33.05,Online
2026-04-04T08:40:00Z,GS-06,Tanegashima,Asia Pacific,-30.84,130.73,75.19,95.33,70.48,68.73,146.51,33.81,Online
2026-04-04T08:45:00Z,GS-01,Geneva Prime,Europe,-76.0,131.12,73.11,92.21,49.65,66.56,120.11,34.48,Online
2026-04-04T08:45:00Z,GS-06,Tanegashima,Asia Pacific,-64.94,128.52,73.27,156.51,39.28,65.49,107.83,32.24,Online
2026-04-04T08:50:00Z,GS-01,Geneva Prime,Europe,-59.9,130.65,67.55,66.64,40.32,68.78,75.87,31.28,Online
2026-04-04T08:50:00Z,GS-06,Tanegashima,Asia Pacific,-73.36,133.81,74.84,131.9,52.27,48.2,65.93,34.97,Online
2026-04-04T08:55:00Z,GS-01,Geneva Prime,Europe,-43.17,130.67,71.56,110.89,35.85,41.53,83.95,30.97,Online
2026-04-04T08:55:00Z,GS-06,Tanegashima,Asia Pacific,-71.76,133.04,71.4,99.73,34.39,58.24,10.0,32.62,Online
2026-04-04T09:00:00Z,GS-01,Geneva Prime,Europe,-102.84,134.42,73.05,68.22,53.6,69.25,10.0,32.02,Online
2026-04-04T09:00:00Z,GS-06,Tanegashima,Asia Pacific,-103.14,134.76,71.2,25.52,68.1,62.29,46.04,34.44,Online
2026-04-04T09:05:00Z,GS-01,Geneva Prime,Europe,-86.93,133.79,66.15,154.03,48.99,65.28,92.04,33.19,Online
2026-04-04T09:05:00Z,GS-06,Tanegashima,Asia Pacific,-58.83,136.79,70.96,81.74,44.44,62.19,84.42,30.12,Online
2026-04-04T09:10:00Z,GS-01,Geneva Prime,Europe,-80.17,139.67,69.65,117.54,31.89,48.21,46.26,32.09,Online
2026-04-04T09:10:00Z,GS-06,Tanegashima,Asia Pacific,-69.98,140.09,70.63,155.47,49.85,40.7,122.24,30.16,Online
2026-04-04T09:15:00Z,GS-01,Geneva Prime,Europe,-56.54,137.2,74.07,143.19,36.1,58.98,89.78,33.81,Online
2026-04-04T09:15:00Z,GS-06,Tanegashima,Asia Pacific,-59.56,136.7,68.35,99.87,95.0,63.42,49.06,33.48,Online
2026-04-04T09:20:00Z,GS-01,Geneva Prime,Europe,-65.8,141.78,74.34,89.24,54.62,54.04,75.51,32.64,Online
2026-04-04T09:20:00Z,GS-06,Tanegashima,Asia Pacific,-62.91,144.93,68.67,117.61,21.84,63.46,125.68,31.8,Online
2026-04-04T09:25:00Z,GS-01,Geneva Prime,Europe,-97.65,141.17,68.81,121.72,69.13,56.96,45.75,30.93,Online
2026-04-04T09:25:00Z,GS-06,Tanegashima,Asia Pacific,-57.03,142.21,67.69,123.36,50.58,60.35,43.9,31.96,Online
2026-04-04T09:30:00Z,GS-01,Geneva Prime,Europe,-96.45,142.97,68.32,105.65,51.05,63.09,75.58,32.83,Online
2026-04-04T09:30:00Z,GS-06,Tanegashima,Asia Pacific,-81.06,141.33,68.36,77.92,55.32,54.73,88.65,32.93,Online
2026-04-04T09:35:00Z,GS-01,Geneva Prime,Europe,-48.81,145.55,69.13,36.82,59.33,72.22,60.72,33.19,Online
2026-04-04T09:35:00Z,GS-06,Tanegashima,Asia Pacific,-73.36,139.85,66.26,83.8,40.74,52.33,50.66,32.82,Online
2026-04-04T09:40:00Z,GS-01,Geneva Prime,Europe,-71.55,146.09,68.57,171.41,58.51,61.94,55.19,33.36,Online
2026-04-04T09:40:00Z,GS-06,Tanegashima,Asia Pacific,-55.1,143.97,68.77,58.06,42.07,64.45,68.5,32.6,Online
2026-04-04T09:45:00Z,GS-01,Geneva Prime,Europe,-62.07,144.58,69.01,69.46,48.82,63.31,42.06,33.1,Online
2026-04-04T09:45:00Z,GS-06,Tanegashima,Asia Pacific,-73.64,149.03,64.39,80.38,64.38,49.14,143.65,33.8,Online
2026-04-04T09:50:00Z,GS-01,Geneva Prime,Europe,-57.9,146.19,67.93,75.27,54.52,53.02,54.22,34.2,Online
2026-04-04T09:50:00Z,GS-06,Tanegashima,Asia Pacific,-47.04,148.69,64.02,86.6,46.88,53.21,134.84,29.46,Online
2026-04-04T09:55:00Z,GS-01,Geneva Prime,Europe,-71.68,147.73,59.88,58.11,52.5,60.24,142.93,35.45,Online
2026-04-04T09:55:00Z,GS-06,Tanegashima,Asia Pacific,-53.5,149.38,65.7,20.35,28.27,60.81,104.64,33.56,Online
2026-04-04T10:00:00Z,GS-01,Geneva Prime,Europe,-73.39,151.87,67.96,128.14,56.88,55.53,123.04,33.41,Online
2026-04-04T10:00:00Z,GS-06,Tanegashima,Asia Pacific,-52.33,150.73,64.76,74.2,44.01,67.89,62.34,34.54,Online
2026-04-04T10:05:00Z,GS-01,Geneva Prime,Europe,-48.94,150.65,67.21,89.33,63.11,63.47,79.37,31.93,Online
2026-04-04T10:05:00Z,GS-06,Tanegashima,Asia Pacific,-61.32,150.84,61.91,93.47,35.35,64.69,132.25,31.42,Online
2026-04-04T10:10:00Z,GS-01,Geneva Prime,Europe,-34.32,152.24,61.9,122.73,39.64,59.35,63.83,32.1,Online
2026-04-04T10:10:00Z,GS-06,Tanegashima,Asia Pacific,-49.14,151.93,60.98,116.53,30.53,50.77,127.7,31.53,Online
2026-04-04T10:15:00Z,GS-01,Geneva Prime,Europe,-94.75,155.0,62.66,93.47,41.23,61.85,49.89,35.6,Online
2026-04-04T10:15:00Z,GS-06,Tanegashima,Asia Pacific,-82.14,154.64,64.55,77.21,32.72,68.14,40.37,32.47,Online
2026-04-04T10:20:00Z,GS-01,Geneva Prime,Europe,-46.69,155.07,59.08,152.41,38.64,56.78,90.23,34.38,Online
2026-04-04T10:20:00Z,GS-06,Tanegashima,Asia Pacific,-30.58,151.68,64.33,122.29,43.35,66.3,117.37,31.36,Online
2026-04-04T10:25:00Z,GS-01,Geneva Prime,Europe,-33.75,153.13,59.81,92.15,68.1,57.53,78.72,35.64,Online
2026-04-04T10:25:00Z,GS-06,Tanegashima,Asia Pacific,-64.5,153.89,61.25,141.12,45.85,75.45,109.52,32.52,Online
2026-04-04T10:30:00Z,GS-01,Geneva Prime,Europe,-59.23,155.79,60.14,234.37,57.22,66.89,55.07,35.9,Online
2026-04-04T10:30:00Z,GS-06,Tanegashima,Asia Pacific,-43.51,161.26,65.15,55.63,31.68,51.97,42.24,34.03,Online
2026-04-04T10:35:00Z,GS-01,Geneva Prime,Europe,-68.5,162.9,64.68,99.81,68.46,71.91,61.97,30.58,Online
2026-04-04T10:35:00Z,GS-06,Tanegashima,Asia Pacific,-63.27,157.46,61.29,102.68,45.76,64.19,31.5,34.21,Online
2026-04-04T10:40:00Z,GS-01,Geneva Prime,Europe,-66.59,160.4,62.18,63.27,41.62,59.05,59.43,34.99,Online
2026-04-04T10:40:00Z,GS-06,Tanegashima,Asia Pacific,-70.81,158.89,58.84,132.76,39.09,63.68,159.03,33.53,Online
2026-04-04T10:45:00Z,GS-01,Geneva Prime,Europe,-43.32,164.59,61.7,99.5,52.71,49.7,48.8,32.77,Degraded
2026-04-04T10:45:00Z,GS-06,Tanegashima,Asia Pacific,-30.0,159.62,57.99,68.68,51.72,61.14,123.47,34.69,Online
2026-04-04T10:50:00Z,GS-01,Geneva Prime,Europe,-80.71,160.89,61.75,93.9,59.25,58.8,41.29,33.27,Online
2026-04-04T10:50:00Z,GS-06,Tanegashima,Asia Pacific,-74.52,161.37,59.42,115.35,25.92,59.86,56.54,32.75,Online
2026-04-04T10:55:00Z,GS-01,Geneva Prime,Europe,-58.01,162.65,61.16,135.64,59.18,56.04,41.5,33.88,Online
2026-04-04T10:55:00Z,GS-06,Tanegashima,Asia Pacific,-62.26,162.53,56.04,98.75,40.15,65.51,106.6,35.41,Online
2026-04-04T11:00:00Z,GS-01,Geneva Prime,Europe,-78.89,165.8,56.31,63.39,39.86,68.55,65.11,36.14,Online
2026-04-04T11:00:00Z,GS-06,Tanegashima,Asia Pacific,-51.77,164.21,60.08,113.36,33.81,74.87,90.38,33.82,Online
2026-04-04T11:05:00Z,GS-01,Geneva Prime,Europe,-72.83,168.61,58.17,118.88,38.91,66.67,116.47,32.82,Online
2026-04-04T11:05:00Z,GS-06,Tanegashima,Asia Pacific,-81.25,167.41,53.98,104.56,39.63,69.75,64.29,35.49,Online
2026-04-04T11:10:00Z,GS-01,Geneva Prime,Europe,-67.71,169.5,60.61,67.96,48.5,80.0,82.66,33.95,Online
2026-04-04T11:10:00Z,GS-06,Tanegashima,Asia Pacific,-48.17,167.58,53.08,133.97,20.96,56.67,128.3,33.32,Online
2026-04-04T11:15:00Z,GS-01,Geneva Prime,Europe,-70.41,170.51,54.15,63.33,48.29,58.54,30.25,34.84,Online
2026-04-04T11:15:00Z,GS-06,Tanegashima,Asia Pacific,-53.03,168.03,55.27,114.11,59.28,57.74,106.19,34.73,Online
2026-04-04T11:20:00Z,GS-01,Geneva Prime,Europe,-46.81,170.08,53.38,86.13,49.11,74.55,60.64,35.12,Online
2026-04-04T11:20:00Z,GS-06,Tanegashima,Asia Pacific,-64.92,170.22,58.24,122.93,30.1,55.42,130.25,34.12,Online
2026-04-04T11:25:00Z,GS-01,Geneva Prime,Europe,-77.23,169.61,55.97,129.83,45.21,79.8,112.97,33.56,Online
2026-04-04T11:25:00Z,GS-06,Tanegashima,Asia Pacific,-72.24,169.3,55.23,85.34,65.08,71.73,105.32,32.16,Online
2026-04-04T11:30:00Z,GS-01,Geneva Prime,Europe,-70.08,175.01,52.79,133.66,50.7,60.41,51.89,33.81,Online
2026-04-04T11:30:00Z,GS-06,Tanegashima,Asia Pacific,-57.16,174.57,52.14,92.12,45.54,65.3,43.66,31.97,Online
2026-04-04T11:35:00Z,GS-01,Geneva Prime,Europe,-49.89,170.71,55.84,95.32,26.43,56.16,95.16,33.17,Online
2026-04-04T11:35:00Z,GS-06,Tanegashima,Asia Pacific,-59.7,175.23,52.86,71.89,41.41,71.32,147.4,30.93,Online
2026-04-04T11:40:00Z,GS-01,Geneva Prime,Europe,-43.63,175.5,54.46,83.49,23.78,64.68,42.36,31.89,Online
2026-04-04T11:40:00Z,GS-06,Tanegashima,Asia Pacific,-79.78,176.2,52.89,123.47,53.03,56.63,77.18,33.21,Online
2026-04-04T11:45:00Z,GS-01,Geneva Prime,Europe,-63.15,174.32,52.74,132.25,35.2,70.25,84.54,34.35,Online
2026-04-04T11:45:00Z,GS-06,Tanegashima,Asia Pacific,-85.49,172.64,52.25,123.69,36.94,73.36,109.4,32.62,Online
2026-04-04T11:50:00Z,GS-01,Geneva Prime,Europe,-59.54,182.45,48.82,115.85,80.46,65.66,130.69,33.41,Online
2026-04-04T11:50:00Z,GS-06,Tanegashima,Asia Pacific,-43.22,181.94,51.44,123.55,37.91,60.15,72.93,35.19,Online
2026-04-04T11:55:00Z,GS-01,Geneva Prime,Europe,-41.93,178.53,53.72,145.9,55.16,55.87,55.53,32.78,Online
2026-04-04T11:55:00Z,GS-06,Tanegashima,Asia Pacific,-45.76,176.33,52.01,67.57,54.88,60.14,133.35,35.71,Online
2026-04-04T12:00:00Z,GS-01,Geneva Prime,Europe,-38.47,182.92,50.29,65.24,32.37,43.31,36.65,34.1,Online
2026-04-04T12:00:00Z,GS-06,Tanegashima,Asia Pacific,-68.39,179.64,50.99,90.88,31.54,59.57,44.06,33.59,Online
2026-04-04T12:05:00Z,GS-01,Geneva Prime,Europe,-39.86,180.71,52.89,142.95,38.05,51.11,77.9,35.73,Online
2026-04-04T12:05:00Z,GS-06,Tanegashima,Asia Pacific,-67.35,183.07,51.76,76.78,36.89,65.7,86.07,32.97,Online
2026-04-04T12:10:00Z,GS-01,Geneva Prime,Europe,-65.28,182.36,45.56,122.97,39.26,40.0,79.05,32.88,Online
2026-04-04T12:10:00Z,GS-06,Tanegashima,Asia Pacific,-34.67,181.33,46.5,115.24,37.07,53.76,100.38,32.43,Degraded
2026-04-04T12:15:00Z,GS-01,Geneva Prime,Europe,-81.86,187.2,49.2,92.07,44.96,64.05,118.93,32.85,Online
2026-04-04T12:15:00Z,GS-06,Tanegashima,Asia Pacific,-54.51,182.74,47.66,104.82,44.92,65.88,99.48,31.72,Online
2026-04-04T12:20:00Z,GS-01,Geneva Prime,Europe,-80.37,184.26,51.04,74.45,42.5,55.71,57.84,34.24,Online
2026-04-04T12:20:00Z,GS-06,Tanegashima,Asia Pacific,-38.99,185.91,45.78,182.6,45.94,55.38,136.48,33.27,Online
2026-04-04T12:25:00Z,GS-01,Geneva Prime,Europe,-35.06,184.51,49.59,106.03,60.49,75.21,34.7,35.88,Online
2026-04-04T12:25:00Z,GS-06,Tanegashima,Asia Pacific,-81.13,184.16,45.13,115.11,45.4,58.66,85.85,34.85,Online
2026-04-04T12:30:00Z,GS-01,Geneva Prime,Europe,-49.98,189.69,49.72,99.36,38.75,64.91,34.23,32.93,Online
2026-04-04T12:30:00Z,GS-06,Tanegashima,Asia Pacific,-45.01,187.25,43.67,55.31,45.58,69.14,125.14,34.11,Online
2026-04-04T12:35:00Z,GS-01,Geneva Prime,Europe,-30.0,188.54,45.16,22.98,39.63,66.82,142.56,32.68,Online
2026-04-04T12:35:00Z,GS-06,Tanegashima,Asia Pacific,-53.07,190.84,45.46,31.5,47.97,66.09,42.1,33.55,Online
2026-04-04T12:40:00Z,GS-01,Geneva Prime,Europe,-77.33,184.86,46.84,99.89,64.17,66.86,65.83,33.78,Online
2026-04-04T12:40:00Z,GS-06,Tanegashima,Asia Pacific,-51.51,191.93,45.44,133.17,41.44,52.02,77.41,34.22,Online
2026-04-04T12:45:00Z,GS-01,Geneva Prime,Europe,-78.02,188.58,45.04,87.81,43.01,57.12,140.82,35.78,Online
2026-04-04T12:45:00Z,GS-06,Tanegashima,Asia Pacific,-78.56,190.18,45.85,118.06,44.5,50.9,52.7,33.11,Online
2026-04-04T12:50:00Z,GS-01,Geneva Prime,Europe,-55.85,195.91,42.13,69.22,43.7,68.25,22.12,36.04,Online
2026-04-04T12:50:00Z,GS-06,Tanegashima,Asia Pacific,-62.58,191.03,40.31,121.2,42.95,61.37,43.97,33.38,Online
2026-04-04T12:55:00Z,GS-01,Geneva Prime,Europe,-67.3,193.55,41.53,53.97,77.74,49.09,87.26,31.17,Online
2026-04-04T12:55:00Z,GS-06,Tanegashima,Asia Pacific,-89.96,193.95,43.22,137.84,49.79,58.8,42.02,36.08,Online
2026-04-04T13:00:00Z,GS-01,Geneva Prime,Europe,-46.07,192.51,42.31,104.32,40.85,66.17,113.27,33.51,Online
2026-04-04T13:00:00Z,GS-06,Tanegashima,Asia Pacific,-64.21,198.0,44.1,102.17,25.45,62.75,107.92,29.66,Online
2026-04-04T13:05:00Z,GS-01,Geneva Prime,Europe,-56.22,195.42,41.16,72.78,43.22,71.14,62.14,35.21,Degraded
2026-04-04T13:05:00Z,GS-06,Tanegashima,Asia Pacific,-72.09,197.77,41.61,110.56,45.09,65.13,10.0,31.63,Online
2026-04-04T13:10:00Z,GS-01,Geneva Prime,Europe,-53.74,193.41,39.92,98.37,35.06,54.47,90.86,35.24,Online
2026-04-04T13:10:00Z,GS-06,Tanegashima,Asia Pacific,-74.38,196.35,39.52,27.36,46.7,67.48,120.67,32.42,Online
2026-04-04T13:15:00Z,GS-01,Geneva Prime,Europe,-78.78,198.79,42.02,104.65,48.47,69.13,50.43,33.35,Online
2026-04-04T13:15:00Z,GS-06,Tanegashima,Asia Pacific,-35.48,198.36,37.82,79.92,33.74,62.86,44.16,34.09,Online
2026-04-04T13:20:00Z,GS-01,Geneva Prime,Europe,-71.04,195.75,40.35,104.45,51.21,54.62,48.82,34.24,Online
2026-04-04T13:20:00Z,GS-06,Tanegashima,Asia Pacific,-37.21,200.02,40.59,90.35,26.48,67.74,116.34,34.7,Online
2026-04-04T13:25:00Z,GS-01,Geneva Prime,Europe,-62.73,202.44,40.91,148.6,56.86,60.51,27.67,33.83,Online
2026-04-04T13:25:00Z,GS-06,Tanegashima,Asia Pacific,-56.15,202.67,41.83,97.15,70.21,45.93,96.77,32.39,Online
2026-04-04T13:30:00Z,GS-01,Geneva Prime,Europe,-88.61,202.1,35.61,95.16,45.42,68.95,19.7,34.91,Online
2026-04-04T13:30:00Z,GS-06,Tanegashima,Asia Pacific,-58.53,204.56,37.66,60.03,30.39,49.67,99.11,35.76,Online
2026-04-04T13:35:00Z,GS-01,Geneva Prime,Europe,-68.47,205.01,34.87,105.41,53.02,48.42,71.84,34.57,Online
2026-04-04T13:35:00Z,GS-06,Tanegashima,Asia Pacific,-104.01,206.42,38.62,121.5,40.05,46.22,101.36,33.37,Online
2026-04-04T13:40:00Z,GS-01,Geneva Prime,Europe,-59.52,207.18,38.85,157.64,46.85,54.47,72.46,34.06,Online
2026-04-04T13:40:00Z,GS-06,Tanegashima,Asia Pacific,-44.76,202.07,37.34,148.29,42.12,67.45,99.72,34.87,Online
2026-04-04T13:45:00Z,GS-01,Geneva Prime,Europe,-72.15,204.64,36.77,54.03,41.76,62.02,151.39,33.99,Online
2026-04-04T13:45:00Z,GS-06,Tanegashima,Asia Pacific,-50.62,208.58,34.8,95.05,74.1,59.37,124.66,34.83,Online
2026-04-04T13:50:00Z,GS-01,Geneva Prime,Europe,-82.17,208.12,36.44,109.9,35.95,51.06,60.96,33.18,Online
2026-04-04T13:50:00Z,GS-06,Tanegashima,Asia Pacific,-42.23,211.13,38.94,125.81,32.95,56.73,88.4,32.37,Online
2026-04-04T13:55:00Z,GS-01,Geneva Prime,Europe,-51.34,210.19,36.64,130.75,34.14,67.46,52.17,31.85,Online
2026-04-04T13:55:00Z,GS-06,Tanegashima,Asia Pacific,-52.02,211.18,36.55,100.62,48.72,61.09,34.96,31.4,Online
2026-04-04T14:00:00Z,GS-01,Geneva Prime,Europe,-61.18,210.16,35.02,120.28,42.41,64.5,74.22,35.93,Online
2026-04-04T14:00:00Z,GS-06,Tanegashima,Asia Pacific,-58.79,214.68,35.7,93.59,34.21,48.46,40.34,31.88,Online
2026-04-04T14:05:00Z,GS-01,Geneva Prime,Europe,-54.08,210.2,34.81,138.46,43.95,76.63,32.97,32.9,Online
2026-04-04T14:05:00Z,GS-06,Tanegashima,Asia Pacific,-68.09,213.12,29.96,56.71,43.71,72.41,89.03,31.1,Online
2026-04-04T14:10:00Z,GS-01,Geneva Prime,Europe,-77.96,215.85,32.64,71.71,62.73,68.09,130.96,31.64,Online
2026-04-04T14:10:00Z,GS-06,Tanegashima,Asia Pacific,-82.88,212.77,34.55,110.94,62.74,46.13,114.39,31.42,Online
2026-04-04T14:15:00Z,GS-01,Geneva Prime,Europe,-47.16,212.8,31.7,81.7,27.65,60.32,49.09,34.17,Online
2026-04-04T14:15:00Z,GS-06,Tanegashima,Asia Pacific,-50.4,217.13,34.07,115.62,61.8,54.98,20.47,33.29,Online
2026-04-04T14:20:00Z,GS-01,Geneva Prime,Europe,-81.34,219.91,35.7,164.92,45.75,64.4,61.62,34.24,Online
2026-04-04T14:20:00Z,GS-06,Tanegashima,Asia Pacific,-78.23,209.91,31.21,56.34,62.74,74.53,23.88,34.85,Online
2026-04-04T14:25:00Z,GS-01,Geneva Prime,Europe,-45.73,213.11,31.48,82.6,53.98,50.17,76.05,31.81,Online
2026-04-04T14:25:00Z,GS-06,Tanegashima,Asia Pacific,-52.9,215.82,31.19,93.6,69.43,56.66,38.36,33.71,Online
2026-04-04T14:30:00Z,GS-01,Geneva Prime,Europe,-62.15,214.67,36.2,89.43,40.47,61.28,149.2,30.24,Online
2026-04-04T14:30:00Z,GS-06,Tanegashima,Asia Pacific,-55.86,221.67,31.99,62.94,37.58,61.66,133.23,32.25,Online
2026-04-04T14:35:00Z,GS-01,Geneva Prime,Europe,-47.6,215.88,28.33,85.52,62.26,60.55,91.59,33.1,Online
2026-04-04T14:35:00Z,GS-06,Tanegashima,Asia Pacific,-43.36,217.53,32.6,75.07,68.8,53.6,44.7,33.5,Online
2026-04-04T14:40:00Z,GS-01,Geneva Prime,Europe,-58.8,220.65,31.17,67.29,64.36,67.15,134.36,31.8,Online
2026-04-04T14:40:00Z,GS-06,Tanegashima,Asia Pacific,-53.75,220.39,32.97,134.81,47.32,47.86,151.19,33.43,Maintenance
2026-04-04T14:45:00Z,GS-01,Geneva Prime,Europe,-69.13,222.06,27.2,131.66,27.35,58.23,89.78,34.07,Degraded
2026-04-04T14:45:00Z,GS-06,Tanegashima,Asia Pacific,-58.4,222.52,30.16,99.03,46.03,58.49,12.54,31.36,Online
2026-04-04T14:50:00Z,GS-01,Geneva Prime,Europe,-56.33,222.0,29.42,90.3,59.71,56.06,67.73,32.43,Online
2026-04-04T14:50:00Z,GS-06,Tanegashima,Asia Pacific,-54.1,222.14,27.67,58.06,76.17,50.96,59.25,33.2,Online
2026-04-04T14:55:00Z,GS-01,Geneva Prime,Europe,-54.59,224.79,28.37,107.16,45.74,57.5,89.82,33.92,Degraded
2026-04-04T14:55:00Z,GS-06,Tanegashima,Asia Pacific,-60.33,223.72,31.39,128.84,64.01,45.95,116.2,33.24,Online
2026-04-04T15:00:00Z,GS-01,Geneva Prime,Europe,-73.28,225.5,30.89,75.13,50.31,66.97,37.16,32.03,Online
2026-04-04T15:00:00Z,GS-06,Tanegashima,Asia Pacific,-55.49,223.41,27.03,95.95,54.62,65.15,45.54,33.22,Online
2026-04-04T15:05:00Z,GS-01,Geneva Prime,Europe,-72.54,223.03,27.59,133.69,52.87,59.99,63.33,31.56,Online
2026-04-04T15:05:00Z,GS-06,Tanegashima,Asia Pacific,-58.37,224.11,27.63,93.53,28.79,53.29,96.42,32.16,Online
2026-04-04T15:10:00Z,GS-01,Geneva Prime,Europe,-64.63,225.68,31.04,74.86,48.02,56.1,81.45,32.74,Online
2026-04-04T15:10:00Z,GS-06,Tanegashima,Asia Pacific,-80.55,227.49,30.26,152.85,43.44,60.33,168.45,33.76,Online
2026-04-04T15:15:00Z,GS-01,Geneva Prime,Europe,-69.26,227.51,29.36,69.67,58.05,62.67,100.71,31.57,Online
2026-04-04T15:15:00Z,GS-06,Tanegashima,Asia Pacific,-69.45,231.67,26.95,87.67,44.04,61.54,38.77,31.11,Online
2026-04-04T15:20:00Z,GS-01,Geneva Prime,Europe,-69.27,231.69,25.25,47.33,21.39,48.24,134.46,31.88,Online
2026-04-04T15:20:00Z,GS-06,Tanegashima,Asia Pacific,-52.48,231.07,27.13,97.76,57.53,61.17,135.96,32.79,Online
2026-04-04T15:25:00Z,GS-01,Geneva Prime,Europe,-69.27,230.26,25.15,136.53,40.14,53.61,92.79,31.61,Online
2026-04-04T15:25:00Z,GS-06,Tanegashima,Asia Pacific,-55.58,235.03,28.43,100.81,28.1,56.0,108.44,30.0,Maintenance
2026-04-04T15:30:00Z,GS-01,Geneva Prime,Europe,-30.0,232.53,26.3,80.0,50.96,50.74,166.6,33.63,Online
2026-04-04T15:30:00Z,GS-06,Tanegashima,Asia Pacific,-45.24,229.72,26.61,136.27,52.12,51.98,54.0,30.97,Online
2026-04-04T15:35:00Z,GS-01,Geneva Prime,Europe,-69.05,236.81,21.96,119.68,29.49,52.31,10.0,30.72,Online
2026-04-04T15:35:00Z,GS-06,Tanegashima,Asia Pacific,-37.34,234.28,23.41,130.51,59.78,60.83,161.39,32.78,Online
2026-04-04T15:40:00Z,GS-01,Geneva Prime,Europe,-49.76,233.39,26.68,106.5,76.44,54.52,85.12,30.22,Online
2026-04-04T15:40:00Z,GS-06,Tanegashima,Asia Pacific,-92.21,237.0,22.42,103.22,49.0,62.61,68.68,31.85,Maintenance
2026-04-04T15:45:00Z,GS-01,Geneva Prime,Europe,-52.94,237.72,28.52,107.03,45.77,52.75,97.44,32.33,Online
2026-04-04T15:45:00Z,GS-06,Tanegashima,Asia Pacific,-62.88,237.34,24.47,120.13,55.95,67.19,84.71,29.77,Online
2026-04-04T15:50:00Z,GS-01,Geneva Prime,Europe,-69.18,238.69,29.6,89.78,50.47,55.55,41.04,30.21,Online
2026-04-04T15:50:00Z,GS-06,Tanegashima,Asia Pacific,-91.24,240.21,20.24,92.09,30.86,52.92,135.06,31.53,Online
2026-04-04T15:55:00Z,GS-01,Geneva Prime,Europe,-74.48,237.57,22.82,98.69,47.07,75.16,10.0,31.06,Online
2026-04-04T15:55:00Z,GS-06,Tanegashima,Asia Pacific,-64.73,240.64,25.06,117.71,49.14,52.54,128.45,32.31,Online
2026-04-04T16:00:00Z,GS-01,Geneva Prime,Europe,-46.27,242.53,24.85,144.43,49.53,58.25,79.74,30.96,Online
2026-04-04T16:00:00Z,GS-06,Tanegashima,Asia Pacific,-67.79,243.26,24.61,102.84,49.66,80.0,34.73,29.73,Online
2026-04-04T16:05:00Z,GS-01,Geneva Prime,Europe,-80.71,240.78,24.19,86.04,38.52,61.14,59.92,31.35,Online
2026-04-04T16:05:00Z,GS-06,Tanegashima,Asia Pacific,-43.29,242.6,25.46,132.58,48.39,58.73,49.11,30.3,Online
2026-04-04T16:10:00Z,GS-01,Geneva Prime,Europe,-67.86,243.96,24.08,120.9,31.08,71.45,62.92,29.12,Online
2026-04-04T16:10:00Z,GS-06,Tanegashima,Asia Pacific,-66.59,247.47,22.61,90.25,42.69,58.81,48.74,30.99,Online
2026-04-04T16:15:00Z,GS-01,Geneva Prime,Europe,-43.87,244.38,20.87,89.67,38.38,60.42,133.22,30.43,Online
2026-04-04T16:15:00Z,GS-06,Tanegashima,Asia Pacific,-61.32,247.31,24.85,117.22,95.0,63.92,10.0,31.9,Online
2026-04-04T16:20:00Z,GS-01,Geneva Prime,Europe,-83.88,245.9,19.38,85.99,40.63,53.84,66.05,32.08,Online
2026-04-04T16:20:00Z,GS-06,Tanegashima,Asia Pacific,-70.71,246.09,20.88,94.32,48.89,52.03,27.53,31.27,Online
2026-04-04T16:25:00Z,GS-01,Geneva Prime,Europe,-43.15,246.09,21.63,104.67,45.67,61.94,10.0,28.81,Online
2026-04-04T16:25:00Z,GS-06,Tanegashima,Asia Pacific,-72.68,246.55,22.91,119.09,48.09,49.59,137.88,32.32,Online
2026-04-04T16:30:00Z,GS-01,Geneva Prime,Europe,-78.87,248.17,21.09,104.17,57.64,77.04,110.05,30.74,Degraded
2026-04-04T16:30:00Z,GS-06,Tanegashima,Asia Pacific,-65.1,247.86,25.0,98.66,34.37,47.04,100.52,30.67,Online
2026-04-04T16:35:00Z,GS-01,Geneva Prime,Europe,-69.69,250.8,21.2,95.96,44.8,57.19,89.43,31.9,Online
2026-04-04T16:35:00Z,GS-06,Tanegashima,Asia Pacific,-77.14,249.73,22.38,104.61,55.46,60.39,99.21,31.25,Online
2026-04-04T16:40:00Z,GS-01,Geneva Prime,Europe,-67.57,250.6,21.31,96.02,41.14,63.77,83.27,30.64,Online
2026-04-04T16:40:00Z,GS-06,Tanegashima,Asia Pacific,-60.26,246.79,21.87,101.91,47.91,55.25,32.18,30.99,Online
2026-04-04T16:45:00Z,GS-01,Geneva Prime,Europe,-64.1,251.59,21.03,99.82,39.61,52.26,98.95,29.02,Online
2026-04-04T16:45:00Z,GS-06,Tanegashima,Asia Pacific,-57.54,252.07,20.42,63.88,74.11,55.78,104.94,32.84,Online
2026-04-04T16:50:00Z,GS-01,Geneva Prime,Europe,-48.15,251.9,21.25,75.02,55.58,64.53,59.42,28.24,Online
2026-04-04T16:50:00Z,GS-06,Tanegashima,Asia Pacific,-79.82,254.47,21.63,106.45,35.12,48.29,118.5,29.87,Online
2026-04-04T16:55:00Z,GS-01,Geneva Prime,Europe,-46.39,252.98,20.72,121.4,53.79,66.38,68.19,30.6,Online
2026-04-04T16:55:00Z,GS-06,Tanegashima,Asia Pacific,-43.36,253.54,20.17,140.28,37.15,65.04,77.66,26.92,Online
2026-04-04T17:00:00Z,GS-01,Geneva Prime,Europe,-43.07,249.48,17.05,115.82,51.32,54.9,85.91,25.76,Online
2026-04-04T17:00:00Z,GS-06,Tanegashima,Asia Pacific,-49.4,255.5,20.93,100.63,50.92,59.77,10.0,32.85,Online
2026-04-04T17:05:00Z,GS-01,Geneva Prime,Europe,-41.99,253.68,20.17,92.92,57.95,42.73,60.04,26.79,Online
2026-04-04T17:05:00Z,GS-06,Tanegashima,Asia Pacific,-64.28,255.3,21.02,81.85,35.99,64.96,98.19,30.25,Online
2026-04-04T17:10:00Z,GS-01,Geneva Prime,Europe,-62.65,256.36,20.47,115.03,20.0,63.15,92.37,29.39,Online
2026-04-04T17:10:00Z,GS-06,Tanegashima,Asia Pacific,-62.24,252.37,19.83,153.68,45.15,57.54,80.68,29.83,Online
2026-04-04T17:15:00Z,GS-01,Geneva Prime,Europe,-50.12,258.29,21.43,150.3,57.08,78.72,53.73,31.68,Online
2026-04-04T17:15:00Z,GS-06,Tanegashima,Asia Pacific,-71.86,259.46,22.04,84.68,46.06,67.28,51.59,31.67,Online
2026-04-04T17:20:00Z,GS-01,Geneva Prime,Europe,-80.77,263.88,22.46,97.31,40.17,55.94,74.57,28.97,Online
2026-04-04T17:20:00Z,GS-06,Tanegashima,Asia Pacific,-41.17,263.94,20.85,74.63,38.45,58.54,38.8,27.27,Online
2026-04-04T17:25:00Z,GS-01,Geneva Prime,Europe,-30.0,261.86,18.68,124.5,30.86,51.23,47.88,31.39,Online
2026-04-04T17:25:00Z,GS-06,Tanegashima,Asia Pacific,-63.79,256.37,22.77,90.81,22.81,57.47,100.84,29.52,Online
2026-04-04T17:30:00Z,GS-01,Geneva Prime,Europe,-33.02,260.79,20.35,79.01,26.49,67.08,98.53,29.21,Online
2026-04-04T17:30:00Z,GS-06,Tanegashima,Asia Pacific,-53.6,261.13,18.25,101.13,58.93,72.86,111.82,28.83,Online
2026-04-04T17:35:00Z,GS-01,Geneva Prime,Europe,-55.95,263.77,18.13,100.74,28.98,59.01,145.44,29.89,Online
2026-04-04T17:35:00Z,GS-06,Tanegashima,Asia Pacific,-73.85,263.61,18.51,98.12,57.49,65.22,179.37,30.44,Online
2026-04-04T17:40:00Z,GS-01,Geneva Prime,Europe,-56.94,266.35,19.71,66.17,60.67,68.07,70.36,28.93,Online
2026-04-04T17:40:00Z,GS-06,Tanegashima,Asia Pacific,-41.39,266.69,17.19,107.31,42.99,68.9,121.24,30.5,Online
2026-04-04T17:45:00Z,GS-01,Geneva Prime,Europe,-76.77,264.68,22.29,82.25,26.74,64.26,58.11,31.08,Online
2026-04-04T17:45:00Z,GS-06,Tanegashima,Asia Pacific,-55.56,266.57,19.33,147.73,49.3,56.73,48.24,28.28,Online
2026-04-04T17:50:00Z,GS-01,Geneva Prime,Europe,-74.66,269.56,16.41,95.81,52.32,62.74,51.31,29.25,Online
2026-04-04T17:50:00Z,GS-06,Tanegashima,Asia Pacific,-73.29,267.46,21.33,113.89,36.9,69.58,83.47,29.38,Online
2026-04-04T17:55:00Z,GS-01,Geneva Prime,Europe,-37.06,270.99,22.25,105.78,54.53,61.71,31.63,28.59,Online
2026-04-04T17:55:00Z,GS-06,Tanegashima,Asia Pacific,-56.15,269.92,19.75,77.16,74.41,49.49,138.35,27.78,Online
2026-04-04T18:00:00Z,GS-01,Geneva Prime,Europe,-56.32,271.12,21.18,57.73,54.89,62.43,54.59,26.88,Online
2026-04-04T18:00:00Z,GS-06,Tanegashima,Asia Pacific,-65.01,267.4,23.44,144.58,50.42,58.21,72.12,29.14,Online
2026-04-04T18:05:00Z,GS-01,Geneva Prime,Europe,-33.63,270.11,17.77,146.43,23.55,51.93,70.13,25.53,Online
2026-04-04T18:05:00Z,GS-06,Tanegashima,Asia Pacific,-43.32,272.96,18.86,138.39,62.39,59.09,61.97,31.26,Online
2026-04-04T18:10:00Z,GS-01,Geneva Prime,Europe,-49.18,273.01,22.76,109.06,38.93,60.64,121.55,24.75,Online
2026-04-04T18:10:00Z,GS-06,Tanegashima,Asia Pacific,-64.32,275.27,19.0,146.38,61.98,59.48,57.26,27.31,Online
2026-04-04T18:15:00Z,GS-01,Geneva Prime,Europe,-30.0,277.5,20.32,81.76,46.4,61.95,30.27,27.73,Online
2026-04-04T18:15:00Z,GS-06,Tanegashima,Asia Pacific,-40.16,270.15,21.72,141.24,38.27,73.55,52.39,28.27,Online
2026-04-04T18:20:00Z,GS-01,Geneva Prime,Europe,-64.6,274.39,18.88,120.96,55.19,59.48,25.6,28.08,Online
2026-04-04T18:20:00Z,GS-06,Tanegashima,Asia Pacific,-53.67,274.57,23.85,53.08,20.0,54.15,108.42,25.89,Online
2026-04-04T18:25:00Z,GS-01,Geneva Prime,Europe,-74.71,278.15,21.1,111.31,54.38,56.6,64.84,28.56,Online
2026-04-04T18:25:00Z,GS-06,Tanegashima,Asia Pacific,-80.17,271.96,19.31,127.93,48.07,66.86,10.0,27.82,Online
2026-04-04T18:30:00Z,GS-01,Geneva Prime,Europe,-50.19,274.8,21.98,96.65,81.86,42.58,134.76,26.63,Online
2026-04-04T18:30:00Z,GS-06,Tanegashima,Asia Pacific,-84.26,276.45,20.81,131.12,65.66,71.38,41.38,28.91,Online
2026-04-04T18:35:00Z,GS-01,Geneva Prime,Europe,-54.13,277.44,19.93,78.7,45.45,54.16,38.88,27.81,Online
2026-04-04T18:35:00Z,GS-06,Tanegashima,Asia Pacific,-50.57,278.37,23.08,92.19,41.37,65.28,74.7,27.21,Online
2026-04-04T18:40:00Z,GS-01,Geneva Prime,Europe,-97.81,280.03,16.8,63.37,28.98,51.66,58.05,26.23,Online
2026-04-04T18:40:00Z,GS-06,Tanegashima,Asia Pacific,-50.04,280.44,16.65,102.5,48.82,57.37,77.56,27.24,Online
2026-04-04T18:45:00Z,GS-01,Geneva Prime,Europe,-48.53,278.1,20.09,145.25,62.0,66.81,101.47,29.31,Degraded
2026-04-04T18:45:00Z,GS-06,Tanegashima,Asia Pacific,-31.23,280.99,18.64,91.89,82.16,47.45,61.18,24.71,Online
2026-04-04T18:50:00Z,GS-01,Geneva Prime,Europe,-58.13,280.09,20.49,41.5,52.41,69.78,64.64,26.5,Degraded
2026-04-04T18:50:00Z,GS-06,Tanegashima,Asia Pacific,-62.45,282.86,20.63,123.04,59.8,53.49,67.63,28.05,Online
2026-04-04T18:55:00Z,GS-01,Geneva Prime,Europe,-81.33,279.81,21.31,114.89,36.33,55.37,49.59,25.27,Online
2026-04-04T18:55:00Z,GS-06,Tanegashima,Asia Pacific,-49.6,281.39,20.33,72.84,27.54,66.96,59.21,26.86,Online
2026-04-04T19:00:00Z,GS-01,Geneva Prime,Europe,-82.62,283.52,22.53,177.62,43.52,58.39,96.49,25.52,Online
2026-04-04T19:00:00Z,GS-06,Tanegashima,Asia Pacific,-47.26,283.27,21.33,84.34,59.63,54.59,65.93,27.87,Online
2026-04-04T19:05:00Z,GS-01,Geneva Prime,Europe,-75.42,286.39,17.55,67.36,49.59,52.07,58.22,27.06,Online
2026-04-04T19:05:00Z,GS-06,Tanegashima,Asia Pacific,-68.69,287.9,21.63,113.07,59.89,62.56,141.55,27.69,Online
2026-04-04T19:10:00Z,GS-01,Geneva Prime,Europe,-67.85,290.09,21.92,88.16,48.34,68.9,98.2,28.93,Online
2026-04-04T19:10:00Z,GS-06,Tanegashima,Asia Pacific,-43.7,288.55,19.34,94.61,45.86,65.57,105.49,26.45,Online
2026-04-04T19:15:00Z,GS-01,Geneva Prime,Europe,-58.19,290.19,19.87,150.87,20.43,71.64,78.19,27.58,Online
2026-04-04T19:15:00Z,GS-06,Tanegashima,Asia Pacific,-54.54,289.44,22.7,124.27,64.38,68.28,36.62,26.06,Online
2026-04-04T19:20:00Z,GS-01,Geneva Prime,Europe,-47.46,291.99,22.73,88.2,55.76,54.65,150.06,25.82,Degraded
2026-04-04T19:20:00Z,GS-06,Tanegashima,Asia Pacific,-83.09,287.61,21.9,104.19,68.64,51.69,81.58,24.36,Online
2026-04-04T19:25:00Z,GS-01,Geneva Prime,Europe,-67.39,294.62,19.77,117.61,49.71,59.81,100.78,24.09,Online
2026-04-04T19:25:00Z,GS-06,Tanegashima,Asia Pacific,-35.16,295.1,22.13,172.69,40.21,63.2,137.28,25.14,Online
2026-04-04T19:30:00Z,GS-01,Geneva Prime,Europe,-80.72,289.28,26.41,84.13,42.77,51.1,117.93,24.53,Online
2026-04-04T19:30:00Z,GS-06,Tanegashima,Asia Pacific,-67.37,293.1,20.16,94.64,61.83,63.43,85.22,26.03,Online
2026-04-04T19:35:00Z,GS-01,Geneva Prime,Europe,-65.84,297.74,20.92,106.33,46.38,68.07,124.13,25.54,Online
2026-04-04T19:35:00Z,GS-06,Tanegashima,Asia Pacific,-55.64,294.41,18.0,52.33,37.74,55.51,32.03,26.71,Online
2026-04-04T19:40:00Z,GS-01,Geneva Prime,Europe,-59.97,294.57,20.3,98.66,20.0,58.7,82.53,25.83,Online
2026-04-04T19:40:00Z,GS-06,Tanegashima,Asia Pacific,-83.46,295.45,20.73,75.63,53.62,76.11,82.05,24.24,Online
2026-04-04T19:45:00Z,GS-01,Geneva Prime,Europe,-57.17,298.13,24.34,182.29,36.42,62.02,141.96,27.58,Online
2026-04-04T19:45:00Z,GS-06,Tanegashima,Asia Pacific,-89.25,296.24,26.06,186.72,53.45,57.06,39.63,28.67,Online
2026-04-04T19:50:00Z,GS-01,Geneva Prime,Europe,-49.07,295.8,22.98,109.31,51.53,52.8,55.43,22.75,Online
2026-04-04T19:50:00Z,GS-06,Tanegashima,Asia Pacific,-44.4,296.82,24.32,142.67,47.64,59.1,87.76,25.32,Online
2026-04-04T19:55:00Z,GS-01,Geneva Prime,Europe,-41.31,299.37,22.61,131.44,59.77,49.29,141.31,25.66,Online
2026-04-04T19:55:00Z,GS-06,Tanegashima,Asia Pacific,-55.75,300.76,22.56,128.62,40.48,48.2,40.09,25.96,Online
2026-04-04T20:00:00Z,GS-01,Geneva Prime,Europe,-74.18,303.22,26.4,140.0,46.5,62.06,32.25,26.49,Online
2026-04-04T20:00:00Z,GS-06,Tanegashima,Asia Pacific,-54.3,301.13,27.4,81.82,43.49,62.61,42.58,24.72,Online
2026-04-04T20:05:00Z,GS-01,Geneva Prime,Europe,-52.61,300.6,26.97,54.67,58.47,65.29,57.25,23.5,Online
2026-04-04T20:05:00Z,GS-06,Tanegashima,Asia Pacific,-91.2,299.66,26.45,98.32,58.96,55.04,108.28,23.81,Online
2026-04-04T20:10:00Z,GS-01,Geneva Prime,Europe,-74.48,302.29,23.37,53.72,42.81,60.85,130.73,26.18,Online
2026-04-04T20:10:00Z,GS-06,Tanegashima,Asia Pacific,-41.7,303.94,25.36,63.13,46.8,64.77,138.3,25.81,Online
2026-04-04T20:15:00Z,GS-01,Geneva Prime,Europe,-41.39,301.69,24.4,112.88,58.93,58.84,76.7,25.7,Online
2026-04-04T20:15:00Z,GS-06,Tanegashima,Asia Pacific,-76.89,306.96,23.3,42.44,45.12,73.59,103.46,25.79,Online
2026-04-04T20:20:00Z,GS-01,Geneva Prime,Europe,-59.38,304.7,22.34,32.22,47.36,70.5,93.77,25.49,Online
2026-04-04T20:20:00Z,GS-06,Tanegashima,Asia Pacific,-36.24,305.66,25.18,75.44,69.27,64.21,42.26,22.8,Degraded
2026-04-04T20:25:00Z,GS-01,Geneva Prime,Europe,-41.2,304.18,29.51,17.31,62.07,63.9,84.74,24.19,Online
2026-04-04T20:25:00Z,GS-06,Tanegashima,Asia Pacific,-31.64,307.66,24.0,48.43,47.13,59.99,19.21,24.37,Online
2026-04-04T20:30:00Z,GS-01,Geneva Prime,Europe,-68.61,307.52,27.65,144.78,55.91,54.23,94.76,24.44,Online
2026-04-04T20:30:00Z,GS-06,Tanegashima,Asia Pacific,-79.98,308.3,29.91,100.97,25.87,60.24,31.45,25.64,Online
2026-04-04T20:35:00Z,GS-01,Geneva Prime,Europe,-52.13,308.41,25.94,93.63,45.1,53.82,24.49,25.95,Online
2026-04-04T20:35:00Z,GS-06,Tanegashima,Asia Pacific,-65.78,309.08,27.17,109.66,30.91,46.59,56.45,24.84,Online
2026-04-04T20:40:00Z,GS-01,Geneva Prime,Europe,-70.92,309.29,31.27,44.64,35.94,75.17,78.22,23.08,Online
2026-04-04T20:40:00Z,GS-06,Tanegashima,Asia Pacific,-42.47,310.11,26.32,105.77,37.1,51.86,75.46,22.63,Maintenance
2026-04-04T20:45:00Z,GS-01,Geneva Prime,Europe,-59.84,311.96,29.15,133.84,40.13,64.0,99.7,24.54,Online
2026-04-04T20:45:00Z,GS-06,Tanegashima,Asia Pacific,-67.19,309.19,28.45,48.79,62.15,40.0,26.54,22.73,Online
2026-04-04T20:50:00Z,GS-01,Geneva Prime,Europe,-43.55,313.88,26.77,121.88,55.65,58.71,24.62,23.63,Online
2026-04-04T20:50:00Z,GS-06,Tanegashima,Asia Pacific,-61.47,310.04,28.62,108.39,50.34,62.23,109.19,23.68,Online
2026-04-04T20:55:00Z,GS-01,Geneva Prime,Europe,-56.97,312.95,27.16,140.15,41.75,67.01,55.18,22.73,Online
2026-04-04T20:55:00Z,GS-06,Tanegashima,Asia Pacific,-56.08,310.77,26.7,74.53,42.34,53.57,144.04,26.55,Online
2026-04-04T21:00:00Z,GS-01,Geneva Prime,Europe,-90.33,316.09,30.5,116.29,37.1,58.05,50.07,23.13,Online
2026-04-04T21:00:00Z,GS-06,Tanegashima,Asia Pacific,-78.15,314.77,25.78,94.0,30.02,61.65,52.82,24.19,Online
2026-04-04T21:05:00Z,GS-01,Geneva Prime,Europe,-43.78,319.43,24.2,74.97,78.92,63.68,13.99,22.19,Online
2026-04-04T21:05:00Z,GS-06,Tanegashima,Asia Pacific,-58.04,316.42,30.01,113.31,49.06,61.55,82.23,24.66,Online
2026-04-04T21:10:00Z,GS-01,Geneva Prime,Europe,-93.59,320.59,25.32,67.63,42.28,65.38,10.0,23.53,Online
2026-04-04T21:10:00Z,GS-06,Tanegashima,Asia Pacific,-48.11,319.49,28.34,90.97,37.61,56.86,38.73,22.24,Online
2026-04-04T21:15:00Z,GS-01,Geneva Prime,Europe,-53.48,319.01,31.2,106.42,53.45,67.03,10.33,22.21,Online
2026-04-04T21:15:00Z,GS-06,Tanegashima,Asia Pacific,-63.47,318.7,28.88,127.36,68.76,61.49,83.37,24.76,Online
2026-04-04T21:20:00Z,GS-01,Geneva Prime,Europe,-87.99,320.06,32.67,80.71,30.28,58.51,77.57,22.04,Online
2026-04-04T21:20:00Z,GS-06,Tanegashima,Asia Pacific,-30.0,319.04,28.41,97.19,55.89,60.14,99.42,22.1,Online
2026-04-04T21:25:00Z,GS-01,Geneva Prime,Europe,-37.68,322.37,33.32,110.95,54.9,53.02,60.34,25.34,Online
2026-04-04T21:25:00Z,GS-06,Tanegashima,Asia Pacific,-36.6,318.96,31.72,87.07,36.64,62.28,125.64,24.0,Online
2026-04-04T21:30:00Z,GS-01,Geneva Prime,Europe,-64.79,323.53,31.02,112.36,61.76,43.38,111.89,20.93,Online
2026-04-04T21:30:00Z,GS-06,Tanegashima,Asia Pacific,-41.58,321.23,29.3,120.86,49.37,52.01,29.88,22.96,Online
2026-04-04T21:35:00Z,GS-01,Geneva Prime,Europe,-78.06,321.63,32.49,71.02,50.12,71.92,74.06,23.36,Online
2026-04-04T21:35:00Z,GS-06,Tanegashima,Asia Pacific,-30.0,321.37,34.64,132.13,55.25,70.33,91.22,22.29,Online
2026-04-04T21:40:00Z,GS-01,Geneva Prime,Europe,-43.58,327.27,35.0,101.34,36.41,61.53,117.69,24.62,Online
2026-04-04T21:40:00Z,GS-06,Tanegashima,Asia Pacific,-66.45,325.63,30.18,129.55,35.6,66.28,34.03,24.63,Online
2026-04-04T21:45:00Z,GS-01,Geneva Prime,Europe,-55.17,324.69,34.72,82.29,53.99,57.81,11.16,21.54,Online
2026-04-04T21:45:00Z,GS-06,Tanegashima,Asia Pacific,-66.46,328.99,35.14,148.72,64.84,55.72,72.46,22.39,Online
2026-04-04T21:50:00Z,GS-01,Geneva Prime,Europe,-70.07,323.82,33.85,61.43,44.59,76.93,59.63,23.23,Online
2026-04-04T21:50:00Z,GS-06,Tanegashima,Asia Pacific,-46.4,328.06,34.47,89.13,42.22,52.32,113.84,20.33,Online
2026-04-04T21:55:00Z,GS-01,Geneva Prime,Europe,-45.43,325.94,36.36,89.39,30.22,64.63,117.15,22.21,Online
2026-04-04T21:55:00Z,GS-06,Tanegashima,Asia Pacific,-49.19,324.18,31.8,138.77,42.32,45.1,52.05,21.49,Online
2026-04-04T22:00:00Z,GS-01,Geneva Prime,Europe,-62.49,329.26,35.36,97.92,61.32,63.4,98.31,24.55,Online
2026-04-04T22:00:00Z,GS-06,Tanegashima,Asia Pacific,-65.83,327.48,37.41,104.08,46.67,54.93,55.33,24.07,Online
2026-04-04T22:05:00Z,GS-01,Geneva Prime,Europe,-45.23,332.82,37.16,117.07,46.58,58.6,128.41,22.18,Online
2026-04-04T22:05:00Z,GS-06,Tanegashima,Asia Pacific,-54.45,329.64,34.25,92.92,35.35,66.38,26.08,22.89,Online
2026-04-04T22:10:00Z,GS-01,Geneva Prime,Europe,-58.01,328.88,35.27,107.67,50.14,58.37,107.08,22.51,Online
2026-04-04T22:10:00Z,GS-06,Tanegashima,Asia Pacific,-59.8,333.0,38.0,79.73,39.16,54.65,66.71,24.82,Online
2026-04-04T22:15:00Z,GS-01,Geneva Prime,Europe,-51.41,331.49,35.53,111.18,34.12,54.2,133.8,21.7,Online
2026-04-04T22:15:00Z,GS-06,Tanegashima,Asia Pacific,-45.68,336.26,35.26,73.3,41.69,51.29,84.84,22.31,Online
2026-04-04T22:20:00Z,GS-01,Geneva Prime,Europe,-54.59,337.79,38.96,114.68,21.41,63.55,148.91,18.05,Online
2026-04-04T22:20:00Z,GS-06,Tanegashima,Asia Pacific,-49.66,334.68,35.62,124.03,65.52,66.2,65.15,21.15,Online
2026-04-04T22:25:00Z,GS-01,Geneva Prime,Europe,-57.83,338.0,37.14,91.29,78.86,68.63,126.01,20.32,Online
2026-04-04T22:25:00Z,GS-06,Tanegashima,Asia Pacific,-70.61,336.4,35.92,148.01,61.92,55.73,151.36,22.5,Online
2026-04-04T22:30:00Z,GS-01,Geneva Prime,Europe,-30.0,337.79,39.67,142.0,60.33,64.09,74.35,23.23,Online
2026-04-04T22:30:00Z,GS-06,Tanegashima,Asia Pacific,-72.24,337.8,36.3,46.57,45.61,70.1,117.03,22.33,Online
2026-04-04T22:35:00Z,GS-01,Geneva Prime,Europe,-33.8,337.61,35.29,34.54,30.83,66.53,54.61,23.1,Online
2026-04-04T22:35:00Z,GS-06,Tanegashima,Asia Pacific,-35.31,336.55,40.08,116.17,34.67,70.83,68.49,21.83,Online
2026-04-04T22:40:00Z,GS-01,Geneva Prime,Europe,-30.0,341.05,41.59,140.65,37.19,70.0,59.92,21.54,Online
2026-04-04T22:40:00Z,GS-06,Tanegashima,Asia Pacific,-64.08,338.76,41.38,108.02,39.11,65.4,68.99,21.87,Online
2026-04-04T22:45:00Z,GS-01,Geneva Prime,Europe,-59.27,342.18,41.14,89.1,55.17,58.22,53.8,20.12,Online
2026-04-04T22:45:00Z,GS-06,Tanegashima,Asia Pacific,-45.25,341.27,40.78,131.37,39.27,49.0,82.79,22.78,Online
2026-04-04T22:50:00Z,GS-01,Geneva Prime,Europe,-63.94,345.45,36.01,133.6,54.49,63.65,10.0,24.2,Online
2026-04-04T22:50:00Z,GS-06,Tanegashima,Asia Pacific,-75.4,341.48,40.64,112.22,52.67,67.14,112.63,22.66,Online
2026-04-04T22:55:00Z,GS-01,Geneva Prime,Europe,-53.76,341.57,40.1,126.86,55.05,65.79,59.42,23.61,Online
2026-04-04T22:55:00Z,GS-06,Tanegashima,Asia Pacific,-77.42,345.9,41.08,150.53,26.74,74.11,65.54,21.67,Online
2026-04-04T23:00:00Z,GS-01,Geneva Prime,Europe,-57.08,343.61,42.09,77.87,36.59,63.9,43.94,21.05,Online
2026-04-04T23:00:00Z,GS-06,Tanegashima,Asia Pacific,-80.59,343.99,44.86,74.62,36.22,61.55,65.17,25.55,Online
2026-04-04T23:05:00Z,GS-01,Geneva Prime,Europe,-62.44,346.92,44.76,127.74,47.8,58.71,160.96,22.02,Online
2026-04-04T23:05:00Z,GS-06,Tanegashima,Asia Pacific,-66.63,344.96,39.42,124.65,20.0,59.95,71.81,25.53,Online
2026-04-04T23:10:00Z,GS-01,Geneva Prime,Europe,-87.47,345.7,43.23,94.07,38.41,59.35,29.62,22.68,Online
2026-04-04T23:10:00Z,GS-06,Tanegashima,Asia Pacific,-94.82,347.45,42.31,130.49,66.06,57.35,135.63,21.67,Online
2026-04-04T23:15:00Z,GS-01,Geneva Prime,Europe,-74.49,352.24,45.19,100.13,53.25,62.19,77.23,20.13,Online
2026-04-04T23:15:00Z,GS-06,Tanegashima,Asia Pacific,-64.06,350.0,43.9,127.07,49.6,52.97,27.23,21.88,Online
2026-04-04T23:20:00Z,GS-01,Geneva Prime,Europe,-67.86,350.67,43.35,81.54,57.64,61.19,51.89,22.12,Online
2026-04-04T23:20:00Z,GS-06,Tanegashima,Asia Pacific,-39.32,350.59,45.98,77.43,57.32,78.54,48.34,20.32,Online
2026-04-04T23:25:00Z,GS-01,Geneva Prime,Europe,-57.37,353.0,45.25,68.4,43.7,64.78,63.72,22.98,Online
2026-04-04T23:25:00Z,GS-06,Tanegashima,Asia Pacific,-42.53,351.73,45.38,124.88,34.73,52.36,69.34,21.33,Offline
2026-04-04T23:30:00Z,GS-01,Geneva Prime,Europe,-72.05,356.16,50.43,89.39,46.1,58.5,124.3,24.01,Online
2026-04-04T23:30:00Z,GS-06,Tanegashima,Asia Pacific,-86.66,353.45,43.47,152.75,50.28,53.41,70.35,21.62,Online
2026-04-04T23:35:00Z,GS-01,Geneva Prime,Europe,-52.12,355.83,44.44,155.16,64.27,53.0,82.91,24.6,Online
2026-04-04T23:35:00Z,GS-06,Tanegashima,Asia Pacific,-41.51,353.08,48.36,189.92,46.26,54.94,86.9,22.41,Online
2026-04-04T23:40:00Z,GS-01,Geneva Prime,Europe,-67.87,355.88,44.88,80.03,54.1,45.96,116.13,19.0,Online
2026-04-04T23:40:00Z,GS-06,Tanegashima,Asia Pacific,-85.97,354.0,47.96,139.76,45.69,58.03,103.18,20.72,Offline
2026-04-04T23:45:00Z,GS-01,Geneva Prime,Europe,-57.91,353.85,48.2,96.1,35.35,61.32,86.34,23.78,Offline
2026-04-04T23:45:00Z,GS-06,Tanegashima,Asia Pacific,-84.08,356.1,46.52,126.09,54.05,64.06,51.85,23.34,Online
2026-04-04T23:50:00Z,GS-01,Geneva Prime,Europe,-82.95,354.03,46.14,99.0,53.1,40.0,132.91,22.2,Online
2026-04-04T23:50:00Z,GS-06,Tanegashima,Asia Pacific,-83.52,357.7,50.88,117.98,58.19,49.07,63.44,20.62,Online
2026-04-04T23:55:00Z,GS-01,Geneva Prime,Europe,-34.24,0.03,55.04,85.97,36.3,58.86,135.13,21.45,Online
2026-04-04T23:55:00Z,GS-06,Tanegashima,Asia Pacific,-58.13,358.94,49.42,80.43,43.35,58.56,79.7,23.42,Online
2026-04-05T00:00:00Z,GS-01,Geneva Prime,Europe,-33.59,358.32,49.22,75.25,47.25,55.69,89.59,23.66,Online
2026-04-05T00:00:00Z,GS-06,Tanegashima,Asia Pacific,-97.89,0.98,49.08,113.81,34.24,69.57,116.53,22.85,Online
2026-04-05T00:05:00Z,GS-01,Geneva Prime,Europe,-48.1,359.76,49.42,122.57,35.79,71.57,67.06,22.75,Online
2026-04-05T00:05:00Z,GS-06,Tanegashima,Asia Pacific,-30.0,359.84,50.79,131.63,56.42,57.38,59.33,21.65,Online
2026-04-05T00:10:00Z,GS-01,Geneva Prime,Europe,-38.28,1.94,51.46,87.2,53.47,61.24,39.86,20.55,Online
2026-04-05T00:10:00Z,GS-06,Tanegashima,Asia Pacific,-89.98,0.84,52.9,139.71,53.23,64.44,74.94,23.17,Online
2026-04-05T00:15:00Z,GS-01,Geneva Prime,Europe,-55.71,7.36,51.77,140.29,55.49,65.88,10.0,23.41,Online
2026-04-05T00:15:00Z,GS-06,Tanegashima,Asia Pacific,-61.91,2.86,49.0,99.83,45.4,49.58,21.07,22.74,Online
2026-04-05T00:20:00Z,GS-01,Geneva Prime,Europe,-46.92,5.38,54.92,97.41,44.35,52.66,17.59,24.8,Online
2026-04-05T00:20:00Z,GS-06,Tanegashima,Asia Pacific,-43.03,2.21,52.93,97.0,41.71,56.73,95.25,23.25,Online
2026-04-05T00:25:00Z,GS-01,Geneva Prime,Europe,-53.96,6.01,52.95,128.1,50.56,60.58,78.56,22.55,Online
2026-04-05T00:25:00Z,GS-06,Tanegashima,Asia Pacific,-67.03,7.89,51.11,87.66,52.33,50.94,17.08,22.13,Online
2026-04-05T00:30:00Z,GS-01,Geneva Prime,Europe,-85.45,4.9,55.43,93.86,60.43,50.36,76.24,22.65,Online
2026-04-05T00:30:00Z,GS-06,Tanegashima,Asia Pacific,-77.56,9.56,54.94,51.72,44.55,63.09,56.4,19.83,Online
2026-04-05T00:35:00Z,GS-01,Geneva Prime,Europe,-55.82,13.17,53.79,147.08,35.97,61.72,110.86,22.06,Online
2026-04-05T00:35:00Z,GS-06,Tanegashima,Asia Pacific,-64.47,10.2,58.35,109.02,38.81,58.48,180.79,22.27,Online
2026-04-05T00:40:00Z,GS-01,Geneva Prime,Europe,-68.92,7.71,51.56,110.91,52.86,56.83,79.4,20.34,Online
2026-04-05T00:40:00Z,GS-06,Tanegashima,Asia Pacific,-58.01,10.96,54.14,150.71,34.95,62.27,113.93,21.98,Online
2026-04-05T00:45:00Z,GS-01,Geneva Prime,Europe,-62.83,8.39,58.57,94.9,51.45,65.38,54.87,21.82,Online
2026-04-05T00:45:00Z,GS-06,Tanegashima,Asia Pacific,-39.98,9.02,60.11,77.65,30.85,61.06,168.33,19.25,Online
2026-04-05T00:50:00Z,GS-01,Geneva Prime,Europe,-62.12,13.45,56.56,111.46,36.38,55.2,74.06,20.45,Online
2026-04-05T00:50:00Z,GS-06,Tanegashima,Asia Pacific,-60.67,11.72,55.55,109.62,23.15,58.17,172.69,20.51,Online
2026-04-05T00:55:00Z,GS-01,Geneva Prime,Europe,-40.72,13.86,55.92,60.38,46.68,71.63,64.43,22.05,Online
2026-04-05T00:55:00Z,GS-06,Tanegashima,Asia Pacific,-44.84,14.43,53.99,102.97,63.15,59.7,10.0,22.75,Online
2026-04-05T01:00:00Z,GS-01,Geneva Prime,Europe,-62.98,11.34,54.41,129.25,36.21,52.74,78.57,21.24,Online
2026-04-05T01:00:00Z,GS-06,Tanegashima,Asia Pacific,-58.5,14.59,55.36,84.66,50.31,60.34,76.72,25.11,Online
2026-04-05T01:05:00Z,GS-01,Geneva Prime,Europe,-49.03,17.95,58.06,106.6,39.83,66.22,75.58,22.57,Online
2026-04-05T01:05:00Z,GS-06,Tanegashima,Asia Pacific,-57.59,16.21,64.27,80.0,74.78,65.55,56.19,21.8,Online
2026-04-05T01:10:00Z,GS-01,Geneva Prime,Europe,-76.3,18.48,60.03,90.54,53.58,45.13,51.73,22.02,Online
2026-04-05T01:10:00Z,GS-06,Tanegashima,Asia Pacific,-77.58,14.0,58.41,120.82,60.39,55.62,109.33,23.23,Online
2026-04-05T01:15:00Z,GS-01,Geneva Prime,Europe,-41.72,18.05,56.05,102.11,32.83,54.21,67.95,21.81,Online
2026-04-05T01:15:00Z,GS-06,Tanegashima,Asia Pacific,-57.88,20.16,58.91,111.87,45.18,67.48,72.46,22.2,Online
2026-04-05T01:20:00Z,GS-01,Geneva Prime,Europe,-65.62,19.68,58.69,73.52,54.31,51.33,67.24,23.88,Online
2026-04-05T01:20:00Z,GS-06,Tanegashima,Asia Pacific,-65.29,21.66,59.08,68.47,25.86,70.5,34.53,23.48,Online
2026-04-05T01:25:00Z,GS-01,Geneva Prime,Europe,-75.0,23.88,65.29,49.4,31.98,66.19,100.52,23.57,Online
2026-04-05T01:25:00Z,GS-06,Tanegashima,Asia Pacific,-68.61,25.23,61.11,63.49,41.96,50.37,143.64,21.42,Online
2026-04-05T01:30:00Z,GS-01,Geneva Prime,Europe,-52.61,21.56,60.25,42.69,52.18,70.39,43.36,20.14,Online
2026-04-05T01:30:00Z,GS-06,Tanegashima,Asia Pacific,-47.95,19.21,63.92,72.87,31.76,61.99,38.47,21.4,Online
2026-04-05T01:35:00Z,GS-01,Geneva Prime,Europe,-54.69,18.89,65.37,101.31,29.48,51.86,119.67,23.41,Online
2026-04-05T01:35:00Z,GS-06,Tanegashima,Asia Pacific,-39.2,22.38,62.68,112.8,53.34,69.02,51.31,22.34,Online
2026-04-05T01:40:00Z,GS-01,Geneva Prime,Europe,-69.15,24.89,64.08,50.38,58.31,50.89,67.71,24.43,Online
2026-04-05T01:40:00Z,GS-06,Tanegashima,Asia Pacific,-55.08,25.68,60.32,68.68,56.3,55.29,60.2,24.01,Degraded
2026-04-05T01:45:00Z,GS-01,Geneva Prime,Europe,-75.75,26.79,63.35,99.92,38.78,55.36,36.87,23.34,Online
2026-04-05T01:45:00Z,GS-06,Tanegashima,Asia Pacific,-70.02,28.19,62.82,68.25,42.15,56.71,120.36,22.07,Online
2026-04-05T01:50:00Z,GS-01,Geneva Prime,Europe,-64.14,30.32,64.87,149.88,60.11,52.9,119.6,24.97,Online
2026-04-05T01:50:00Z,GS-06,Tanegashima,Asia Pacific,-37.01,29.48,65.79,90.92,34.95,57.18,13.41,24.69,Online
2026-04-05T01:55:00Z,GS-01,Geneva Prime,Europe,-64.25,31.33,61.97,132.48,39.06,49.73,145.08,24.4,Online
2026-04-05T01:55:00Z,GS-06,Tanegashima,Asia Pacific,-56.82,28.82,65.31,105.84,35.49,56.7,158.43,26.75,Online
2026-04-05T02:00:00Z,GS-01,Geneva Prime,Europe,-36.56,30.96,64.32,76.05,36.21,55.57,166.05,25.51,Online
2026-04-05T02:00:00Z,GS-06,Tanegashima,Asia Pacific,-48.81,28.08,66.79,92.84,20.0,62.3,46.32,21.59,Online
2026-04-05T02:05:00Z,GS-01,Geneva Prime,Europe,-63.76,30.25,65.49,97.53,22.49,72.16,40.66,21.44,Online
2026-04-05T02:05:00Z,GS-06,Tanegashima,Asia Pacific,-64.93,31.03,68.48,108.08,51.8,62.2,89.26,23.34,Online
2026-04-05T02:10:00Z,GS-01,Geneva Prime,Europe,-88.99,32.0,68.44,218.27,30.55,63.38,57.16,26.01,Online
2026-04-05T02:10:00Z,GS-06,Tanegashima,Asia Pacific,-80.31,33.75,63.3,90.44,80.32,68.56,36.91,23.93,Online
2026-04-05T02:15:00Z,GS-01,Geneva Prime,Europe,-59.72,34.3,68.58,61.52,54.73,55.45,123.83,23.51,Online
2026-04-05T02:15:00Z,GS-06,Tanegashima,Asia Pacific,-63.14,32.57,68.31,137.83,38.61,50.94,107.77,20.84,Online
2026-04-05T02:20:00Z,GS-01,Geneva Prime,Europe,-79.58,32.87,66.38,59.91,21.73,50.92,105.7,21.18,Online
2026-04-05T02:20:00Z,GS-06,Tanegashima,Asia Pacific,-65.1,38.89,67.11,110.28,70.89,77.31,58.35,22.74,Online
2026-04-05T02:25:00Z,GS-01,Geneva Prime,Europe,-40.24,35.89,67.84,91.55,41.7,62.96,102.12,22.2,Online
2026-04-05T02:25:00Z,GS-06,Tanegashima,Asia Pacific,-71.49,35.03,64.94,52.29,48.57,67.51,114.84,19.59,Online
2026-04-05T02:30:00Z,GS-01,Geneva Prime,Europe,-63.68,35.3,68.55,87.47,52.1,59.85,10.0,21.79,Online
2026-04-05T02:30:00Z,GS-06,Tanegashima,Asia Pacific,-59.91,37.68,65.45,53.91,45.67,48.77,13.25,22.57,Online
2026-04-05T02:35:00Z,GS-01,Geneva Prime,Europe,-67.33,36.99,67.37,100.42,36.36,60.57,64.78,23.57,Online
2026-04-05T02:35:00Z,GS-06,Tanegashima,Asia Pacific,-46.83,40.43,71.35,125.14,47.86,56.53,64.49,22.0,Online
2026-04-05T02:40:00Z,GS-01,Geneva Prime,Europe,-59.93,41.39,67.83,98.88,36.87,61.67,58.02,22.29,Online
2026-04-05T02:40:00Z,GS-06,Tanegashima,Asia Pacific,-70.2,41.01,69.09,87.15,48.14,56.68,125.06,21.94,Online
2026-04-05T02:45:00Z,GS-01,Geneva Prime,Europe,-62.8,38.44,69.09,49.61,75.13,66.13,111.37,23.53,Online
2026-04-05T02:45:00Z,GS-06,Tanegashima,Asia Pacific,-73.2,39.65,72.84,143.07,46.47,55.87,134.74,22.45,Online
2026-04-05T02:50:00Z,GS-01,Geneva Prime,Europe,-56.57,45.2,68.6,124.88,51.25,59.68,40.26,22.49,Online
2026-04-05T02:50:00Z,GS-06,Tanegashima,Asia Pacific,-55.66,39.65,70.53,116.23,56.82,48.81,132.65,26.12,Online
2026-04-05T02:55:00Z,GS-01,Geneva Prime,Europe,-53.85,41.67,70.09,98.57,48.25,60.18,91.25,23.53,Online
2026-04-05T02:55:00Z,GS-06,Tanegashima,Asia Pacific,-56.02,42.83,70.07,82.72,68.01,71.71,102.21,25.65,Online
2026-04-05T03:00:00Z,GS-01,Geneva Prime,Europe,-48.02,45.36,68.2,92.14,40.98,50.94,20.55,24.5,Online
2026-04-05T03:00:00Z,GS-06,Tanegashima,Asia Pacific,-55.13,42.67,69.72,134.84,34.47,61.37,72.41,24.52,Online
2026-04-05T03:05:00Z,GS-01,Geneva Prime,Europe,-72.84,46.43,72.01,106.91,45.95,62.76,167.67,27.69,Online
2026-04-05T03:05:00Z,GS-06,Tanegashima,Asia Pacific,-69.59,41.61,72.86,105.59,57.73,62.28,82.34,25.54,Online
2026-04-05T03:10:00Z,GS-01,Geneva Prime,Europe,-40.97,44.73,70.49,96.83,46.18,58.19,97.37,25.44,Online
2026-04-05T03:10:00Z,GS-06,Tanegashima,Asia Pacific,-34.16,48.66,70.41,95.58,44.1,64.12,95.53,27.02,Degraded
2026-04-05T03:15:00Z,GS-01,Geneva Prime,Europe,-66.92,49.52,77.26,82.44,46.74,52.44,83.28,22.87,Online
2026-04-05T03:15:00Z,GS-06,Tanegashima,Asia Pacific,-44.3,49.04,70.68,125.22,47.16,67.62,34.09,24.6,Online
2026-04-05T03:20:00Z,GS-01,Geneva Prime,Europe,-48.4,49.15,70.46,98.75,59.74,69.01,62.86,22.22,Online
2026-04-05T03:20:00Z,GS-06,Tanegashima,Asia Pacific,-66.47,49.06,73.87,96.85,35.96,68.83,85.62,24.8,Online
2026-04-05T03:25:00Z,GS-01,Geneva Prime,Europe,-85.87,46.4,70.52,85.58,51.92,41.26,143.71,24.5,Degraded
2026-04-05T03:25:00Z,GS-06,Tanegashima,Asia Pacific,-39.6,49.48,74.4,102.56,54.81,58.13,98.93,25.9,Offline
2026-04-05T03:30:00Z,GS-01,Geneva Prime,Europe,-69.77,52.98,70.02,121.08,68.46,50.04,76.34,25.67,Online
2026-04-05T03:30:00Z,GS-06,Tanegashima,Asia Pacific,-59.53,52.83,73.02,87.16,43.96,60.33,32.74,24.25,Online
2026-04-05T03:35:00Z,GS-01,Geneva Prime,Europe,-36.47,52.91,71.72,95.46,36.42,49.29,85.57,23.39,Online
2026-04-05T03:35:00Z,GS-06,Tanegashima,Asia Pacific,-69.37,54.06,71.13,47.75,53.05,44.55,40.93,21.75,Online
2026-04-05T03:40:00Z,GS-01,Geneva Prime,Europe,-67.29,55.86,74.8,171.76,58.04,52.55,32.12,28.62,Degraded
2026-04-05T03:40:00Z,GS-06,Tanegashima,Asia Pacific,-44.06,56.18,74.72,108.21,65.89,61.26,82.85,23.2,Online
2026-04-05T03:45:00Z,GS-01,Geneva Prime,Europe,-68.08,59.28,74.69,162.14,24.11,55.82,18.11,22.85,Online
2026-04-05T03:45:00Z,GS-06,Tanegashima,Asia Pacific,-72.42,56.88,75.48,79.62,20.0,71.82,68.57,22.99,Online
2026-04-05T03:50:00Z,GS-01,Geneva Prime,Europe,-55.88,57.91,74.66,104.46,31.14,66.08,40.13,23.87,Online
2026-04-05T03:50:00Z,GS-06,Tanegashima,Asia Pacific,-50.27,59.91,78.47,131.67,41.11,47.67,136.2,26.83,Online
2026-04-05T03:55:00Z,GS-01,Geneva Prime,Europe,-70.08,60.59,74.98,145.04,38.82,75.83,111.44,27.58,Online
2026-04-05T03:55:00Z,GS-06,Tanegashima,Asia Pacific,-66.96,59.56,73.71,125.32,55.79,79.18,99.28,25.97,Online
2026-04-05T04:00:00Z,GS-01,Geneva Prime,Europe,-67.06,61.08,75.22,103.48,47.09,57.18,82.52,24.44,Online
2026-04-05T04:00:00Z,GS-06,Tanegashima,Asia Pacific,-65.7,62.15,76.33,110.41,27.51,63.39,101.22,24.4,Online
2026-04-05T04:05:00Z,GS-01,Geneva Prime,Europe,-30.0,56.67,77.87,121.38,51.5,61.41,102.03,26.42,Online
2026-04-05T04:05:00Z,GS-06,Tanegashima,Asia Pacific,-70.89,61.85,75.94,67.19,53.61,55.49,20.09,24.31,Online
2026-04-05T04:10:00Z,GS-01,Geneva Prime,Europe,-71.98,64.56,76.92,141.47,37.0,66.99,193.58,25.76,Online
2026-04-05T04:10:00Z,GS-06,Tanegashima,Asia Pacific,-47.08,63.89,73.77,117.57,48.68,57.92,44.64,26.27,Online
2026-04-05T04:15:00Z,GS-01,Geneva Prime,Europe,-74.59,68.02,77.13,63.3,38.83,57.77,176.5,24.02,Online
2026-04-05T04:15:00Z,GS-06,Tanegashima,Asia Pacific,-61.74,62.67,77.9,84.34,31.33,58.44,68.02,24.46,Online
2026-04-05T04:20:00Z,GS-01,Geneva Prime,Europe,-68.08,67.37,76.55,65.98,39.45,60.43,26.55,27.9,Online
2026-04-05T04:20:00Z,GS-06,Tanegashima,Asia Pacific,-46.99,67.86,77.97,37.19,95.0,53.09,48.71,25.7,Online
2026-04-05T04:25:00Z,GS-01,Geneva Prime,Europe,-39.33,68.36,79.27,90.65,70.6,62.77,74.8,26.92,Online
2026-04-05T04:25:00Z,GS-06,Tanegashima,Asia Pacific,-47.55,67.43,72.41,103.84,43.69,61.34,49.83,23.6,Online
2026-04-05T04:30:00Z,GS-01,Geneva Prime,Europe,-53.05,66.79,78.87,79.87,61.99,68.01,91.87,25.38,Online
2026-04-05T04:30:00Z,GS-06,Tanegashima,Asia Pacific,-47.21,68.29,78.19,131.29,62.12,49.98,37.98,24.53,Online
2026-04-05T04:35:00Z,GS-01,Geneva Prime,Europe,-82.54,68.62,79.16,99.36,38.59,69.01,85.62,26.34,Online
2026-04-05T04:35:00Z,GS-06,Tanegashima,Asia Pacific,-42.69,68.5,82.08,86.57,68.98,52.2,100.7,24.86,Online
2026-04-05T04:40:00Z,GS-01,Geneva Prime,Europe,-43.21,69.04,78.77,80.48,56.25,54.75,147.34,24.45,Online
2026-04-05T04:40:00Z,GS-06,Tanegashima,Asia Pacific,-80.18,71.9,77.01,99.78,41.13,49.5,76.92,27.85,Online
2026-04-05T04:45:00Z,GS-01,Geneva Prime,Europe,-44.95,71.71,80.63,68.21,41.09,63.17,74.78,25.7,Online
2026-04-05T04:45:00Z,GS-06,Tanegashima,Asia Pacific,-78.01,67.09,80.04,107.3,55.82,56.5,51.49,26.08,Online
2026-04-05T04:50:00Z,GS-01,Geneva Prime,Europe,-47.19,72.04,80.22,69.81,43.06,59.44,129.06,26.51,Online
2026-04-05T04:50:00Z,GS-06,Tanegashima,Asia Pacific,-33.81,69.8,78.87,105.38,81.69,53.49,147.38,26.22,Online
2026-04-05T04:55:00Z,GS-01,Geneva Prime,Europe,-76.31,73.72,78.18,183.5,57.6,60.4,75.52,27.75,Online
2026-04-05T04:55:00Z,GS-06,Tanegashima,Asia Pacific,-45.02,67.93,80.09,100.84,54.89,67.04,169.85,27.16,Online
2026-04-05T05:00:00Z,GS-01,Geneva Prime,Europe,-43.49,78.61,77.32,44.27,52.88,58.02,25.03,26.33,Online
2026-04-05T05:00:00Z,GS-06,Tanegashima,Asia Pacific,-49.09,74.7,77.4,93.29,44.77,44.56,74.29,24.43,Online
2026-04-05T05:05:00Z,GS-01,Geneva Prime,Europe,-50.11,73.13,81.17,87.73,38.48,62.36,45.36,26.99,Online
2026-04-05T05:05:00Z,GS-06,Tanegashima,Asia Pacific,-70.98,75.14,79.95,65.84,29.83,61.99,78.92,26.83,Online
2026-04-05T05:10:00Z,GS-01,Geneva Prime,Europe,-55.09,77.61,80.51,102.92,20.91,46.02,157.12,26.7,Online
2026-04-05T05:10:00Z,GS-06,Tanegashima,Asia Pacific,-45.75,76.81,79.17,86.4,74.59,62.03,58.61,24.22,Online
2026-04-05T05:15:00Z,GS-01,Geneva Prime,Europe,-30.39,78.42,80.91,125.68,39.45,65.38,55.83,25.34,Online
2026-04-05T05:15:00Z,GS-06,Tanegashima,Asia Pacific,-42.53,78.43,80.46,112.33,52.66,47.55,56.59,26.34,Online
2026-04-05T05:20:00Z,GS-01,Geneva Prime,Europe,-72.47,80.86,81.92,140.36,40.93,62.34,97.83,27.89,Online
2026-04-05T05:20:00Z,GS-06,Tanegashima,Asia Pacific,-73.17,83.64,81.4,128.58,59.44,64.27,38.91,26.75,Online
2026-04-05T05:25:00Z,GS-01,Geneva Prime,Europe,-84.77,82.08,79.31,98.78,59.45,56.34,69.92,27.12,Online
2026-04-05T05:25:00Z,GS-06,Tanegashima,Asia Pacific,-87.6,80.72,74.68,82.43,55.26,63.58,56.21,27.15,Online
2026-04-05T05:30:00Z,GS-01,Geneva Prime,Europe,-76.12,82.5,85.0,155.37,45.63,61.28,40.82,26.01,Online
2026-04-05T05:30:00Z,GS-06,Tanegashima,Asia Pacific,-54.57,81.45,81.55,147.09,48.99,60.81,12.77,28.34,Online
2026-04-05T05:35:00Z,GS-01,Geneva Prime,Europe,-77.16,82.91,81.74,130.89,39.4,56.73,52.03,25.55,Online
2026-04-05T05:35:00Z,GS-06,Tanegashima,Asia Pacific,-69.52,80.52,81.19,111.84,51.73,52.36,32.2,27.43,Online
2026-04-05T05:40:00Z,GS-01,Geneva Prime,Europe,-59.04,84.71,79.31,151.32,50.11,75.77,130.76,30.03,Maintenance
2026-04-05T05:40:00Z,GS-06,Tanegashima,Asia Pacific,-76.12,86.19,79.02,50.1,62.95,57.65,37.8,26.86,Online
2026-04-05T05:45:00Z,GS-01,Geneva Prime,Europe,-71.94,84.86,79.49,151.92,37.0,73.27,113.95,28.2,Online
2026-04-05T05:45:00Z,GS-06,Tanegashima,Asia Pacific,-48.78,86.28,82.51,117.01,25.02,62.37,111.36,27.17,Online
2026-04-05T05:50:00Z,GS-01,Geneva Prime,Europe,-58.11,86.27,77.22,53.49,26.56,65.35,10.0,26.74,Online
2026-04-05T05:50:00Z,GS-06,Tanegashima,Asia Pacific,-71.48,86.94,76.26,112.12,29.72,69.06,55.13,27.59,Online
2026-04-05T05:55:00Z,GS-01,Geneva Prime,Europe,-59.94,89.24,80.07,87.19,49.12,63.73,49.39,28.51,Maintenance
2026-04-05T05:55:00Z,GS-06,Tanegashima,Asia Pacific,-42.12,90.16,81.86,105.16,33.77,53.52,92.8,29.28,Online
2026-04-05T06:00:00Z,GS-01,Geneva Prime,Europe,-30.0,91.96,77.66,76.98,72.34,58.28,81.9,26.56,Online
2026-04-05T06:00:00Z,GS-06,Tanegashima,Asia Pacific,-36.52,91.0,78.45,70.19,48.69,60.35,113.28,28.82,Online
2026-04-05T06:05:00Z,GS-01,Geneva Prime,Europe,-63.97,90.16,79.67,83.48,43.44,60.13,44.08,29.08,Online
2026-04-05T06:05:00Z,GS-06,Tanegashima,Asia Pacific,-65.56,89.57,79.29,107.27,46.0,63.38,115.93,30.09,Online
2026-04-05T06:10:00Z,GS-01,Geneva Prime,Europe,-55.72,90.36,79.43,69.87,89.25,75.9,106.01,29.55,Online
2026-04-05T06:10:00Z,GS-06,Tanegashima,Asia Pacific,-56.24,93.23,76.78,97.78,34.43,62.25,77.62,31.18,Online
2026-04-05T06:15:00Z,GS-01,Geneva Prime,Europe,-46.25,94.32,79.4,150.28,44.64,62.65,81.69,27.79,Degraded
2026-04-05T06:15:00Z,GS-06,Tanegashima,Asia Pacific,-59.45,89.83,76.84,110.49,63.82,62.79,51.19,26.23,Online
2026-04-05T06:20:00Z,GS-01,Geneva Prime,Europe,-48.23,93.87,81.17,111.7,50.74,60.27,95.35,28.34,Online
2026-04-05T06:20:00Z,GS-06,Tanegashima,Asia Pacific,-69.53,93.07,75.12,94.57,63.23,65.84,89.11,27.42,Online
2026-04-05T06:25:00Z,GS-01,Geneva Prime,Europe,-45.04,96.01,82.97,70.57,36.0,53.22,20.72,27.25,Online
2026-04-05T06:25:00Z,GS-06,Tanegashima,Asia Pacific,-58.45,94.83,72.11,132.23,24.79,64.71,81.25,31.83,Online
2026-04-05T06:30:00Z,GS-01,Geneva Prime,Europe,-45.05,96.49,78.34,145.08,27.29,61.53,74.76,28.27,Online
2026-04-05T06:30:00Z,GS-06,Tanegashima,Asia Pacific,-54.7,97.88,80.66,104.17,50.01,60.75,53.62,28.79,Online
2026-04-05T06:35:00Z,GS-01,Geneva Prime,Europe,-70.72,97.19,78.98,96.42,45.42,67.33,60.06,29.21,Online
2026-04-05T06:35:00Z,GS-06,Tanegashima,Asia Pacific,-58.23,97.53,79.8,130.08,47.24,61.81,51.79,31.87,Online
2026-04-05T06:40:00Z,GS-01,Geneva Prime,Europe,-69.73,96.66,81.26,96.56,41.36,55.64,154.87,29.57,Online
2026-04-05T06:40:00Z,GS-06,Tanegashima,Asia Pacific,-51.75,100.33,80.08,141.96,41.99,48.34,114.72,29.79,Online
2026-04-05T06:45:00Z,GS-01,Geneva Prime,Europe,-58.38,102.19,78.68,100.62,43.42,55.27,127.57,27.05,Online
2026-04-05T06:45:00Z,GS-06,Tanegashima,Asia Pacific,-30.0,103.0,75.87,93.28,42.98,63.14,40.42,29.22,Online
2026-04-05T06:50:00Z,GS-01,Geneva Prime,Europe,-61.82,101.02,77.54,127.56,24.64,63.82,111.9,28.97,Online
2026-04-05T06:50:00Z,GS-06,Tanegashima,Asia Pacific,-59.21,104.83,77.88,81.95,39.05,69.32,131.69,27.2,Online
2026-04-05T06:55:00Z,GS-01,Geneva Prime,Europe,-44.91,105.39,82.25,111.55,44.47,69.16,107.96,32.79,Online
2026-04-05T06:55:00Z,GS-06,Tanegashima,Asia Pacific,-45.62,104.06,76.79,82.57,27.77,58.28,117.04,29.42,Online
2026-04-05T07:00:00Z,GS-01,Geneva Prime,Europe,-44.67,105.68,78.17,102.63,50.67,61.11,86.03,28.4,Online
2026-04-05T07:00:00Z,GS-06,Tanegashima,Asia Pacific,-66.49,109.52,81.43,55.78,20.0,60.61,115.74,28.77,Online
2026-04-05T07:05:00Z,GS-01,Geneva Prime,Europe,-44.68,106.37,78.48,122.68,38.62,57.71,106.81,29.63,Online
2026-04-05T07:05:00Z,GS-06,Tanegashima,Asia Pacific,-31.37,107.64,80.06,98.51,55.5,57.42,91.3,28.3,Online
2026-04-05T07:10:00Z,GS-01,Geneva Prime,Europe,-44.41,108.08,82.58,171.77,54.16,60.55,42.16,31.16,Online
2026-04-05T07:10:00Z,GS-06,Tanegashima,Asia Pacific,-56.85,108.58,82.07,75.27,33.91,58.11,112.85,30.64,Online
2026-04-05T07:15:00Z,GS-01,Geneva Prime,Europe,-73.44,110.26,76.01,74.87,71.29,55.57,115.59,30.36,Online
2026-04-05T07:15:00Z,GS-06,Tanegashima,Asia Pacific,-33.52,108.26,78.16,136.31,43.91,71.95,101.63,26.4,Online
2026-04-05T07:20:00Z,GS-01,Geneva Prime,Europe,-42.34,111.83,80.09,42.67,37.04,55.29,46.36,32.67,Online
2026-04-05T07:20:00Z,GS-06,Tanegashima,Asia Pacific,-60.18,109.93,79.29,117.08,20.0,54.83,23.49,30.65,Online
2026-04-05T07:25:00Z,GS-01,Geneva Prime,Europe,-64.33,111.28,73.8,90.7,58.38,71.28,108.75,28.17,Online
2026-04-05T07:25:00Z,GS-06,Tanegashima,Asia Pacific,-41.11,112.7,77.73,39.25,56.44,55.26,93.85,30.28,Online
2026-04-05T07:30:00Z,GS-01,Geneva Prime,Europe,-36.92,112.25,77.69,147.36,37.1,66.51,72.06,28.79,Online
2026-04-05T07:30:00Z,GS-06,Tanegashima,Asia Pacific,-59.98,113.88,80.42,144.24,41.46,52.1,67.25,28.52,Online
2026-04-05T07:35:00Z,GS-01,Geneva Prime,Europe,-63.26,113.07,78.91,33.82,36.2,54.2,127.49,28.75,Online
2026-04-05T07:35:00Z,GS-06,Tanegashima,Asia Pacific,-56.6,113.49,79.55,117.87,46.45,55.56,10.0,30.79,Online
2026-04-05T07:40:00Z,GS-01,Geneva Prime,Europe,-52.04,111.85,74.72,107.57,49.07,52.07,57.04,27.78,Online
2026-04-05T07:40:00Z,GS-06,Tanegashima,Asia Pacific,-39.34,112.4,78.27,98.95,60.48,53.66,82.45,27.99,Online
2026-04-05T07:45:00Z,GS-01,Geneva Prime,Europe,-89.08,117.44,73.34,93.15,57.14,65.97,53.42,28.27,Online
2026-04-05T07:45:00Z,GS-06,Tanegashima,Asia Pacific,-52.36,118.93,75.58,75.9,38.7,64.57,129.14,28.79,Online
2026-04-05T07:50:00Z,GS-01,Geneva Prime,Europe,-82.47,122.18,76.26,107.59,36.7,63.92,118.4,31.22,Online
2026-04-05T07:50:00Z,GS-06,Tanegashima,Asia Pacific,-33.89,116.85,76.08,106.94,50.58,61.82,28.62,31.24,Online
2026-04-05T07:55:00Z,GS-01,Geneva Prime,Europe,-65.61,117.59,76.37,71.15,31.38,40.0,149.89,31.72,Online
2026-04-05T07:55:00Z,GS-06,Tanegashima,Asia Pacific,-61.75,117.42,70.55,78.14,53.59,67.54,105.69,31.12,Online
2026-04-05T08:00:00Z,GS-01,Geneva Prime,Europe,-40.44,119.34,78.15,88.46,34.43,51.95,37.42,31.99,Online
2026-04-05T08:00:00Z,GS-06,Tanegashima,Asia Pacific,-71.14,117.93,77.41,109.84,56.55,64.1,49.88,31.11,Online
2026-04-05T08:05:00Z,GS-01,Geneva Prime,Europe,-58.12,119.41,73.44,79.58,69.44,56.7,129.31,30.41,Online
2026-04-05T08:05:00Z,GS-06,Tanegashima,Asia Pacific,-46.67,123.05,77.55,111.63,61.53,63.03,148.54,28.68,Online
2026-04-05T08:10:00Z,GS-01,Geneva Prime,Europe,-54.78,123.07,73.43,117.39,27.12,54.77,10.0,33.56,Online
2026-04-05T08:10:00Z,GS-06,Tanegashima,Asia Pacific,-63.47,126.83,76.91,113.44,37.97,51.63,100.92,31.12,Online
2026-04-05T08:15:00Z,GS-01,Geneva Prime,Europe,-80.09,120.72,73.03,154.63,71.56,61.64,85.96,30.83,Online
2026-04-05T08:15:00Z,GS-06,Tanegashima,Asia Pacific,-74.02,126.5,78.69,73.2,44.01,56.4,63.19,33.11,Online
2026-04-05T08:20:00Z,GS-01,Geneva Prime,Europe,-79.68,125.93,76.03,95.74,55.72,61.18,128.69,29.16,Online
2026-04-05T08:20:00Z,GS-06,Tanegashima,Asia Pacific,-65.23,124.86,69.23,67.42,35.24,67.59,51.73,30.21,Online
2026-04-05T08:25:00Z,GS-01,Geneva Prime,Europe,-47.74,123.01,70.05,89.15,27.63,48.72,102.94,32.86,Online
2026-04-05T08:25:00Z,GS-06,Tanegashima,Asia Pacific,-48.17,128.47,76.68,36.14,50.4,55.76,50.1,32.39,Online
2026-04-05T08:30:00Z,GS-01,Geneva Prime,Europe,-85.95,124.0,75.07,114.63,71.03,52.96,109.75,32.67,Online
2026-04-05T08:30:00Z,GS-06,Tanegashima,Asia Pacific,-58.72,125.15,72.95,125.14,60.93,57.39,70.01,31.41,Online
2026-04-05T08:35:00Z,GS-01,Geneva Prime,Europe,-55.88,127.59,67.61,135.78,66.54,55.1,37.33,31.55,Online
2026-04-05T08:35:00Z,GS-06,Tanegashima,Asia Pacific,-62.81,130.74,73.51,76.22,29.18,66.93,103.98,33.35,Degraded
2026-04-05T08:40:00Z,GS-01,Geneva Prime,Europe,-74.52,133.68,69.49,121.29,22.09,53.68,142.44,33.1,Online
2026-04-05T08:40:00Z,GS-06,Tanegashima,Asia Pacific,-68.19,128.96,73.18,115.42,60.02,56.35,15.53,32.09,Online
2026-04-05T08:45:00Z,GS-01,Geneva Prime,Europe,-66.86,128.65,73.15,93.61,48.68,52.84,99.47,29.98,Online
2026-04-05T08:45:00Z,GS-06,Tanegashima,Asia Pacific,-72.42,130.76,76.04,123.54,57.93,71.34,200.0,32.02,Online
2026-04-05T08:50:00Z,GS-01,Geneva Prime,Europe,-38.69,134.53,74.11,153.23,39.97,56.01,92.79,31.78,Online
2026-04-05T08:50:00Z,GS-06,Tanegashima,Asia Pacific,-55.22,135.63,71.16,90.86,47.09,58.17,10.0,31.18,Online
2026-04-05T08:55:00Z,GS-01,Geneva Prime,Europe,-49.69,136.63,69.36,65.22,45.36,43.4,62.2,29.55,Online
2026-04-05T08:55:00Z,GS-06,Tanegashima,Asia Pacific,-39.46,132.21,74.98,133.41,61.2,51.42,72.26,31.99,Online
2026-04-05T09:00:00Z,GS-01,Geneva Prime,Europe,-54.81,133.45,72.71,107.96,40.92,54.3,72.6,31.02,Online
2026-04-05T09:00:00Z,GS-06,Tanegashima,Asia Pacific,-59.12,135.17,71.74,152.99,43.41,68.04,89.18,31.89,Online
2026-04-05T09:05:00Z,GS-01,Geneva Prime,Europe,-61.79,136.13,71.3,71.22,27.42,65.23,115.92,33.45,Online
2026-04-05T09:05:00Z,GS-06,Tanegashima,Asia Pacific,-57.68,137.78,72.17,123.63,34.69,51.22,64.46,32.31,Online
2026-04-05T09:10:00Z,GS-01,Geneva Prime,Europe,-63.63,133.75,73.71,91.78,80.62,69.96,10.0,31.66,Online
2026-04-05T09:10:00Z,GS-06,Tanegashima,Asia Pacific,-65.81,136.83,69.92,143.41,53.08,67.66,81.88,30.32,Online
2026-04-05T09:15:00Z,GS-01,Geneva Prime,Europe,-91.2,135.69,70.5,100.95,42.48,57.05,160.47,31.28,Online
2026-04-05T09:15:00Z,GS-06,Tanegashima,Asia Pacific,-46.08,138.75,69.66,135.3,62.55,58.08,111.97,33.06,Online
2026-04-05T09:20:00Z,GS-01,Geneva Prime,Europe,-59.89,140.41,67.91,90.82,38.03,67.21,76.19,30.65,Online
2026-04-05T09:20:00Z,GS-06,Tanegashima,Asia Pacific,-70.85,133.6,68.29,101.13,43.37,75.84,103.0,33.39,Maintenance
2026-04-05T09:25:00Z,GS-01,Geneva Prime,Europe,-84.65,140.52,67.8,76.42,35.4,45.54,28.97,33.99,Online
2026-04-05T09:25:00Z,GS-06,Tanegashima,Asia Pacific,-62.14,140.24,68.77,135.02,45.05,64.32,46.14,31.75,Online
2026-04-05T09:30:00Z,GS-01,Geneva Prime,Europe,-54.69,146.29,71.12,117.48,46.82,71.21,111.79,29.32,Online
2026-04-05T09:30:00Z,GS-06,Tanegashima,Asia Pacific,-75.81,143.18,64.69,73.07,36.6,57.95,68.5,32.33,Online
2026-04-05T09:35:00Z,GS-01,Geneva Prime,Europe,-47.62,143.22,66.97,59.52,57.29,54.63,36.52,33.16,Online
2026-04-05T09:35:00Z,GS-06,Tanegashima,Asia Pacific,-71.5,142.7,68.26,90.21,72.74,59.4,104.71,29.93,Online
2026-04-05T09:40:00Z,GS-01,Geneva Prime,Europe,-72.91,142.83,65.3,112.47,89.75,62.76,70.93,31.97,Online
2026-04-05T09:40:00Z,GS-06,Tanegashima,Asia Pacific,-43.3,149.14,67.48,128.18,49.12,66.04,33.42,32.18,Online
2026-04-05T09:45:00Z,GS-01,Geneva Prime,Europe,-54.07,148.67,65.03,39.0,39.02,68.08,16.64,31.22,Online
2026-04-05T09:45:00Z,GS-06,Tanegashima,Asia Pacific,-57.66,146.02,67.86,63.14,41.1,69.56,32.28,35.2,Online
2026-04-05T09:50:00Z,GS-01,Geneva Prime,Europe,-76.01,149.2,65.37,65.65,39.04,64.36,79.73,34.74,Degraded
2026-04-05T09:50:00Z,GS-06,Tanegashima,Asia Pacific,-38.46,145.13,63.61,60.86,34.21,68.83,102.41,32.24,Online
2026-04-05T09:55:00Z,GS-01,Geneva Prime,Europe,-60.17,151.56,69.38,107.78,20.0,62.38,117.39,33.47,Online
2026-04-05T09:55:00Z,GS-06,Tanegashima,Asia Pacific,-49.1,149.46,63.09,73.41,41.15,68.52,49.36,33.81,Online
2026-04-05T10:00:00Z,GS-01,Geneva Prime,Europe,-55.44,153.17,64.92,47.36,52.76,77.1,108.5,32.01,Online
2026-04-05T10:00:00Z,GS-06,Tanegashima,Asia Pacific,-76.23,148.09,69.01,90.18,37.05,58.73,67.32,35.55,Online
2026-04-05T10:05:00Z,GS-01,Geneva Prime,Europe,-75.22,153.61,64.67,136.21,63.99,60.68,67.4,33.36,Online
2026-04-05T10:05:00Z,GS-06,Tanegashima,Asia Pacific,-61.42,147.94,67.53,107.37,31.04,43.46,10.0,34.42,Online
2026-04-05T10:10:00Z,GS-01,Geneva Prime,Europe,-69.28,151.59,64.83,84.52,51.56,60.76,76.63,30.96,Online
2026-04-05T10:10:00Z,GS-06,Tanegashima,Asia Pacific,-72.3,153.71,62.49,136.16,73.16,65.25,139.71,34.4,Online
2026-04-05T10:15:00Z,GS-01,Geneva Prime,Europe,-68.01,154.15,67.3,84.29,32.53,50.93,71.3,31.88,Online
2026-04-05T10:15:00Z,GS-06,Tanegashima,Asia Pacific,-34.89,154.18,65.21,91.04,31.32,49.52,43.68,33.9,Online
2026-04-05T10:20:00Z,GS-01,Geneva Prime,Europe,-52.2,156.21,59.7,99.99,32.69,63.21,99.16,31.68,Online
2026-04-05T10:20:00Z,GS-06,Tanegashima,Asia Pacific,-45.48,159.68,64.35,95.11,41.2,58.33,49.57,33.82,Online
2026-04-05T10:25:00Z,GS-01,Geneva Prime,Europe,-77.08,152.47,62.52,100.64,38.15,49.74,91.59,32.01,Online
2026-04-05T10:25:00Z,GS-06,Tanegashima,Asia Pacific,-62.08,159.78,63.38,58.93,29.7,61.21,24.99,30.49,Online
2026-04-05T10:30:00Z,GS-01,Geneva Prime,Europe,-52.01,158.14,62.38,107.89,44.22,54.7,100.65,35.84,Online
2026-04-05T10:30:00Z,GS-06,Tanegashima,Asia Pacific,-67.52,155.46,59.21,74.0,47.43,42.88,97.57,34.51,Online
2026-04-05T10:35:00Z,GS-01,Geneva Prime,Europe,-86.97,156.79,61.03,95.7,51.24,58.87,130.59,33.11,Online
2026-04-05T10:35:00Z,GS-06,Tanegashima,Asia Pacific,-74.75,156.62,62.34,100.89,52.6,64.9,10.0,31.88,Online
2026-04-05T10:40:00Z,GS-01,Geneva Prime,Europe,-75.31,158.37,59.42,129.97,59.38,57.66,69.95,32.58,Online
2026-04-05T10:40:00Z,GS-06,Tanegashima,Asia Pacific,-58.66,160.41,61.87,123.95,20.0,58.78,135.36,32.98,Online
2026-04-05T10:45:00Z,GS-01,Geneva Prime,Europe,-42.91,160.64,59.99,65.89,31.81,65.8,115.27,33.72,Online
2026-04-05T10:45:00Z,GS-06,Tanegashima,Asia Pacific,-78.41,161.34,62.16,152.29,41.2,46.72,113.61,33.27,Online
2026-04-05T10:50:00Z,GS-01,Geneva Prime,Europe,-45.85,163.06,57.25,101.75,60.7,58.81,38.61,31.34,Online
2026-04-05T10:50:00Z,GS-06,Tanegashima,Asia Pacific,-71.58,161.68,60.66,66.37,63.65,49.3,173.26,36.31,Online
2026-04-05T10:55:00Z,GS-01,Geneva Prime,Europe,-57.88,160.45,58.28,88.39,29.71,62.33,47.05,32.69,Online
2026-04-05T10:55:00Z,GS-06,Tanegashima,Asia Pacific,-63.06,162.6,62.55,83.93,50.29,61.16,94.11,34.4,Online
2026-04-05T11:00:00Z,GS-01,Geneva Prime,Europe,-46.78,165.53,58.21,101.75,43.34,52.71,77.57,34.16,Online
2026-04-05T11:00:00Z,GS-06,Tanegashima,Asia Pacific,-53.97,165.36,57.3,98.29,38.36,62.51,71.15,34.07,Online
2026-04-05T11:05:00Z,GS-01,Geneva Prime,Europe,-44.99,164.83,58.32,101.0,69.25,58.27,107.81,33.85,Online
2026-04-05T11:05:00Z,GS-06,Tanegashima,Asia Pacific,-80.82,165.21,58.89,87.02,20.0,59.75,36.31,34.03,Online
2026-04-05T11:10:00Z,GS-01,Geneva Prime,Europe,-36.73,169.04,59.57,83.15,43.28,51.64,52.64,32.47,Online
2026-04-05T11:10:00Z,GS-06,Tanegashima,Asia Pacific,-79.6,170.23,52.31,141.1,59.95,64.0,35.42,31.48,Online
2026-04-05T11:15:00Z,GS-01,Geneva Prime,Europe,-68.23,170.0,55.86,68.7,58.78,73.48,70.94,34.05,Maintenance
2026-04-05T11:15:00Z,GS-06,Tanegashima,Asia Pacific,-82.63,167.92,56.87,110.65,38.91,57.81,62.11,33.47,Online
2026-04-05T11:20:00Z,GS-01,Geneva Prime,Europe,-53.65,166.06,55.06,110.5,38.15,56.17,61.98,33.19,Online
2026-04-05T11:20:00Z,GS-06,Tanegashima,Asia Pacific,-59.91,170.26,51.01,119.59,41.52,75.46,32.33,32.61,Online
2026-04-05T11:25:00Z,GS-01,Geneva Prime,Europe,-63.04,172.08,50.66,75.13,52.1,52.42,134.8,33.25,Online
2026-04-05T11:25:00Z,GS-06,Tanegashima,Asia Pacific,-73.49,172.47,57.78,112.49,60.13,73.41,43.13,35.34,Online
2026-04-05T11:30:00Z,GS-01,Geneva Prime,Europe,-82.85,173.35,53.77,137.29,59.07,64.56,91.94,34.71,Online
2026-04-05T11:30:00Z,GS-06,Tanegashima,Asia Pacific,-59.07,172.38,56.8,146.89,43.3,61.9,83.27,31.53,Online
2026-04-05T11:35:00Z,GS-01,Geneva Prime,Europe,-65.05,176.95,51.77,163.44,59.07,63.21,102.43,32.59,Online
2026-04-05T11:35:00Z,GS-06,Tanegashima,Asia Pacific,-63.98,176.63,52.04,131.83,28.48,50.41,156.06,33.95,Online
2026-04-05T11:40:00Z,GS-01,Geneva Prime,Europe,-68.08,177.73,55.11,127.62,38.16,57.7,92.47,35.02,Online
2026-04-05T11:40:00Z,GS-06,Tanegashima,Asia Pacific,-67.63,175.34,53.15,138.6,54.05,47.95,71.45,32.58,Online
2026-04-05T11:45:00Z,GS-01,Geneva Prime,Europe,-51.48,178.1,52.17,91.96,45.83,61.67,54.4,32.16,Online
2026-04-05T11:45:00Z,GS-06,Tanegashima,Asia Pacific,-90.75,178.78,52.95,110.88,60.18,49.96,10.57,34.56,Online
2026-04-05T11:50:00Z,GS-01,Geneva Prime,Europe,-55.6,174.04,52.03,87.99,35.31,57.33,10.0,33.11,Online
2026-04-05T11:50:00Z,GS-06,Tanegashima,Asia Pacific,-70.56,178.61,50.99,119.17,20.0,53.29,102.24,33.53,Online
2026-04-05T11:55:00Z,GS-01,Geneva Prime,Europe,-47.32,175.14,52.12,80.83,36.17,67.93,126.48,35.55,Online
2026-04-05T11:55:00Z,GS-06,Tanegashima,Asia Pacific,-30.0,181.28,49.06,104.25,40.68,76.23,124.19,33.72,Online
2026-04-05T12:00:00Z,GS-01,Geneva Prime,Europe,-46.83,177.54,50.5,71.86,24.74,66.28,116.34,34.69,Online
2026-04-05T12:00:00Z,GS-06,Tanegashima,Asia Pacific,-62.74,177.47,47.68,70.92,78.4,68.61,122.42,31.53,Online
2026-04-05T12:05:00Z,GS-01,Geneva Prime,Europe,-70.4,179.81,44.28,116.98,42.05,59.09,133.83,34.13,Online
2026-04-05T12:05:00Z,GS-06,Tanegashima,Asia Pacific,-66.46,182.39,51.46,108.89,53.27,58.84,76.73,34.17,Online
2026-04-05T12:10:00Z,GS-01,Geneva Prime,Europe,-71.3,181.36,51.45,160.24,64.11,49.41,23.21,32.21,Online
2026-04-05T12:10:00Z,GS-06,Tanegashima,Asia Pacific,-57.98,176.88,47.51,142.21,56.79,55.93,62.67,34.85,Online
2026-04-05T12:15:00Z,GS-01,Geneva Prime,Europe,-45.97,182.68,47.57,83.02,29.02,58.24,68.16,32.1,Online
2026-04-05T12:15:00Z,GS-06,Tanegashima,Asia Pacific,-50.31,184.72,49.43,76.96,21.2,63.74,53.44,32.65,Degraded
2026-04-05T12:20:00Z,GS-01,Geneva Prime,Europe,-78.86,184.45,50.54,84.84,31.92,65.22,86.91,30.8,Online
2026-04-05T12:20:00Z,GS-06,Tanegashima,Asia Pacific,-50.06,189.26,42.18,62.93,20.0,59.4,119.62,34.14,Online
2026-04-05T12:25:00Z,GS-01,Geneva Prime,Europe,-39.12,187.91,50.14,134.81,40.16,60.53,45.25,33.62,Offline
2026-04-05T12:25:00Z,GS-06,Tanegashima,Asia Pacific,-59.07,186.08,49.42,90.09,33.81,53.04,106.2,31.86,Online
2026-04-05T12:30:00Z,GS-01,Geneva Prime,Europe,-63.02,190.16,46.67,97.76,44.57,51.76,45.71,33.66,Online
2026-04-05T12:30:00Z,GS-06,Tanegashima,Asia Pacific,-55.93,189.4,46.27,140.58,64.26,66.36,129.0,32.46,Online
2026-04-05T12:35:00Z,GS-01,Geneva Prime,Europe,-77.24,189.79,42.75,91.29,54.25,71.31,69.83,32.96,Online
2026-04-05T12:35:00Z,GS-06,Tanegashima,Asia Pacific,-55.19,186.6,45.09,99.76,44.66,60.71,46.62,32.84,Online
2026-04-05T12:40:00Z,GS-01,Geneva Prime,Europe,-71.21,186.76,45.47,126.84,54.56,57.9,47.56,35.03,Online
2026-04-05T12:40:00Z,GS-06,Tanegashima,Asia Pacific,-50.42,190.43,48.28,99.21,41.92,56.8,17.56,34.9,Online
2026-04-05T12:45:00Z,GS-01,Geneva Prime,Europe,-61.58,192.27,47.83,88.28,20.0,63.85,86.67,32.79,Online
2026-04-05T12:45:00Z,GS-06,Tanegashima,Asia Pacific,-54.04,192.82,42.25,90.96,62.72,54.23,82.67,29.95,Online
2026-04-05T12:50:00Z,GS-01,Geneva Prime,Europe,-82.23,192.82,45.96,59.14,45.89,56.99,118.12,32.03,Online
2026-04-05T12:50:00Z,GS-06,Tanegashima,Asia Pacific,-53.55,191.19,43.95,102.07,41.98,63.82,81.75,33.66,Online
2026-04-05T12:55:00Z,GS-01,Geneva Prime,Europe,-65.35,193.91,43.31,70.33,40.81,51.56,78.41,32.94,Online
2026-04-05T12:55:00Z,GS-06,Tanegashima,Asia Pacific,-48.44,195.1,41.02,99.93,52.66,58.6,50.87,32.19,Online
2026-04-05T13:00:00Z,GS-01,Geneva Prime,Europe,-47.19,196.81,41.82,122.98,20.0,70.62,73.72,34.01,Online
2026-04-05T13:00:00Z,GS-06,Tanegashima,Asia Pacific,-64.81,197.79,40.11,144.23,49.76,64.98,66.83,31.83,Online
2026-04-05T13:05:00Z,GS-01,Geneva Prime,Europe,-46.04,196.87,44.33,94.19,39.97,71.1,156.48,33.77,Degraded
2026-04-05T13:05:00Z,GS-06,Tanegashima,Asia Pacific,-71.29,197.87,41.1,117.98,41.89,72.51,52.02,34.48,Online
2026-04-05T13:10:00Z,GS-01,Geneva Prime,Europe,-67.33,196.94,40.15,122.16,56.02,64.46,75.68,33.93,Online
2026-04-05T13:10:00Z,GS-06,Tanegashima,Asia Pacific,-46.53,199.36,35.6,91.83,42.31,65.35,77.33,34.8,Online
2026-04-05T13:15:00Z,GS-01,Geneva Prime,Europe,-76.18,199.27,42.16,55.77,75.16,69.53,80.05,32.44,Online
2026-04-05T13:15:00Z,GS-06,Tanegashima,Asia Pacific,-62.63,198.92,41.24,145.02,39.29,64.5,28.3,33.06,Online
2026-04-05T13:20:00Z,GS-01,Geneva Prime,Europe,-54.35,201.38,38.23,86.78,62.53,69.3,88.34,30.28,Online
2026-04-05T13:20:00Z,GS-06,Tanegashima,Asia Pacific,-30.0,199.96,39.11,84.33,72.37,63.09,118.03,32.25,Online
2026-04-05T13:25:00Z,GS-01,Geneva Prime,Europe,-64.69,205.31,39.58,94.82,33.7,64.05,121.24,34.9,Online
2026-04-05T13:25:00Z,GS-06,Tanegashima,Asia Pacific,-63.88,201.97,42.47,132.13,35.59,40.0,91.87,34.79,Online
2026-04-05T13:30:00Z,GS-01,Geneva Prime,Europe,-76.34,202.48,37.99,103.13,38.46,70.32,85.92,32.22,Online
2026-04-05T13:30:00Z,GS-06,Tanegashima,Asia Pacific,-46.24,199.97,41.09,129.73,61.68,58.73,60.16,33.67,Online
2026-04-05T13:35:00Z,GS-01,Geneva Prime,Europe,-61.27,202.44,36.81,89.01,30.96,65.42,77.91,33.03,Online
2026-04-05T13:35:00Z,GS-06,Tanegashima,Asia Pacific,-76.66,201.43,41.79,81.18,52.33,61.3,10.0,36.18,Online
2026-04-05T13:40:00Z,GS-01,Geneva Prime,Europe,-49.74,203.46,37.26,65.52,66.91,52.74,59.08,32.34,Online
2026-04-05T13:40:00Z,GS-06,Tanegashima,Asia Pacific,-58.79,207.74,40.9,88.03,49.54,60.66,40.74,37.07,Online
2026-04-05T13:45:00Z,GS-01,Geneva Prime,Europe,-39.56,206.63,39.9,136.36,45.98,62.61,140.49,31.96,Online
2026-04-05T13:45:00Z,GS-06,Tanegashima,Asia Pacific,-34.89,205.8,39.78,99.84,49.05,59.73,58.73,32.98,Online
2026-04-05T13:50:00Z,GS-01,Geneva Prime,Europe,-39.31,202.87,33.67,78.24,32.06,72.08,130.31,34.21,Online
2026-04-05T13:50:00Z,GS-06,Tanegashima,Asia Pacific,-69.57,210.17,32.97,164.26,36.78,57.9,62.83,31.71,Online
2026-04-05T13:55:00Z,GS-01,Geneva Prime,Europe,-31.12,210.33,38.0,63.29,47.17,64.17,90.83,31.52,Online
2026-04-05T13:55:00Z,GS-06,Tanegashima,Asia Pacific,-43.87,208.99,33.66,44.34,52.28,79.6,39.39,33.52,Online
2026-04-05T14:00:00Z,GS-01,Geneva Prime,Europe,-43.34,207.46,34.04,74.2,56.82,70.6,86.36,31.93,Online
2026-04-05T14:00:00Z,GS-06,Tanegashima,Asia Pacific,-66.64,208.74,33.05,96.94,51.9,63.92,79.67,33.28,Online
2026-04-05T14:05:00Z,GS-01,Geneva Prime,Europe,-61.22,208.66,34.76,82.49,28.83,62.97,55.53,33.47,Online
2026-04-05T14:05:00Z,GS-06,Tanegashima,Asia Pacific,-47.29,209.35,34.62,45.69,63.39,49.13,59.41,35.14,Online
2026-04-05T14:10:00Z,GS-01,Geneva Prime,Europe,-63.52,210.11,35.31,120.72,37.4,55.8,62.58,32.75,Online
2026-04-05T14:10:00Z,GS-06,Tanegashima,Asia Pacific,-88.39,212.14,37.45,73.12,38.0,50.53,104.49,34.87,Online
2026-04-05T14:15:00Z,GS-01,Geneva Prime,Europe,-42.3,211.25,34.33,143.01,51.12,63.83,61.13,33.32,Online
2026-04-05T14:15:00Z,GS-06,Tanegashima,Asia Pacific,-41.46,214.41,30.84,86.32,59.51,62.6,84.76,32.16,Online
2026-04-05T14:20:00Z,GS-01,Geneva Prime,Europe,-42.17,218.32,35.32,143.28,40.7,56.0,73.75,32.97,Online
2026-04-05T14:20:00Z,GS-06,Tanegashima,Asia Pacific,-38.53,217.33,33.87,57.06,24.74,61.92,115.21,32.8,Online
2026-04-05T14:25:00Z,GS-01,Geneva Prime,Europe,-31.28,214.09,29.84,80.07,36.57,64.21,63.13,30.52,Online
2026-04-05T14:25:00Z,GS-06,Tanegashima,Asia Pacific,-46.63,212.73,30.12,51.32,47.49,61.49,156.66,34.21,Online
2026-04-05T14:30:00Z,GS-01,Geneva Prime,Europe,-38.38,218.08,29.78,103.84,52.11,65.63,61.1,33.49,Online
2026-04-05T14:30:00Z,GS-06,Tanegashima,Asia Pacific,-74.0,215.41,29.51,100.74,53.16,56.6,116.12,31.22,Online
2026-04-05T14:35:00Z,GS-01,Geneva Prime,Europe,-67.56,218.89,31.72,85.02,54.44,64.72,125.59,32.56,Online
2026-04-05T14:35:00Z,GS-06,Tanegashima,Asia Pacific,-67.69,217.38,31.84,88.69,38.17,56.41,52.65,32.98,Online
2026-04-05T14:40:00Z,GS-01,Geneva Prime,Europe,-81.19,220.61,32.07,82.57,68.06,60.14,17.55,32.17,Online
2026-04-05T14:40:00Z,GS-06,Tanegashima,Asia Pacific,-59.06,220.9,30.2,69.65,31.86,54.77,57.69,30.89,Online
2026-04-05T14:45:00Z,GS-01,Geneva Prime,Europe,-70.99,222.57,33.52,122.66,60.67,67.79,113.33,32.0,Online
2026-04-05T14:45:00Z,GS-06,Tanegashima,Asia Pacific,-57.89,220.41,29.78,102.05,53.56,63.39,73.53,32.59,Online
2026-04-05T14:50:00Z,GS-01,Geneva Prime,Europe,-53.5,223.83,26.69,67.68,58.29,59.51,63.04,32.03,Online
2026-04-05T14:50:00Z,GS-06,Tanegashima,Asia Pacific,-63.96,223.62,27.52,100.74,47.95,63.17,88.91,33.2,Online
2026-04-05T14:55:00Z,GS-01,Geneva Prime,Europe,-68.59,221.87,34.17,90.96,42.79,65.42,143.84,31.52,Online
2026-04-05T14:55:00Z,GS-06,Tanegashima,Asia Pacific,-74.98,221.27,32.44,68.86,44.67,52.18,22.07,31.9,Online
2026-04-05T15:00:00Z,GS-01,Geneva Prime,Europe,-74.07,223.62,32.8,112.75,56.18,66.6,75.97,31.58,Online
2026-04-05T15:00:00Z,GS-06,Tanegashima,Asia Pacific,-56.27,225.34,27.65,103.9,70.02,58.63,66.59,30.34,Online
2026-04-05T15:05:00Z,GS-01,Geneva Prime,Europe,-95.27,224.37,31.94,90.71,54.31,43.0,39.67,30.12,Online
2026-04-05T15:05:00Z,GS-06,Tanegashima,Asia Pacific,-63.03,231.09,29.25,150.87,41.95,70.92,162.93,31.99,Online
2026-04-05T15:10:00Z,GS-01,Geneva Prime,Europe,-68.09,224.86,27.26,102.46,69.37,49.64,82.39,29.33,Online
2026-04-05T15:10:00Z,GS-06,Tanegashima,Asia Pacific,-66.4,228.12,28.91,117.67,49.77,64.64,81.83,30.48,Online
2026-04-05T15:15:00Z,GS-01,Geneva Prime,Europe,-87.77,227.66,27.18,137.62,43.79,58.43,95.42,31.55,Online
2026-04-05T15:15:00Z,GS-06,Tanegashima,Asia Pacific,-47.84,232.71,31.83,102.91,49.04,72.63,74.0,32.97,Online
2026-04-05T15:20:00Z,GS-01,Geneva Prime,Europe,-77.03,229.38,29.33,78.45,43.46,47.41,160.23,33.75,Online
2026-04-05T15:20:00Z,GS-06,Tanegashima,Asia Pacific,-57.18,231.02,27.81,141.53,38.77,65.86,123.1,33.68,Online
2026-04-05T15:25:00Z,GS-01,Geneva Prime,Europe,-93.89,230.05,24.57,104.49,20.81,43.64,166.8,32.68,Offline
2026-04-05T15:25:00Z,GS-06,Tanegashima,Asia Pacific,-58.18,231.98,26.9,129.92,37.41,61.49,89.1,30.19,Online
2026-04-05T15:30:00Z,GS-01,Geneva Prime,Europe,-40.85,231.61,28.23,103.45,64.6,51.67,36.61,30.29,Online
2026-04-05T15:30:00Z,GS-06,Tanegashima,Asia Pacific,-58.0,235.58,29.39,30.7,48.0,40.0,111.8,33.33,Online
2026-04-05T15:35:00Z,GS-01,Geneva Prime,Europe,-60.6,233.92,25.95,76.47,50.18,58.15,117.21,31.38,Online
2026-04-05T15:35:00Z,GS-06,Tanegashima,Asia Pacific,-72.92,230.68,22.08,139.38,39.51,62.71,151.33,30.7,Online
2026-04-05T15:40:00Z,GS-01,Geneva Prime,Europe,-69.41,234.74,25.48,156.63,63.79,64.97,137.98,31.17,Online
2026-04-05T15:40:00Z,GS-06,Tanegashima,Asia Pacific,-55.51,234.4,22.84,136.12,51.38,60.14,79.9,29.18,Online
2026-04-05T15:45:00Z,GS-01,Geneva Prime,Europe,-74.66,236.92,24.0,93.47,43.74,54.54,41.28,28.91,Online
2026-04-05T15:45:00Z,GS-06,Tanegashima,Asia Pacific,-62.2,237.49,21.77,99.28,48.37,52.08,136.89,30.75,Online
2026-04-05T15:50:00Z,GS-01,Geneva Prime,Europe,-61.52,237.18,21.16,130.26,33.53,58.11,103.91,33.42,Online
2026-04-05T15:50:00Z,GS-06,Tanegashima,Asia Pacific,-76.2,236.61,27.46,113.91,53.05,51.59,64.83,30.97,Online
2026-04-05T15:55:00Z,GS-01,Geneva Prime,Europe,-72.87,235.4,23.33,140.63,45.71,70.99,87.16,29.97,Online
2026-04-05T15:55:00Z,GS-06,Tanegashima,Asia Pacific,-40.84,239.17,26.28,67.95,57.47,68.55,91.59,29.9,Online
2026-04-05T16:00:00Z,GS-01,Geneva Prime,Europe,-60.69,241.22,24.49,118.03,57.15,54.81,33.8,30.94,Online
2026-04-05T16:00:00Z,GS-06,Tanegashima,Asia Pacific,-64.95,241.57,21.87,130.61,61.24,60.0,82.43,29.85,Online
2026-04-05T16:05:00Z,GS-01,Geneva Prime,Europe,-68.14,240.43,26.58,97.84,29.13,62.04,113.05,30.85,Online
2026-04-05T16:05:00Z,GS-06,Tanegashima,Asia Pacific,-37.96,242.81,21.6,83.46,47.71,46.67,93.45,28.24,Offline
2026-04-05T16:10:00Z,GS-01,Geneva Prime,Europe,-44.65,244.31,24.4,79.72,47.04,55.89,38.77,30.26,Online
2026-04-05T16:10:00Z,GS-06,Tanegashima,Asia Pacific,-49.53,242.59,26.29,122.97,52.9,47.13,68.59,29.17,Online
2026-04-05T16:15:00Z,GS-01,Geneva Prime,Europe,-62.75,242.36,22.34,131.83,50.7,68.06,15.97,30.74,Degraded
2026-04-05T16:15:00Z,GS-06,Tanegashima,Asia Pacific,-45.5,246.76,20.0,89.46,57.41,58.46,43.58,28.33,Offline
2026-04-05T16:20:00Z,GS-01,Geneva Prime,Europe,-74.23,241.62,22.93,126.89,29.87,62.06,113.81,30.53,Online
2026-04-05T16:20:00Z,GS-06,Tanegashima,Asia Pacific,-84.16,245.77,22.7,95.3,38.44,60.69,100.39,34.12,Online
2026-04-05T16:25:00Z,GS-01,Geneva Prime,Europe,-58.32,249.27,23.26,97.01,46.78,50.23,92.23,27.43,Online
2026-04-05T16:25:00Z,GS-06,Tanegashima,Asia Pacific,-72.94,246.47,24.93,142.92,42.16,61.25,119.37,28.42,Online
2026-04-05T16:30:00Z,GS-01,Geneva Prime,Europe,-53.93,245.84,21.94,86.23,50.22,64.4,115.64,30.82,Online
2026-04-05T16:30:00Z,GS-06,Tanegashima,Asia Pacific,-57.43,251.21,19.23,150.87,41.52,64.57,66.97,29.24,Online
2026-04-05T16:35:00Z,GS-01,Geneva Prime,Europe,-52.73,250.83,22.99,83.74,88.34,69.59,117.33,29.65,Online
2026-04-05T16:35:00Z,GS-06,Tanegashima,Asia Pacific,-69.38,248.19,24.2,70.28,32.18,64.32,92.77,29.02,Online
2026-04-05T16:40:00Z,GS-01,Geneva Prime,Europe,-76.37,252.88,22.52,59.09,29.48,57.11,109.31,30.94,Offline
2026-04-05T16:40:00Z,GS-06,Tanegashima,Asia Pacific,-43.02,247.02,22.26,142.78,60.99,62.87,173.92,30.97,Online
2026-04-05T16:45:00Z,GS-01,Geneva Prime,Europe,-44.36,251.34,20.03,73.74,47.18,58.31,10.0,28.39,Online
2026-04-05T16:45:00Z,GS-06,Tanegashima,Asia Pacific,-64.78,252.7,21.56,97.84,33.16,60.19,132.76,30.16,Online
2026-04-05T16:50:00Z,GS-01,Geneva Prime,Europe,-82.61,250.0,22.57,93.27,44.11,55.1,100.14,29.35,Online
2026-04-05T16:50:00Z,GS-06,Tanegashima,Asia Pacific,-62.8,250.8,23.23,93.37,52.29,50.45,149.36,31.72,Online
2026-04-05T16:55:00Z,GS-01,Geneva Prime,Europe,-88.65,252.15,22.15,60.41,43.42,63.41,72.61,30.49,Online
2026-04-05T16:55:00Z,GS-06,Tanegashima,Asia Pacific,-70.4,249.26,23.16,129.27,95.0,42.34,110.03,26.73,Online
2026-04-05T17:00:00Z,GS-01,Geneva Prime,Europe,-33.65,255.98,19.12,123.41,38.36,62.4,88.24,32.17,Online
2026-04-05T17:00:00Z,GS-06,Tanegashima,Asia Pacific,-32.78,253.81,23.14,110.65,28.05,54.43,173.45,30.09,Online
2026-04-05T17:05:00Z,GS-01,Geneva Prime,Europe,-45.0,255.83,19.78,100.82,41.81,48.05,39.87,30.49,Online
2026-04-05T17:05:00Z,GS-06,Tanegashima,Asia Pacific,-65.71,256.3,21.33,109.39,58.76,51.21,102.81,30.56,Degraded
2026-04-05T17:10:00Z,GS-01,Geneva Prime,Europe,-45.21,254.67,21.22,151.48,43.81,63.87,111.22,27.76,Online
2026-04-05T17:10:00Z,GS-06,Tanegashima,Asia Pacific,-32.49,258.5,21.75,50.14,91.47,64.05,144.97,28.83,Online
2026-04-05T17:15:00Z,GS-01,Geneva Prime,Europe,-74.81,257.39,19.57,66.43,60.48,70.62,72.17,28.58,Online
2026-04-05T17:15:00Z,GS-06,Tanegashima,Asia Pacific,-87.23,260.14,23.88,80.88,43.6,63.47,148.98,29.47,Online
2026-04-05T17:20:00Z,GS-01,Geneva Prime,Europe,-57.07,260.36,17.61,56.6,35.3,68.1,66.59,28.25,Online
2026-04-05T17:20:00Z,GS-06,Tanegashima,Asia Pacific,-68.21,259.72,23.86,95.46,35.56,60.2,150.2,28.29,Online
2026-04-05T17:25:00Z,GS-01,Geneva Prime,Europe,-77.72,260.25,20.61,120.65,57.08,51.63,41.97,28.43,Online
2026-04-05T17:25:00Z,GS-06,Tanegashima,Asia Pacific,-49.73,258.73,19.13,82.22,56.3,64.23,116.15,30.92,Online
2026-04-05T17:30:00Z,GS-01,Geneva Prime,Europe,-64.58,260.13,17.89,44.86,39.49,56.93,111.5,28.81,Online
2026-04-05T17:30:00Z,GS-06,Tanegashima,Asia Pacific,-67.35,262.27,18.18,130.76,35.57,50.88,112.72,29.64,Online
2026-04-05T17:35:00Z,GS-01,Geneva Prime,Europe,-85.86,265.46,18.7,88.78,47.24,64.69,97.82,28.58,Online
2026-04-05T17:35:00Z,GS-06,Tanegashima,Asia Pacific,-66.37,264.57,19.94,154.16,52.04,52.61,60.9,28.73,Online
2026-04-05T17:40:00Z,GS-01,Geneva Prime,Europe,-40.51,267.82,19.32,71.99,32.26,62.02,172.15,29.33,Online
2026-04-05T17:40:00Z,GS-06,Tanegashima,Asia Pacific,-83.91,263.55,18.87,75.34,40.35,62.96,107.28,30.16,Online
2026-04-05T17:45:00Z,GS-01,Geneva Prime,Europe,-52.14,262.34,17.95,95.26,46.77,66.89,81.73,28.47,Online
2026-04-05T17:45:00Z,GS-06,Tanegashima,Asia Pacific,-56.43,265.74,20.24,133.77,43.99,59.76,78.66,30.34,Online
2026-04-05T17:50:00Z,GS-01,Geneva Prime,Europe,-76.62,271.05,17.68,80.37,53.94,68.24,23.86,26.62,Online
2026-04-05T17:50:00Z,GS-06,Tanegashima,Asia Pacific,-55.83,272.19,22.52,92.56,20.0,60.65,94.49,27.69,Online
2026-04-05T17:55:00Z,GS-01,Geneva Prime,Europe,-72.76,269.07,18.12,156.17,63.2,65.26,83.59,27.14,Online
2026-04-05T17:55:00Z,GS-06,Tanegashima,Asia Pacific,-60.31,272.03,21.74,106.11,56.09,64.36,95.85,29.6,Online
2026-04-05T18:00:00Z,GS-01,Geneva Prime,Europe,-52.24,271.72,20.32,92.38,38.42,54.66,15.79,26.63,Online
2026-04-05T18:00:00Z,GS-06,Tanegashima,Asia Pacific,-74.11,268.99,23.12,95.27,47.9,62.19,143.5,27.14,Online
2026-04-05T18:05:00Z,GS-01,Geneva Prime,Europe,-63.34,271.04,22.28,140.32,50.7,69.86,87.11,27.61,Online
2026-04-05T18:05:00Z,GS-06,Tanegashima,Asia Pacific,-42.32,272.23,18.54,129.92,42.5,57.35,115.72,27.74,Online
2026-04-05T18:10:00Z,GS-01,Geneva Prime,Europe,-54.17,273.82,18.46,111.55,61.19,52.35,98.0,26.49,Online
2026-04-05T18:10:00Z,GS-06,Tanegashima,Asia Pacific,-44.68,274.52,19.32,166.29,58.28,65.66,106.02,29.21,Online
2026-04-05T18:15:00Z,GS-01,Geneva Prime,Europe,-74.93,274.14,20.83,88.0,50.58,69.85,63.13,27.53,Online
2026-04-05T18:15:00Z,GS-06,Tanegashima,Asia Pacific,-72.31,270.18,21.62,99.23,45.57,52.11,72.58,29.25,Online
2026-04-05T18:20:00Z,GS-01,Geneva Prime,Europe,-59.99,275.06,20.53,62.91,52.5,49.96,42.42,25.9,Online
2026-04-05T18:20:00Z,GS-06,Tanegashima,Asia Pacific,-62.63,274.3,20.11,72.84,57.07,66.67,73.05,26.76,Online
2026-04-05T18:25:00Z,GS-01,Geneva Prime,Europe,-68.69,275.63,17.38,71.21,55.32,62.41,145.37,26.9,Online
2026-04-05T18:25:00Z,GS-06,Tanegashima,Asia Pacific,-65.42,275.43,19.54,80.2,48.25,60.23,59.6,29.22,Online
2026-04-05T18:30:00Z,GS-01,Geneva Prime,Europe,-31.55,279.83,21.37,122.85,67.28,66.08,56.59,27.81,Online
2026-04-05T18:30:00Z,GS-06,Tanegashima,Asia Pacific,-50.61,275.51,19.69,133.01,23.12,50.0,72.94,27.75,Online
2026-04-05T18:35:00Z,GS-01,Geneva Prime,Europe,-80.36,278.5,22.66,102.06,56.27,55.26,47.6,28.36,Online
2026-04-05T18:35:00Z,GS-06,Tanegashima,Asia Pacific,-54.46,276.38,18.75,146.94,33.91,67.47,60.87,27.08,Online
2026-04-05T18:40:00Z,GS-01,Geneva Prime,Europe,-55.58,275.8,17.53,102.59,36.31,67.97,15.76,27.81,Degraded
2026-04-05T18:40:00Z,GS-06,Tanegashima,Asia Pacific,-80.64,279.3,18.33,157.07,28.93,59.02,10.93,29.36,Online
2026-04-05T18:45:00Z,GS-01,Geneva Prime,Europe,-53.98,281.52,23.53,104.42,47.63,61.05,102.55,26.09,Online
2026-04-05T18:45:00Z,GS-06,Tanegashima,Asia Pacific,-63.21,282.87,21.13,96.57,28.19,71.98,53.54,28.31,Online
2026-04-05T18:50:00Z,GS-01,Geneva Prime,Europe,-57.36,279.91,23.22,107.64,61.02,58.54,108.16,24.06,Online
2026-04-05T18:50:00Z,GS-06,Tanegashima,Asia Pacific,-67.5,279.95,19.96,114.15,37.75,66.91,45.74,28.03,Online
2026-04-05T18:55:00Z,GS-01,Geneva Prime,Europe,-40.35,285.78,20.17,36.24,51.99,59.0,40.86,25.74,Online
2026-04-05T18:55:00Z,GS-06,Tanegashima,Asia Pacific,-38.48,281.48,21.8,106.54,40.71,65.16,145.29,26.13,Online
2026-04-05T19:00:00Z,GS-01,Geneva Prime,Europe,-63.65,286.24,22.86,96.17,41.34,42.26,48.88,24.74,Online
2026-04-05T19:00:00Z,GS-06,Tanegashima,Asia Pacific,-49.73,284.51,20.46,99.73,34.56,72.43,131.93,28.87,Online
2026-04-05T19:05:00Z,GS-01,Geneva Prime,Europe,-49.75,286.19,24.43,79.57,34.55,55.19,100.91,25.18,Online
2026-04-05T19:05:00Z,GS-06,Tanegashima,Asia Pacific,-62.33,283.05,22.16,54.49,33.81,69.74,127.21,26.88,Online
2026-04-05T19:10:00Z,GS-01,Geneva Prime,Europe,-55.87,286.44,19.84,89.13,63.1,62.02,81.95,24.8,Online
2026-04-05T19:10:00Z,GS-06,Tanegashima,Asia Pacific,-36.47,288.71,22.77,85.38,44.98,65.02,86.11,28.6,Online
2026-04-05T19:15:00Z,GS-01,Geneva Prime,Europe,-63.06,287.74,22.86,62.06,56.09,49.59,105.54,25.1,Online
2026-04-05T19:15:00Z,GS-06,Tanegashima,Asia Pacific,-52.85,290.56,21.9,64.01,34.24,54.17,10.0,27.76,Online
2026-04-05T19:20:00Z,GS-01,Geneva Prime,Europe,-58.35,287.73,24.72,78.96,48.01,53.4,10.0,23.9,Online
2026-04-05T19:20:00Z,GS-06,Tanegashima,Asia Pacific,-66.73,291.8,22.5,104.21,20.88,70.16,88.95,25.77,Online
2026-04-05T19:25:00Z,GS-01,Geneva Prime,Europe,-43.01,293.74,24.35,92.59,68.38,67.91,25.4,28.75,Online
2026-04-05T19:25:00Z,GS-06,Tanegashima,Asia Pacific,-59.58,289.13,19.58,61.67,46.68,59.95,30.56,25.29,Online
2026-04-05T19:30:00Z,GS-01,Geneva Prime,Europe,-80.52,293.68,22.17,88.65,29.54,57.6,63.41,26.18,Online
2026-04-05T19:30:00Z,GS-06,Tanegashima,Asia Pacific,-57.49,294.08,21.31,44.19,56.89,52.51,35.72,25.64,Online
2026-04-05T19:35:00Z,GS-01,Geneva Prime,Europe,-55.47,292.69,21.46,88.27,62.0,59.98,41.28,24.15,Online
2026-04-05T19:35:00Z,GS-06,Tanegashima,Asia Pacific,-63.76,294.23,23.51,103.72,34.9,56.61,109.36,23.86,Online
2026-04-05T19:40:00Z,GS-01,Geneva Prime,Europe,-66.99,296.19,24.56,94.21,40.07,49.42,101.03,27.44,Online
2026-04-05T19:40:00Z,GS-06,Tanegashima,Asia Pacific,-30.0,295.77,22.71,72.41,22.45,61.42,174.01,27.37,Online
2026-04-05T19:45:00Z,GS-01,Geneva Prime,Europe,-43.25,296.74,23.81,27.29,54.15,55.37,51.93,24.86,Online
2026-04-05T19:45:00Z,GS-06,Tanegashima,Asia Pacific,-65.36,294.81,23.12,83.25,46.2,48.1,71.44,23.7,Online
2026-04-05T19:50:00Z,GS-01,Geneva Prime,Europe,-69.62,297.79,20.18,75.33,51.83,48.69,151.11,27.04,Online
2026-04-05T19:50:00Z,GS-06,Tanegashima,Asia Pacific,-67.42,295.93,23.79,56.58,20.97,56.33,74.64,25.37,Online
2026-04-05T19:55:00Z,GS-01,Geneva Prime,Europe,-69.22,301.3,20.71,65.85,50.84,50.71,31.99,25.3,Online
2026-04-05T19:55:00Z,GS-06,Tanegashima,Asia Pacific,-75.8,298.48,22.3,74.15,20.0,61.12,30.11,24.86,Online
2026-04-05T20:00:00Z,GS-01,Geneva Prime,Europe,-67.68,299.59,23.72,105.81,36.27,69.94,10.0,24.66,Online
2026-04-05T20:00:00Z,GS-06,Tanegashima,Asia Pacific,-47.46,300.95,22.07,75.75,54.32,64.79,50.4,25.38,Online
2026-04-05T20:05:00Z,GS-01,Geneva Prime,Europe,-56.04,305.99,24.98,75.67,27.48,57.79,75.24,21.57,Online
2026-04-05T20:05:00Z,GS-06,Tanegashima,Asia Pacific,-70.71,301.84,23.29,129.06,26.3,65.42,116.56,26.32,Online
2026-04-05T20:10:00Z,GS-01,Geneva Prime,Europe,-83.49,303.13,23.36,57.82,40.03,52.76,116.83,25.55,Online
2026-04-05T20:10:00Z,GS-06,Tanegashima,Asia Pacific,-77.29,301.05,23.94,97.83,57.08,65.53,82.06,24.39,Online
2026-04-05T20:15:00Z,GS-01,Geneva Prime,Europe,-86.6,306.33,24.16,146.65,47.35,76.2,104.25,22.52,Online
2026-04-05T20:15:00Z,GS-06,Tanegashima,Asia Pacific,-69.22,303.41,23.31,88.69,28.6,60.05,89.5,23.16,Online
2026-04-05T20:20:00Z,GS-01,Geneva Prime,Europe,-30.9,305.13,23.79,51.11,45.72,57.92,111.32,24.34,Online
2026-04-05T20:20:00Z,GS-06,Tanegashima,Asia Pacific,-77.91,308.34,26.3,92.38,46.98,63.79,22.85,24.8,Online
2026-04-05T20:25:00Z,GS-01,Geneva Prime,Europe,-66.75,307.26,24.33,81.86,64.95,69.85,10.0,26.19,Online
2026-04-05T20:25:00Z,GS-06,Tanegashima,Asia Pacific,-61.1,304.83,23.79,71.53,36.84,50.98,25.82,22.89,Online
2026-04-05T20:30:00Z,GS-01,Geneva Prime,Europe,-55.15,307.6,27.31,98.01,29.32,63.96,39.81,25.32,Online
2026-04-05T20:30:00Z,GS-06,Tanegashima,Asia Pacific,-77.49,306.13,25.48,120.23,47.11,60.16,155.43,21.59,Online
2026-04-05T20:35:00Z,GS-01,Geneva Prime,Europe,-75.58,306.59,23.06,78.41,53.25,55.27,66.68,21.66,Online
2026-04-05T20:35:00Z,GS-06,Tanegashima,Asia Pacific,-71.95,307.83,27.89,49.75,39.54,68.69,62.2,21.07,Online
2026-04-05T20:40:00Z,GS-01,Geneva Prime,Europe,-40.81,311.47,28.76,47.69,63.15,53.81,59.62,23.09,Online
2026-04-05T20:40:00Z,GS-06,Tanegashima,Asia Pacific,-45.8,309.64,27.98,102.28,43.86,52.43,152.49,21.95,Online
2026-04-05T20:45:00Z,GS-01,Geneva Prime,Europe,-53.82,312.0,29.75,141.64,75.0,64.24,150.59,23.95,Offline
2026-04-05T20:45:00Z,GS-06,Tanegashima,Asia Pacific,-76.0,310.48,24.84,111.15,57.77,59.03,15.16,25.58,Online
2026-04-05T20:50:00Z,GS-01,Geneva Prime,Europe,-86.64,309.41,27.53,107.55,82.13,59.47,150.4,24.04,Offline
2026-04-05T20:50:00Z,GS-06,Tanegashima,Asia Pacific,-44.48,314.07,25.3,94.91,70.48,55.97,53.02,24.2,Online
2026-04-05T20:55:00Z,GS-01,Geneva Prime,Europe,-67.03,312.16,27.36,142.96,43.36,49.38,19.53,27.16,Online
2026-04-05T20:55:00Z,GS-06,Tanegashima,Asia Pacific,-63.35,314.62,26.79,109.63,62.51,54.78,98.34,21.74,Online
2026-04-05T21:00:00Z,GS-01,Geneva Prime,Europe,-30.0,315.54,27.96,91.06,38.88,56.33,10.0,23.61,Maintenance
2026-04-05T21:00:00Z,GS-06,Tanegashima,Asia Pacific,-62.1,315.98,27.74,76.87,44.91,47.1,85.74,20.96,Online
2026-04-05T21:05:00Z,GS-01,Geneva Prime,Europe,-43.19,317.62,27.4,119.83,46.34,51.93,10.0,24.14,Online
2026-04-05T21:05:00Z,GS-06,Tanegashima,Asia Pacific,-71.91,318.44,29.28,79.01,66.57,64.61,10.0,22.94,Online
2026-04-05T21:10:00Z,GS-01,Geneva Prime,Europe,-80.76,315.9,29.44,110.62,48.14,68.62,105.46,24.44,Online
2026-04-05T21:10:00Z,GS-06,Tanegashima,Asia Pacific,-56.98,320.07,29.1,91.29,22.13,68.45,76.92,27.98,Online
2026-04-05T21:15:00Z,GS-01,Geneva Prime,Europe,-66.08,318.93,31.31,66.94,49.3,60.28,67.85,25.25,Online
2026-04-05T21:15:00Z,GS-06,Tanegashima,Asia Pacific,-73.56,319.3,33.13,78.8,41.44,78.76,98.98,22.73,Online
2026-04-05T21:20:00Z,GS-01,Geneva Prime,Europe,-47.96,318.86,27.59,141.17,31.76,79.61,60.43,26.6,Online
2026-04-05T21:20:00Z,GS-06,Tanegashima,Asia Pacific,-80.53,322.05,31.72,125.13,56.62,56.02,27.65,23.33,Online
2026-04-05T21:25:00Z,GS-01,Geneva Prime,Europe,-56.65,320.31,31.78,109.89,34.08,63.16,69.31,22.27,Online
2026-04-05T21:25:00Z,GS-06,Tanegashima,Asia Pacific,-48.19,319.7,30.31,102.16,61.49,61.54,101.13,22.87,Online
2026-04-05T21:30:00Z,GS-01,Geneva Prime,Europe,-61.18,322.4,32.32,91.12,61.08,57.01,11.71,27.35,Online
2026-04-05T21:30:00Z,GS-06,Tanegashima,Asia Pacific,-64.91,325.13,34.55,128.36,42.62,62.29,29.02,26.23,Degraded
2026-04-05T21:35:00Z,GS-01,Geneva Prime,Europe,-72.78,323.24,32.46,96.78,37.12,71.15,118.01,23.64,Online
2026-04-05T21:35:00Z,GS-06,Tanegashima,Asia Pacific,-65.99,325.88,31.33,147.11,46.33,69.84,75.45,23.27,Online
2026-04-05T21:40:00Z,GS-01,Geneva Prime,Europe,-41.62,329.39,35.91,126.31,52.07,55.94,91.81,21.72,Online
2026-04-05T21:40:00Z,GS-06,Tanegashima,Asia Pacific,-54.36,325.88,28.87,101.16,49.98,59.33,94.32,21.07,Online
2026-04-05T21:45:00Z,GS-01,Geneva Prime,Europe,-71.64,328.32,33.33,110.2,38.44,60.16,10.0,24.28,Online
2026-04-05T21:45:00Z,GS-06,Tanegashima,Asia Pacific,-32.88,324.12,31.45,113.23,62.69,59.98,30.83,22.7,Online
2026-04-05T21:50:00Z,GS-01,Geneva Prime,Europe,-75.45,326.16,33.27,72.12,35.67,60.6,88.6,20.8,Online
2026-04-05T21:50:00Z,GS-06,Tanegashima,Asia Pacific,-54.05,326.74,35.32,123.41,38.47,64.91,46.52,24.93,Online
2026-04-05T21:55:00Z,GS-01,Geneva Prime,Europe,-71.99,329.46,34.06,69.49,55.81,55.09,12.0,18.55,Online
2026-04-05T21:55:00Z,GS-06,Tanegashima,Asia Pacific,-73.13,331.5,36.95,78.44,40.51,56.28,26.66,21.45,Online
2026-04-05T22:00:00Z,GS-01,Geneva Prime,Europe,-45.28,331.01,35.55,59.95,46.21,41.57,113.71,23.19,Online
2026-04-05T22:00:00Z,GS-06,Tanegashima,Asia Pacific,-80.18,333.23,31.41,115.91,51.66,50.08,78.49,20.35,Online
2026-04-05T22:05:00Z,GS-01,Geneva Prime,Europe,-102.7,329.11,34.34,119.33,45.81,60.75,39.42,21.94,Online
2026-04-05T22:05:00Z,GS-06,Tanegashima,Asia Pacific,-73.95,328.8,34.38,102.24,38.13,57.41,107.8,21.99,Online
2026-04-05T22:10:00Z,GS-01,Geneva Prime,Europe,-80.01,333.63,36.68,109.86,52.51,63.65,81.15,26.27,Online
2026-04-05T22:10:00Z,GS-06,Tanegashima,Asia Pacific,-79.27,331.33,38.08,104.28,54.1,61.36,134.96,21.17,Online
2026-04-05T22:15:00Z,GS-01,Geneva Prime,Europe,-39.86,336.09,34.31,118.92,44.48,55.15,10.0,21.1,Online
2026-04-05T22:15:00Z,GS-06,Tanegashima,Asia Pacific,-49.38,335.38,36.31,124.51,56.34,61.24,51.11,23.28,Online
2026-04-05T22:20:00Z,GS-01,Geneva Prime,Europe,-52.7,336.35,39.05,59.14,38.88,44.81,109.88,22.24,Online
2026-04-05T22:20:00Z,GS-06,Tanegashima,Asia Pacific,-53.54,332.05,40.12,64.17,54.29,60.94,72.42,22.16,Online
2026-04-05T22:25:00Z,GS-01,Geneva Prime,Europe,-69.57,338.84,37.94,61.92,40.39,61.03,115.91,21.6,Online
2026-04-05T22:25:00Z,GS-06,Tanegashima,Asia Pacific,-68.07,336.3,39.66,58.94,51.06,56.29,67.02,25.51,Online
2026-04-05T22:30:00Z,GS-01,Geneva Prime,Europe,-62.95,339.01,39.96,64.6,22.86,66.57,36.66,19.96,Online
2026-04-05T22:30:00Z,GS-06,Tanegashima,Asia Pacific,-44.61,335.46,36.97,159.23,25.08,49.95,61.61,22.1,Online
2026-04-05T22:35:00Z,GS-01,Geneva Prime,Europe,-73.41,336.43,42.15,107.89,52.02,58.9,91.58,23.81,Online
2026-04-05T22:35:00Z,GS-06,Tanegashima,Asia Pacific,-74.94,339.28,40.52,146.34,68.37,60.56,125.55,18.4,Online
2026-04-05T22:40:00Z,GS-01,Geneva Prime,Europe,-36.72,338.55,39.26,113.23,43.16,61.57,143.51,21.79,Online
2026-04-05T22:40:00Z,GS-06,Tanegashima,Asia Pacific,-76.3,343.63,40.79,157.67,55.36,49.41,105.82,20.89,Online
2026-04-05T22:45:00Z,GS-01,Geneva Prime,Europe,-59.89,341.1,37.12,75.62,71.46,61.91,72.98,25.04,Online
2026-04-05T22:45:00Z,GS-06,Tanegashima,Asia Pacific,-65.94,341.07,42.34,87.98,36.04,41.97,42.54,20.9,Online
2026-04-05T22:50:00Z,GS-01,Geneva Prime,Europe,-57.62,341.28,45.29,68.27,61.81,61.76,112.27,23.4,Online
2026-04-05T22:50:00Z,GS-06,Tanegashima,Asia Pacific,-93.27,342.48,40.45,66.01,50.52,73.73,10.0,21.48,Online
2026-04-05T22:55:00Z,GS-01,Geneva Prime,Europe,-78.69,343.89,40.95,81.83,53.27,73.09,186.45,21.13,Online
2026-04-05T22:55:00Z,GS-06,Tanegashima,Asia Pacific,-87.31,344.87,44.83,124.41,64.28,58.2,55.62,22.41,Online
2026-04-05T23:00:00Z,GS-01,Geneva Prime,Europe,-64.96,346.33,44.17,131.44,51.13,61.97,111.78,19.26,Online
2026-04-05T23:00:00Z,GS-06,Tanegashima,Asia Pacific,-56.84,345.1,42.66,97.37,50.18,55.4,125.18,22.91,Online
2026-04-05T23:05:00Z,GS-01,Geneva Prime,Europe,-57.74,344.85,44.5,106.2,35.93,59.55,105.16,23.0,Online
2026-04-05T23:05:00Z,GS-06,Tanegashima,Asia Pacific,-52.69,346.44,44.92,137.13,53.85,55.3,37.68,21.36,Online
2026-04-05T23:10:00Z,GS-01,Geneva Prime,Europe,-30.7,348.06,47.76,96.39,41.89,59.41,76.31,20.98,Online
2026-04-05T23:10:00Z,GS-06,Tanegashima,Asia Pacific,-77.23,348.5,45.62,173.35,39.8,57.18,49.15,23.83,Degraded
2026-04-05T23:15:00Z,GS-01,Geneva Prime,Europe,-47.78,347.0,42.34,128.58,49.6,66.07,44.69,19.3,Online
2026-04-05T23:15:00Z,GS-06,Tanegashima,Asia Pacific,-73.12,350.13,48.37,87.12,72.31,66.64,24.28,22.44,Online
2026-04-05T23:20:00Z,GS-01,Geneva Prime,Europe,-47.04,345.15,46.08,135.18,49.79,59.51,73.08,21.74,Degraded
2026-04-05T23:20:00Z,GS-06,Tanegashima,Asia Pacific,-77.64,348.62,43.96,103.4,38.32,53.05,110.39,22.65,Online
2026-04-05T23:25:00Z,GS-01,Geneva Prime,Europe,-68.09,352.26,44.53,101.89,56.7,55.17,33.1,21.85,Online
2026-04-05T23:25:00Z,GS-06,Tanegashima,Asia Pacific,-80.45,350.7,44.88,26.09,51.37,58.54,127.28,22.39,Online
2026-04-05T23:30:00Z,GS-01,Geneva Prime,Europe,-48.97,354.88,45.82,99.98,26.12,69.92,74.17,20.54,Online
2026-04-05T23:30:00Z,GS-06,Tanegashima,Asia Pacific,-48.9,348.14,45.23,127.25,39.75,54.26,63.35,19.04,Online
2026-04-05T23:35:00Z,GS-01,Geneva Prime,Europe,-49.27,353.5,46.19,91.94,45.17,65.23,77.92,19.99,Online
2026-04-05T23:35:00Z,GS-06,Tanegashima,Asia Pacific,-51.37,354.75,47.15,132.26,45.36,68.89,136.29,22.91,Online
2026-04-05T23:40:00Z,GS-01,Geneva Prime,Europe,-71.22,354.74,49.86,55.07,40.3,57.26,45.39,23.33,Online
2026-04-05T23:40:00Z,GS-06,Tanegashima,Asia Pacific,-54.35,353.58,48.6,95.25,34.32,54.3,97.44,23.43,Online
2026-04-05T23:45:00Z,GS-01,Geneva Prime,Europe,-67.3,357.34,51.2,62.23,49.27,66.65,76.19,23.87,Online
2026-04-05T23:45:00Z,GS-06,Tanegashima,Asia Pacific,-30.0,356.94,47.57,129.31,55.1,40.0,79.89,21.42,Online
2026-04-05T23:50:00Z,GS-01,Geneva Prime,Europe,-54.05,357.11,48.52,74.1,53.81,73.24,46.09,19.91,Online
2026-04-05T23:50:00Z,GS-06,Tanegashima,Asia Pacific,-59.7,357.44,51.03,63.12,38.54,42.82,135.0,22.38,Online
2026-04-05T23:55:00Z,GS-01,Geneva Prime,Europe,-66.95,356.11,46.88,112.43,31.71,60.83,161.72,21.48,Online
2026-04-05T23:55:00Z,GS-06,Tanegashima,Asia Pacific,-74.42,359.51,46.89,151.6,61.84,58.69,44.11,21.36,Online
2026-04-06T00:00:00Z,GS-01,Geneva Prime,Europe,-64.43,0.77,52.08,68.9,57.13,64.94,59.69,20.37,Offline
2026-04-06T00:00:00Z,GS-06,Tanegashima,Asia Pacific,-58.26,357.88,52.05,66.28,51.57,59.36,57.58,21.85,Online
2026-04-06T00:05:00Z,GS-01,Geneva Prime,Europe,-43.8,358.87,49.83,77.45,44.54,54.52,10.0,20.42,Online
2026-04-06T00:05:00Z,GS-06,Tanegashima,Asia Pacific,-35.43,1.74,51.08,91.52,44.38,56.56,101.08,22.15,Online
2026-04-06T00:10:00Z,GS-01,Geneva Prime,Europe,-77.57,3.01,46.39,112.42,28.09,59.23,32.21,22.01,Online
2026-04-06T00:10:00Z,GS-06,Tanegashima,Asia Pacific,-51.33,5.51,48.23,129.26,46.57,56.39,110.39,21.65,Online
2026-04-06T00:15:00Z,GS-01,Geneva Prime,Europe,-49.24,1.77,50.7,128.31,62.82,59.72,10.0,21.71,Offline
2026-04-06T00:15:00Z,GS-06,Tanegashima,Asia Pacific,-59.51,3.28,52.63,85.69,55.07,50.67,129.47,24.34,Online
2026-04-06T00:20:00Z,GS-01,Geneva Prime,Europe,-73.7,3.17,53.44,64.38,39.09,68.82,109.5,24.99,Online
2026-04-06T00:20:00Z,GS-06,Tanegashima,Asia Pacific,-57.44,3.78,52.72,95.48,43.36,59.81,42.73,22.45,Online
2026-04-06T00:25:00Z,GS-01,Geneva Prime,Europe,-81.13,4.82,53.03,32.21,54.23,43.57,106.78,20.1,Online
2026-04-06T00:25:00Z,GS-06,Tanegashima,Asia Pacific,-66.07,7.29,57.66,103.49,21.21,67.63,70.72,22.14,Online
2026-04-06T00:30:00Z,GS-01,Geneva Prime,Europe,-51.63,3.05,53.93,87.71,59.66,65.82,14.92,23.95,Online
2026-04-06T00:30:00Z,GS-06,Tanegashima,Asia Pacific,-53.26,4.41,54.03,131.04,30.43,71.02,19.49,20.86,Online
2026-04-06T00:35:00Z,GS-01,Geneva Prime,Europe,-74.14,11.5,53.58,65.12,50.34,65.29,106.7,21.66,Online
2026-04-06T00:35:00Z,GS-06,Tanegashima,Asia Pacific,-56.18,7.45,57.91,134.33,58.0,66.35,100.79,20.2,Online
2026-04-06T00:40:00Z,GS-01,Geneva Prime,Europe,-50.5,10.23,57.74,124.22,51.6,46.53,76.44,21.25,Online
2026-04-06T00:40:00Z,GS-06,Tanegashima,Asia Pacific,-56.21,9.17,54.66,113.77,39.81,60.97,19.22,20.84,Online
2026-04-06T00:45:00Z,GS-01,Geneva Prime,Europe,-50.16,8.79,58.34,129.23,41.78,80.0,129.72,20.69,Online
2026-04-06T00:45:00Z,GS-06,Tanegashima,Asia Pacific,-48.81,11.38,54.3,67.9,56.94,55.22,75.92,20.73,Online
2026-04-06T00:50:00Z,GS-01,Geneva Prime,Europe,-71.22,12.25,57.27,22.35,45.2,54.03,136.09,26.56,Online
2026-04-06T00:50:00Z,GS-06,Tanegashima,Asia Pacific,-65.39,9.06,56.73,93.84,68.66,73.33,114.61,21.26,Online
2026-04-06T00:55:00Z,GS-01,Geneva Prime,Europe,-49.83,14.28,57.61,53.25,92.26,60.86,75.97,21.27,Online
2026-04-06T00:55:00Z,GS-06,Tanegashima,Asia Pacific,-71.9,14.38,53.63,123.68,32.35,43.53,152.88,20.88,Offline
2026-04-06T01:00:00Z,GS-01,Geneva Prime,Europe,-70.83,17.27,61.47,54.01,33.53,52.94,117.39,24.66,Degraded
2026-04-06T01:00:00Z,GS-06,Tanegashima,Asia Pacific,-76.2,17.83,56.35,110.08,29.74,59.02,75.56,21.73,Online
2026-04-06T01:05:00Z,GS-01,Geneva Prime,Europe,-54.23,14.24,56.63,113.14,61.1,59.82,100.15,23.38,Online
2026-04-06T01:05:00Z,GS-06,Tanegashima,Asia Pacific,-47.54,14.34,56.84,79.3,68.14,64.07,98.53,22.79,Online
2026-04-06T01:10:00Z,GS-01,Geneva Prime,Europe,-79.81,21.38,59.98,121.69,23.81,66.24,65.75,20.29,Offline
2026-04-06T01:10:00Z,GS-06,Tanegashima,Asia Pacific,-74.31,14.97,56.46,101.82,40.36,62.67,147.04,22.08,Online
2026-04-06T01:15:00Z,GS-01,Geneva Prime,Europe,-93.67,18.27,62.03,97.42,63.35,63.62,10.0,22.48,Online
2026-04-06T01:15:00Z,GS-06,Tanegashima,Asia Pacific,-55.54,20.91,63.28,127.23,50.29,65.41,73.28,20.12,Online
2026-04-06T01:20:00Z,GS-01,Geneva Prime,Europe,-59.38,20.73,57.85,139.8,57.06,49.03,134.63,21.9,Online
2026-04-06T01:20:00Z,GS-06,Tanegashima,Asia Pacific,-71.68,22.16,60.16,156.98,34.77,46.15,68.78,23.55,Degraded
2026-04-06T01:25:00Z,GS-01,Geneva Prime,Europe,-73.91,18.59,61.33,56.09,48.68,57.28,99.78,20.33,Online
2026-04-06T01:25:00Z,GS-06,Tanegashima,Asia Pacific,-40.53,20.88,62.4,128.8,31.11,67.06,23.0,20.35,Online
2026-04-06T01:30:00Z,GS-01,Geneva Prime,Europe,-30.54,24.72,65.63,88.89,46.23,64.22,79.51,21.34,Online
2026-04-06T01:30:00Z,GS-06,Tanegashima,Asia Pacific,-73.44,22.93,59.35,67.15,49.72,59.24,117.49,21.82,Online
2026-04-06T01:35:00Z,GS-01,Geneva Prime,Europe,-68.72,24.6,60.46,80.26,37.58,58.32,150.9,20.44,Online
2026-04-06T01:35:00Z,GS-06,Tanegashima,Asia Pacific,-40.57,25.23,65.22,194.1,62.18,67.41,27.5,20.73,Online
2026-04-06T01:40:00Z,GS-01,Geneva Prime,Europe,-54.6,21.6,63.91,35.95,58.83,57.43,85.06,21.44,Online
2026-04-06T01:40:00Z,GS-06,Tanegashima,Asia Pacific,-88.48,27.47,65.35,89.46,52.94,56.87,91.54,23.7,Online
2026-04-06T01:45:00Z,GS-01,Geneva Prime,Europe,-51.67,28.93,64.31,100.84,67.32,56.17,112.4,20.37,Online
2026-04-06T01:45:00Z,GS-06,Tanegashima,Asia Pacific,-43.41,25.69,61.63,67.04,53.09,59.88,143.55,20.72,Online
2026-04-06T01:50:00Z,GS-01,Geneva Prime,Europe,-68.67,27.32,62.35,100.18,48.83,63.88,140.25,20.72,Online
2026-04-06T01:50:00Z,GS-06,Tanegashima,Asia Pacific,-54.93,26.21,64.71,112.94,33.16,52.79,100.47,22.71,Online
2026-04-06T01:55:00Z,GS-01,Geneva Prime,Europe,-63.29,30.07,65.89,84.11,34.78,49.9,81.34,20.6,Online
2026-04-06T01:55:00Z,GS-06,Tanegashima,Asia Pacific,-58.51,31.18,63.72,83.91,68.97,72.08,49.42,22.95,Online
2026-04-06T02:00:00Z,GS-01,Geneva Prime,Europe,-55.07,30.41,68.63,102.62,47.85,65.51,127.6,24.21,Online
2026-04-06T02:00:00Z,GS-06,Tanegashima,Asia Pacific,-51.93,26.88,64.02,124.58,48.0,66.61,155.49,21.04,Online
2026-04-06T02:05:00Z,GS-01,Geneva Prime,Europe,-42.93,30.59,67.43,98.76,95.0,61.04,54.38,23.5,Online
2026-04-06T02:05:00Z,GS-06,Tanegashima,Asia Pacific,-55.14,33.53,66.46,174.25,43.66,59.2,55.84,23.0,Online
2026-04-06T02:10:00Z,GS-01,Geneva Prime,Europe,-56.53,33.06,66.25,81.71,34.42,57.0,125.66,24.97,Online
2026-04-06T02:10:00Z,GS-06,Tanegashima,Asia Pacific,-61.15,30.62,65.96,162.75,56.99,64.41,118.51,25.25,Online
2026-04-06T02:15:00Z,GS-01,Geneva Prime,Europe,-77.29,32.97,65.61,117.61,46.92,66.05,59.72,25.07,Online
2026-04-06T02:15:00Z,GS-06,Tanegashima,Asia Pacific,-61.04,35.14,69.06,133.45,49.33,66.55,149.67,23.78,Online
2026-04-06T02:20:00Z,GS-01,Geneva Prime,Europe,-70.94,36.17,67.13,29.56,50.54,60.93,126.26,21.96,Online
2026-04-06T02:20:00Z,GS-06,Tanegashima,Asia Pacific,-82.59,35.34,67.97,102.81,45.25,51.45,74.44,22.56,Online
2026-04-06T02:25:00Z,GS-01,Geneva Prime,Europe,-43.91,37.01,67.18,151.72,41.77,64.46,73.32,25.61,Online
2026-04-06T02:25:00Z,GS-06,Tanegashima,Asia Pacific,-58.7,36.48,67.46,105.9,59.39,66.77,81.12,25.71,Online
2026-04-06T02:30:00Z,GS-01,Geneva Prime,Europe,-46.91,36.62,65.5,87.55,49.96,64.78,134.37,21.6,Online
2026-04-06T02:30:00Z,GS-06,Tanegashima,Asia Pacific,-66.59,35.14,65.59,81.17,49.4,66.17,42.07,22.03,Online
2026-04-06T02:35:00Z,GS-01,Geneva Prime,Europe,-86.7,39.18,67.31,149.89,49.92,58.63,54.36,21.08,Online
2026-04-06T02:35:00Z,GS-06,Tanegashima,Asia Pacific,-80.52,37.51,67.38,70.02,49.53,64.11,61.65,26.22,Online
2026-04-06T02:40:00Z,GS-01,Geneva Prime,Europe,-86.2,40.12,68.85,83.48,36.63,59.94,70.98,22.82,Online
2026-04-06T02:40:00Z,GS-06,Tanegashima,Asia Pacific,-79.48,36.76,68.71,87.94,68.65,59.13,59.1,23.09,Online
2026-04-06T02:45:00Z,GS-01,Geneva Prime,Europe,-72.8,44.3,68.18,88.87,36.31,54.08,80.99,23.34,Online
2026-04-06T02:45:00Z,GS-06,Tanegashima,Asia Pacific,-66.89,40.68,68.34,112.05,69.66,53.0,95.76,23.56,Online
2026-04-06T02:50:00Z,GS-01,Geneva Prime,Europe,-49.97,43.89,70.68,98.81,39.79,53.88,76.13,21.65,Online
2026-04-06T02:50:00Z,GS-06,Tanegashima,Asia Pacific,-68.91,44.71,70.46,126.78,62.64,58.58,88.29,23.12,Offline
2026-04-06T02:55:00Z,GS-01,Geneva Prime,Europe,-72.19,41.84,72.43,106.26,67.16,67.78,50.75,24.93,Online
2026-04-06T02:55:00Z,GS-06,Tanegashima,Asia Pacific,-64.58,46.18,69.77,68.43,35.45,54.04,46.39,22.81,Online
2026-04-06T03:00:00Z,GS-01,Geneva Prime,Europe,-47.15,48.59,68.55,137.91,39.27,62.78,13.83,24.54,Online
2026-04-06T03:00:00Z,GS-06,Tanegashima,Asia Pacific,-90.08,45.63,71.73,105.73,36.18,64.4,95.64,23.44,Online
2026-04-06T03:05:00Z,GS-01,Geneva Prime,Europe,-49.92,46.06,72.73,96.22,47.6,64.6,64.08,22.0,Degraded
2026-04-06T03:05:00Z,GS-06,Tanegashima,Asia Pacific,-55.86,48.63,72.27,109.54,44.49,65.91,72.56,23.17,Online
2026-04-06T03:10:00Z,GS-01,Geneva Prime,Europe,-43.42,46.44,73.9,133.18,51.8,50.01,81.09,23.64,Online
2026-04-06T03:10:00Z,GS-06,Tanegashima,Asia Pacific,-67.44,47.79,73.66,86.24,42.94,58.07,126.55,23.56,Online
2026-04-06T03:15:00Z,GS-01,Geneva Prime,Europe,-78.52,45.6,73.28,77.18,53.02,49.35,58.44,22.05,Online
2026-04-06T03:15:00Z,GS-06,Tanegashima,Asia Pacific,-53.48,50.05,73.23,67.42,36.05,61.87,12.49,23.68,Online
2026-04-06T03:20:00Z,GS-01,Geneva Prime,Europe,-37.25,49.64,70.0,81.78,37.43,77.12,146.63,25.24,Online
2026-04-06T03:20:00Z,GS-06,Tanegashima,Asia Pacific,-65.15,52.4,70.71,132.3,56.14,58.79,125.57,23.47,Online
2026-04-06T03:25:00Z,GS-01,Geneva Prime,Europe,-78.98,53.21,73.23,118.05,66.85,54.22,74.26,26.6,Online
2026-04-06T03:25:00Z,GS-06,Tanegashima,Asia Pacific,-49.97,49.85,71.49,84.16,36.14,61.9,83.14,24.66,Maintenance
2026-04-06T03:30:00Z,GS-01,Geneva Prime,Europe,-72.61,52.36,69.69,104.35,59.11,48.6,99.34,23.43,Online
2026-04-06T03:30:00Z,GS-06,Tanegashima,Asia Pacific,-47.96,52.82,74.61,101.94,60.94,62.78,51.78,24.5,Online
2026-04-06T03:35:00Z,GS-01,Geneva Prime,Europe,-65.53,54.07,73.35,79.7,47.39,60.45,122.56,23.83,Online
2026-04-06T03:35:00Z,GS-06,Tanegashima,Asia Pacific,-89.71,53.02,70.94,112.47,24.91,52.09,65.51,26.77,Online
2026-04-06T03:40:00Z,GS-01,Geneva Prime,Europe,-76.09,55.02,75.73,144.52,54.33,68.75,114.57,22.74,Online
2026-04-06T03:40:00Z,GS-06,Tanegashima,Asia Pacific,-54.6,56.7,72.66,82.61,67.43,66.18,77.23,24.08,Online
2026-04-06T03:45:00Z,GS-01,Geneva Prime,Europe,-79.23,56.12,73.81,107.3,31.28,61.42,62.44,22.79,Online
2026-04-06T03:45:00Z,GS-06,Tanegashima,Asia Pacific,-79.91,53.9,74.53,103.63,48.24,62.46,49.66,26.25,Online
2026-04-06T03:50:00Z,GS-01,Geneva Prime,Europe,-66.63,58.4,74.97,111.27,42.43,63.15,79.7,26.0,Online
2026-04-06T03:50:00Z,GS-06,Tanegashima,Asia Pacific,-72.28,53.96,73.36,132.07,43.15,60.74,37.85,24.87,Online
2026-04-06T03:55:00Z,GS-01,Geneva Prime,Europe,-75.34,57.0,74.84,113.35,51.62,64.63,16.48,24.88,Online
2026-04-06T03:55:00Z,GS-06,Tanegashima,Asia Pacific,-62.95,55.69,75.68,92.49,78.68,60.65,58.03,26.28,Degraded
2026-04-06T04:00:00Z,GS-01,Geneva Prime,Europe,-93.32,59.87,72.45,72.63,51.3,49.81,23.05,28.57,Online
2026-04-06T04:00:00Z,GS-06,Tanegashima,Asia Pacific,-80.39,63.3,75.64,84.26,51.8,70.69,34.16,24.23,Online
2026-04-06T04:05:00Z,GS-01,Geneva Prime,Europe,-47.3,61.83,78.51,115.45,66.7,61.43,88.87,25.6,Online
2026-04-06T04:05:00Z,GS-06,Tanegashima,Asia Pacific,-62.14,62.95,76.78,123.65,56.33,63.43,100.07,23.6,Online
2026-04-06T04:10:00Z,GS-01,Geneva Prime,Europe,-68.26,64.19,79.46,41.79,38.19,60.19,44.83,24.0,Online
2026-04-06T04:10:00Z,GS-06,Tanegashima,Asia Pacific,-52.88,65.66,72.55,94.89,50.56,66.24,92.77,27.87,Online
2026-04-06T04:15:00Z,GS-01,Geneva Prime,Europe,-59.57,66.37,75.61,101.74,30.45,67.21,75.18,25.88,Online
2026-04-06T04:15:00Z,GS-06,Tanegashima,Asia Pacific,-64.7,64.92,77.7,70.16,33.76,59.78,106.38,28.14,Online
2026-04-06T04:20:00Z,GS-01,Geneva Prime,Europe,-55.46,67.02,73.96,160.39,52.27,59.6,73.41,23.8,Online
2026-04-06T04:20:00Z,GS-06,Tanegashima,Asia Pacific,-72.32,68.82,75.21,69.75,36.57,50.41,80.61,27.1,Degraded
2026-04-06T04:25:00Z,GS-01,Geneva Prime,Europe,-69.16,63.5,78.04,98.33,57.03,56.36,69.59,25.36,Online
2026-04-06T04:25:00Z,GS-06,Tanegashima,Asia Pacific,-58.66,65.46,76.35,44.49,38.22,65.72,114.01,24.88,Online
2026-04-06T04:30:00Z,GS-01,Geneva Prime,Europe,-40.51,67.44,75.04,50.43,59.62,57.02,31.44,22.31,Online
2026-04-06T04:30:00Z,GS-06,Tanegashima,Asia Pacific,-65.94,68.31,76.32,68.4,38.41,69.95,24.28,24.74,Online
2026-04-06T04:35:00Z,GS-01,Geneva Prime,Europe,-41.84,69.74,78.32,80.55,45.37,55.7,45.62,24.21,Online
2026-04-06T04:35:00Z,GS-06,Tanegashima,Asia Pacific,-48.24,68.63,78.59,104.55,50.29,57.96,60.73,24.6,Online
2026-04-06T04:40:00Z,GS-01,Geneva Prime,Europe,-81.21,67.76,77.46,51.91,28.41,68.34,88.97,25.27,Degraded
2026-04-06T04:40:00Z,GS-06,Tanegashima,Asia Pacific,-30.0,66.7,80.14,96.66,54.42,60.87,10.0,26.09,Online
2026-04-06T04:45:00Z,GS-01,Geneva Prime,Europe,-54.97,66.87,82.3,109.34,53.06,50.68,107.62,27.71,Online
2026-04-06T04:45:00Z,GS-06,Tanegashima,Asia Pacific,-56.2,71.23,76.62,93.51,38.86,64.58,46.0,26.92,Offline
2026-04-06T04:50:00Z,GS-01,Geneva Prime,Europe,-72.58,71.98,79.84,78.89,52.81,64.42,69.16,27.94,Online
2026-04-06T04:50:00Z,GS-06,Tanegashima,Asia Pacific,-58.83,74.7,82.2,92.76,52.74,54.9,38.69,25.9,Online
2026-04-06T04:55:00Z,GS-01,Geneva Prime,Europe,-80.44,71.87,79.98,84.59,53.53,62.4,154.05,27.11,Online
2026-04-06T04:55:00Z,GS-06,Tanegashima,Asia Pacific,-43.29,74.55,79.42,134.94,53.03,61.68,88.23,27.13,Online
2026-04-06T05:00:00Z,GS-01,Geneva Prime,Europe,-70.07,73.57,81.83,155.93,33.85,54.65,125.7,27.25,Online
2026-04-06T05:00:00Z,GS-06,Tanegashima,Asia Pacific,-49.85,76.79,78.5,109.9,48.03,53.13,92.6,28.3,Online
2026-04-06T05:05:00Z,GS-01,Geneva Prime,Europe,-65.01,76.56,79.55,91.46,53.12,54.56,133.31,27.51,Online
2026-04-06T05:05:00Z,GS-06,Tanegashima,Asia Pacific,-74.05,79.65,79.48,78.31,58.25,63.96,10.0,25.79,Online
2026-04-06T05:10:00Z,GS-01,Geneva Prime,Europe,-55.81,73.18,79.46,104.74,30.8,62.17,80.3,24.91,Online
2026-04-06T05:10:00Z,GS-06,Tanegashima,Asia Pacific,-46.21,79.18,78.71,94.04,53.72,58.39,10.0,27.43,Online
2026-04-06T05:15:00Z,GS-01,Geneva Prime,Europe,-72.2,77.97,82.34,95.98,45.02,64.08,100.21,25.45,Online
2026-04-06T05:15:00Z,GS-06,Tanegashima,Asia Pacific,-60.9,78.82,79.97,108.68,76.05,50.59,119.2,28.6,Online
2026-04-06T05:20:00Z,GS-01,Geneva Prime,Europe,-52.61,78.7,82.87,34.24,36.8,69.37,65.2,29.35,Online
2026-04-06T05:20:00Z,GS-06,Tanegashima,Asia Pacific,-82.68,77.78,78.48,112.52,42.34,56.08,136.82,29.23,Online
2026-04-06T05:25:00Z,GS-01,Geneva Prime,Europe,-66.22,77.83,75.34,107.18,52.87,60.5,77.16,25.88,Online
2026-04-06T05:25:00Z,GS-06,Tanegashima,Asia Pacific,-50.18,84.61,75.22,97.67,33.36,48.08,34.8,27.66,Online
2026-04-06T05:30:00Z,GS-01,Geneva Prime,Europe,-53.93,85.42,79.76,47.25,42.14,48.91,31.73,28.09,Online
2026-04-06T05:30:00Z,GS-06,Tanegashima,Asia Pacific,-57.09,83.68,79.03,123.72,40.04,68.93,93.79,26.91,Online
2026-04-06T05:35:00Z,GS-01,Geneva Prime,Europe,-56.82,83.71,83.01,107.36,44.98,58.09,113.73,28.41,Online
2026-04-06T05:35:00Z,GS-06,Tanegashima,Asia Pacific,-64.11,81.44,78.02,94.48,61.19,58.0,56.24,24.71,Online
2026-04-06T05:40:00Z,GS-01,Geneva Prime,Europe,-37.3,86.14,81.48,128.85,43.02,60.68,139.54,27.75,Online
2026-04-06T05:40:00Z,GS-06,Tanegashima,Asia Pacific,-51.19,86.74,81.17,96.15,44.59,66.22,111.04,29.23,Online
2026-04-06T05:45:00Z,GS-01,Geneva Prime,Europe,-51.73,87.44,79.04,82.57,54.37,55.41,79.17,29.68,Online
2026-04-06T05:45:00Z,GS-06,Tanegashima,Asia Pacific,-41.69,86.85,79.34,96.3,55.41,59.71,57.67,29.43,Online
2026-04-06T05:50:00Z,GS-01,Geneva Prime,Europe,-57.28,86.35,80.93,129.14,32.91,58.4,70.13,28.42,Online
2026-04-06T05:50:00Z,GS-06,Tanegashima,Asia Pacific,-50.52,86.4,76.99,130.95,31.56,62.17,74.72,27.98,Online
2026-04-06T05:55:00Z,GS-01,Geneva Prime,Europe,-35.23,94.83,76.73,129.52,43.13,68.38,118.29,29.98,Online
2026-04-06T05:55:00Z,GS-06,Tanegashima,Asia Pacific,-55.73,86.97,81.85,103.54,42.19,56.19,120.25,30.27,Online
2026-04-06T06:00:00Z,GS-01,Geneva Prime,Europe,-77.93,91.24,79.26,55.98,46.77,53.33,16.89,26.83,Online
2026-04-06T06:00:00Z,GS-06,Tanegashima,Asia Pacific,-75.42,88.71,77.35,88.15,36.44,63.0,103.74,28.39,Online
2026-04-06T06:05:00Z,GS-01,Geneva Prime,Europe,-63.53,90.73,78.32,75.61,53.44,45.92,76.77,27.65,Online
2026-04-06T06:05:00Z,GS-06,Tanegashima,Asia Pacific,-51.01,88.4,80.02,110.29,22.14,51.41,76.33,28.9,Online
2026-04-06T06:10:00Z,GS-01,Geneva Prime,Europe,-57.26,93.62,77.81,52.34,46.01,50.17,45.39,29.66,Online
2026-04-06T06:10:00Z,GS-06,Tanegashima,Asia Pacific,-57.16,91.36,78.58,118.63,47.54,50.28,10.0,31.08,Online
2026-04-06T06:15:00Z,GS-01,Geneva Prime,Europe,-78.34,94.81,82.96,104.43,37.79,48.59,22.4,28.96,Online
2026-04-06T06:15:00Z,GS-06,Tanegashima,Asia Pacific,-38.24,92.96,78.82,120.92,36.77,62.2,81.67,27.78,Online
2026-04-06T06:20:00Z,GS-01,Geneva Prime,Europe,-60.23,98.53,81.09,132.78,33.98,68.77,105.56,26.27,Online
2026-04-06T06:20:00Z,GS-06,Tanegashima,Asia Pacific,-51.9,93.97,76.79,103.89,80.73,61.21,75.63,28.03,Online
2026-04-06T06:25:00Z,GS-01,Geneva Prime,Europe,-30.0,93.88,81.57,100.46,34.75,59.61,24.28,27.76,Online
2026-04-06T06:25:00Z,GS-06,Tanegashima,Asia Pacific,-60.7,93.15,80.83,71.09,27.58,51.36,167.04,25.69,Online
2026-04-06T06:30:00Z,GS-01,Geneva Prime,Europe,-53.46,96.0,79.04,118.12,51.66,54.55,25.69,29.72,Online
2026-04-06T06:30:00Z,GS-06,Tanegashima,Asia Pacific,-51.71,96.93,80.63,86.63,35.08,60.03,100.76,29.25,Online
2026-04-06T06:35:00Z,GS-01,Geneva Prime,Europe,-52.36,97.23,82.81,89.73,43.57,49.45,72.25,29.71,Online
2026-04-06T06:35:00Z,GS-06,Tanegashima,Asia Pacific,-48.56,101.87,80.69,108.31,39.64,54.71,118.81,30.34,Online
2026-04-06T06:40:00Z,GS-01,Geneva Prime,Europe,-76.16,101.45,80.84,66.59,51.49,51.6,10.0,28.8,Online
2026-04-06T06:40:00Z,GS-06,Tanegashima,Asia Pacific,-56.13,99.77,85.0,111.37,46.77,63.44,62.35,30.44,Online
2026-04-06T06:45:00Z,GS-01,Geneva Prime,Europe,-54.58,101.88,78.18,53.07,38.98,62.26,62.21,29.61,Online
2026-04-06T06:45:00Z,GS-06,Tanegashima,Asia Pacific,-63.49,102.11,77.47,105.79,37.31,47.69,73.39,31.48,Online
2026-04-06T06:50:00Z,GS-01,Geneva Prime,Europe,-81.88,102.74,80.88,169.0,39.08,54.94,33.33,31.01,Online
2026-04-06T06:50:00Z,GS-06,Tanegashima,Asia Pacific,-73.01,101.76,75.59,126.52,58.9,66.77,15.79,30.21,Online
2026-04-06T06:55:00Z,GS-01,Geneva Prime,Europe,-85.09,103.87,79.55,109.31,51.42,59.94,10.0,30.23,Online
2026-04-06T06:55:00Z,GS-06,Tanegashima,Asia Pacific,-58.54,101.94,76.0,146.2,59.78,65.65,52.95,25.65,Online
2026-04-06T07:00:00Z,GS-01,Geneva Prime,Europe,-48.53,105.73,78.23,133.74,55.18,61.41,81.4,29.63,Online
2026-04-06T07:00:00Z,GS-06,Tanegashima,Asia Pacific,-49.8,103.29,79.83,72.38,61.04,64.26,52.47,29.67,Online
2026-04-06T07:05:00Z,GS-01,Geneva Prime,Europe,-72.81,109.26,82.05,120.89,63.68,61.21,110.54,31.52,Online
2026-04-06T07:05:00Z,GS-06,Tanegashima,Asia Pacific,-60.09,106.39,80.67,119.39,63.83,42.51,72.98,26.53,Online
2026-04-06T07:10:00Z,GS-01,Geneva Prime,Europe,-74.87,105.75,77.47,124.61,57.45,64.07,105.3,30.79,Online
2026-04-06T07:10:00Z,GS-06,Tanegashima,Asia Pacific,-97.45,107.52,75.02,115.27,20.0,58.56,101.91,28.13,Online
2026-04-06T07:15:00Z,GS-01,Geneva Prime,Europe,-45.57,109.76,79.17,120.94,40.69,61.22,80.4,29.91,Online
2026-04-06T07:15:00Z,GS-06,Tanegashima,Asia Pacific,-70.08,106.26,77.73,88.24,36.16,66.82,33.11,29.67,Online
2026-04-06T07:20:00Z,GS-01,Geneva Prime,Europe,-42.5,111.82,80.62,82.28,54.41,51.5,68.97,29.78,Online
2026-04-06T07:20:00Z,GS-06,Tanegashima,Asia Pacific,-68.64,109.28,77.2,70.53,55.28,58.54,88.06,30.3,Online
2026-04-06T07:25:00Z,GS-01,Geneva Prime,Europe,-59.18,111.44,77.35,142.55,54.13,60.15,62.12,30.0,Online
2026-04-06T07:25:00Z,GS-06,Tanegashima,Asia Pacific,-53.74,114.25,75.21,119.79,58.52,48.11,72.75,28.58,Online
2026-04-06T07:30:00Z,GS-01,Geneva Prime,Europe,-53.54,111.78,77.46,87.67,53.64,61.83,89.24,30.54,Online
2026-04-06T07:30:00Z,GS-06,Tanegashima,Asia Pacific,-51.41,111.98,81.12,62.96,24.29,45.53,10.0,31.31,Online
2026-04-06T07:35:00Z,GS-01,Geneva Prime,Europe,-51.73,116.17,75.35,122.36,45.68,61.33,105.02,29.28,Online
2026-04-06T07:35:00Z,GS-06,Tanegashima,Asia Pacific,-30.0,116.41,76.4,67.28,43.95,61.46,122.62,28.66,Online
2026-04-06T07:40:00Z,GS-01,Geneva Prime,Europe,-55.72,111.94,78.06,96.77,68.24,47.63,134.82,27.98,Online
2026-04-06T07:40:00Z,GS-06,Tanegashima,Asia Pacific,-79.91,111.65,77.69,64.79,28.82,61.62,98.07,30.6,Online
2026-04-06T07:45:00Z,GS-01,Geneva Prime,Europe,-62.43,119.91,77.2,124.17,46.72,51.22,102.0,29.67,Online
2026-04-06T07:45:00Z,GS-06,Tanegashima,Asia Pacific,-61.36,116.86,73.02,51.71,55.91,54.69,55.35,30.9,Online
2026-04-06T07:50:00Z,GS-01,Geneva Prime,Europe,-65.79,118.34,76.51,105.96,36.58,61.55,124.2,29.92,Online
2026-04-06T07:50:00Z,GS-06,Tanegashima,Asia Pacific,-46.27,117.4,78.08,103.86,44.6,62.8,128.54,31.12,Online
2026-04-06T07:55:00Z,GS-01,Geneva Prime,Europe,-52.82,118.01,79.44,119.21,45.93,59.02,119.12,29.98,Online
2026-04-06T07:55:00Z,GS-06,Tanegashima,Asia Pacific,-86.74,118.89,78.68,147.74,43.71,60.35,100.78,30.49,Online
2026-04-06T08:00:00Z,GS-01,Geneva Prime,Europe,-52.25,119.83,78.0,121.69,54.72,58.36,157.04,31.73,Online
2026-04-06T08:00:00Z,GS-06,Tanegashima,Asia Pacific,-56.29,118.48,75.79,103.43,35.55,57.66,73.37,31.08,Online
2026-04-06T08:05:00Z,GS-01,Geneva Prime,Europe,-86.44,120.98,74.89,99.37,57.42,76.42,107.14,29.26,Online
2026-04-06T08:05:00Z,GS-06,Tanegashima,Asia Pacific,-65.18,122.44,76.61,129.62,43.83,57.09,150.1,31.2,Maintenance
2026-04-06T08:10:00Z,GS-01,Geneva Prime,Europe,-75.25,125.45,72.31,1.0,54.23,67.29,96.56,29.27,Online
2026-04-06T08:10:00Z,GS-06,Tanegashima,Asia Pacific,-60.88,121.94,74.23,142.36,32.44,62.53,127.76,31.8,Online
2026-04-06T08:15:00Z,GS-01,Geneva Prime,Europe,-41.38,124.88,75.8,111.01,92.17,56.92,27.93,32.76,Online
2026-04-06T08:15:00Z,GS-06,Tanegashima,Asia Pacific,-42.57,124.25,73.85,53.27,46.03,49.21,20.44,31.3,Online
2026-04-06T08:20:00Z,GS-01,Geneva Prime,Europe,-71.46,125.69,74.26,81.8,24.54,53.18,47.35,29.6,Online
2026-04-06T08:20:00Z,GS-06,Tanegashima,Asia Pacific,-64.94,122.71,74.25,107.21,35.09,63.4,25.55,29.77,Online
2026-04-06T08:25:00Z,GS-01,Geneva Prime,Europe,-61.7,127.62,75.93,148.37,40.48,58.98,38.69,29.67,Online
2026-04-06T08:25:00Z,GS-06,Tanegashima,Asia Pacific,-56.57,124.7,76.66,56.13,50.84,51.95,47.18,32.36,Online
2026-04-06T08:30:00Z,GS-01,Geneva Prime,Europe,-70.14,126.47,72.18,153.55,37.59,60.41,71.92,31.98,Online
2026-04-06T08:30:00Z,GS-06,Tanegashima,Asia Pacific,-69.22,127.1,74.59,74.11,58.07,69.48,104.26,31.76,Online
2026-04-06T08:35:00Z,GS-01,Geneva Prime,Europe,-104.86,129.6,72.61,92.61,22.23,63.95,22.06,31.93,Online
2026-04-06T08:35:00Z,GS-06,Tanegashima,Asia Pacific,-46.43,127.81,75.83,77.59,52.21,49.56,121.25,33.07,Online
2026-04-06T08:40:00Z,GS-01,Geneva Prime,Europe,-52.97,129.21,70.18,88.28,79.14,61.04,17.88,30.17,Online
2026-04-06T08:40:00Z,GS-06,Tanegashima,Asia Pacific,-41.2,130.98,70.51,47.03,37.5,45.19,73.77,35.53,Online
2026-04-06T08:45:00Z,GS-01,Geneva Prime,Europe,-83.95,130.88,75.18,122.47,43.22,58.83,33.76,31.55,Online
2026-04-06T08:45:00Z,GS-06,Tanegashima,Asia Pacific,-56.35,133.46,71.31,94.3,33.61,61.8,111.35,32.9,Online
2026-04-06T08:50:00Z,GS-01,Geneva Prime,Europe,-77.55,132.79,70.76,130.33,43.06,47.84,71.21,32.74,Online
2026-04-06T08:50:00Z,GS-06,Tanegashima,Asia Pacific,-56.34,131.48,70.95,70.37,40.26,53.15,118.8,30.7,Online
2026-04-06T08:55:00Z,GS-01,Geneva Prime,Europe,-58.17,133.86,73.56,132.68,84.39,62.82,38.05,30.55,Online
2026-04-06T08:55:00Z,GS-06,Tanegashima,Asia Pacific,-72.69,135.25,71.82,126.06,57.03,54.19,81.28,32.13,Online
2026-04-06T09:00:00Z,GS-01,Geneva Prime,Europe,-64.92,133.93,73.58,101.56,45.16,53.58,107.01,30.73,Online
2026-04-06T09:00:00Z,GS-06,Tanegashima,Asia Pacific,-53.18,135.96,70.39,109.53,47.23,59.69,80.52,32.34,Online
2026-04-06T09:05:00Z,GS-01,Geneva Prime,Europe,-58.05,136.37,68.54,95.43,48.18,60.78,118.15,33.26,Online
2026-04-06T09:05:00Z,GS-06,Tanegashima,Asia Pacific,-73.06,135.92,70.12,99.87,44.96,64.89,87.09,34.18,Online
2026-04-06T09:10:00Z,GS-01,Geneva Prime,Europe,-56.38,135.84,69.33,118.11,25.63,49.23,80.43,33.85,Online
2026-04-06T09:10:00Z,GS-06,Tanegashima,Asia Pacific,-40.39,137.07,72.39,102.17,26.62,59.94,55.24,33.8,Online
2026-04-06T09:15:00Z,GS-01,Geneva Prime,Europe,-60.39,136.19,66.78,99.37,20.0,55.85,89.24,30.93,Online
2026-04-06T09:15:00Z,GS-06,Tanegashima,Asia Pacific,-45.09,141.13,67.75,91.06,56.94,59.99,24.22,32.3,Online
2026-04-06T09:20:00Z,GS-01,Geneva Prime,Europe,-72.79,142.22,70.5,90.59,46.71,49.54,49.85,34.93,Online
2026-04-06T09:20:00Z,GS-06,Tanegashima,Asia Pacific,-59.2,141.86,69.75,139.43,21.01,58.49,145.79,34.03,Online
2026-04-06T09:25:00Z,GS-01,Geneva Prime,Europe,-40.12,141.24,67.7,69.19,31.84,66.46,100.53,32.58,Offline
2026-04-06T09:25:00Z,GS-06,Tanegashima,Asia Pacific,-52.38,141.53,70.7,128.58,32.21,62.19,13.25,32.88,Online
2026-04-06T09:30:00Z,GS-01,Geneva Prime,Europe,-50.94,139.87,67.43,100.29,71.64,57.77,33.11,32.68,Online
2026-04-06T09:30:00Z,GS-06,Tanegashima,Asia Pacific,-84.78,142.03,67.38,95.97,38.29,47.94,65.35,34.16,Online
2026-04-06T09:35:00Z,GS-01,Geneva Prime,Europe,-41.08,148.63,71.12,64.09,40.1,59.82,76.58,32.94,Online
2026-04-06T09:35:00Z,GS-06,Tanegashima,Asia Pacific,-30.0,141.59,66.31,149.31,37.61,63.15,121.39,33.57,Online
2026-04-06T09:40:00Z,GS-01,Geneva Prime,Europe,-57.12,146.88,65.42,85.11,51.43,43.44,136.66,33.37,Online
2026-04-06T09:40:00Z,GS-06,Tanegashima,Asia Pacific,-57.7,141.74,64.63,88.04,54.69,43.39,111.53,32.37,Online
2026-04-06T09:45:00Z,GS-01,Geneva Prime,Europe,-63.35,146.76,67.21,78.63,52.5,41.44,61.98,33.22,Online
2026-04-06T09:45:00Z,GS-06,Tanegashima,Asia Pacific,-65.17,142.6,68.18,62.55,44.19,61.22,80.79,34.74,Online
2026-04-06T09:50:00Z,GS-01,Geneva Prime,Europe,-60.8,148.35,66.01,118.39,61.72,61.1,111.27,35.24,Online
2026-04-06T09:50:00Z,GS-06,Tanegashima,Asia Pacific,-39.64,146.73,68.19,107.46,58.41,64.55,91.03,33.71,Online
2026-04-06T09:55:00Z,GS-01,Geneva Prime,Europe,-56.17,149.34,65.25,92.45,66.16,63.82,57.07,32.71,Online
2026-04-06T09:55:00Z,GS-06,Tanegashima,Asia Pacific,-44.16,147.28,62.6,57.75,24.25,49.61,32.77,35.21,Online
2026-04-06T10:00:00Z,GS-01,Geneva Prime,Europe,-60.69,149.27,62.11,95.71,24.15,57.04,162.58,34.19,Online
2026-04-06T10:00:00Z,GS-06,Tanegashima,Asia Pacific,-63.15,151.4,63.96,75.98,65.45,50.86,65.84,33.66,Degraded
2026-04-06T10:05:00Z,GS-01,Geneva Prime,Europe,-74.04,152.55,63.82,119.92,52.03,58.06,148.43,32.26,Online
2026-04-06T10:05:00Z,GS-06,Tanegashima,Asia Pacific,-39.77,153.6,67.97,105.22,35.54,76.61,66.61,32.04,Online
2026-04-06T10:10:00Z,GS-01,Geneva Prime,Europe,-62.85,150.54,64.9,81.83,41.55,67.74,104.95,33.35,Online
2026-04-06T10:10:00Z,GS-06,Tanegashima,Asia Pacific,-57.44,152.52,62.99,99.92,50.89,58.99,96.79,32.07,Online
2026-04-06T10:15:00Z,GS-01,Geneva Prime,Europe,-69.06,152.28,62.14,138.62,53.71,51.38,97.5,32.8,Online
2026-04-06T10:15:00Z,GS-06,Tanegashima,Asia Pacific,-70.24,150.78,65.21,59.08,44.38,52.43,111.03,32.88,Online
2026-04-06T10:20:00Z,GS-01,Geneva Prime,Europe,-62.02,154.8,63.28,100.39,44.48,55.85,17.01,31.76,Online
2026-04-06T10:20:00Z,GS-06,Tanegashima,Asia Pacific,-49.22,154.39,61.35,57.83,24.36,54.37,115.52,32.6,Online
2026-04-06T10:25:00Z,GS-01,Geneva Prime,Europe,-53.99,155.04,63.36,89.45,30.22,57.85,153.36,36.18,Online
2026-04-06T10:25:00Z,GS-06,Tanegashima,Asia Pacific,-52.7,155.98,62.69,109.51,44.52,63.53,88.33,33.02,Online
2026-04-06T10:30:00Z,GS-01,Geneva Prime,Europe,-77.93,156.58,63.08,99.06,73.37,57.74,37.62,33.19,Online
2026-04-06T10:30:00Z,GS-06,Tanegashima,Asia Pacific,-75.34,155.33,63.89,87.4,36.1,72.94,112.6,32.99,Online
2026-04-06T10:35:00Z,GS-01,Geneva Prime,Europe,-53.59,158.28,59.49,114.24,41.11,60.6,120.85,34.96,Online
2026-04-06T10:35:00Z,GS-06,Tanegashima,Asia Pacific,-68.25,159.72,58.62,113.51,46.78,63.03,68.1,36.72,Online
2026-04-06T10:40:00Z,GS-01,Geneva Prime,Europe,-73.52,161.94,58.2,115.13,51.91,60.44,60.19,33.85,Online
2026-04-06T10:40:00Z,GS-06,Tanegashima,Asia Pacific,-55.99,163.58,58.52,83.32,48.42,57.95,76.0,35.24,Online
2026-04-06T10:45:00Z,GS-01,Geneva Prime,Europe,-102.3,160.05,56.16,64.13,73.86,64.79,118.06,33.56,Online
2026-04-06T10:45:00Z,GS-06,Tanegashima,Asia Pacific,-48.62,157.72,61.72,75.4,38.62,64.04,92.66,33.81,Online
2026-04-06T10:50:00Z,GS-01,Geneva Prime,Europe,-80.45,162.7,60.94,84.03,60.78,53.02,80.26,36.03,Online
2026-04-06T10:50:00Z,GS-06,Tanegashima,Asia Pacific,-70.22,164.61,62.97,105.13,38.68,53.82,132.18,35.64,Online
2026-04-06T10:55:00Z,GS-01,Geneva Prime,Europe,-38.26,163.68,60.47,98.53,34.4,68.99,145.35,32.23,Online
2026-04-06T10:55:00Z,GS-06,Tanegashima,Asia Pacific,-75.59,163.83,60.31,65.99,47.72,55.28,108.03,32.56,Online
2026-04-06T11:00:00Z,GS-01,Geneva Prime,Europe,-48.42,164.68,55.89,101.91,21.74,55.53,93.5,31.14,Online
2026-04-06T11:00:00Z,GS-06,Tanegashima,Asia Pacific,-98.57,160.32,60.42,97.7,38.61,67.56,63.82,34.2,Online
2026-04-06T11:05:00Z,GS-01,Geneva Prime,Europe,-59.61,165.31,57.72,123.2,42.78,56.32,66.3,30.38,Online
2026-04-06T11:05:00Z,GS-06,Tanegashima,Asia Pacific,-55.75,163.83,58.39,97.29,46.26,65.6,42.94,34.38,Online
2026-04-06T11:10:00Z,GS-01,Geneva Prime,Europe,-55.99,167.13,54.64,117.86,53.44,60.91,37.19,33.07,Online
2026-04-06T11:10:00Z,GS-06,Tanegashima,Asia Pacific,-60.9,168.88,53.33,83.09,40.17,59.33,27.95,33.53,Online
2026-04-06T11:15:00Z,GS-01,Geneva Prime,Europe,-64.66,166.67,55.62,83.76,50.95,52.92,83.59,32.67,Online
2026-04-06T11:15:00Z,GS-06,Tanegashima,Asia Pacific,-69.0,169.34,56.32,87.49,41.77,48.37,136.11,34.92,Online
2026-04-06T11:20:00Z,GS-01,Geneva Prime,Europe,-50.23,166.81,54.02,89.96,21.83,67.12,138.16,37.0,Online
2026-04-06T11:20:00Z,GS-06,Tanegashima,Asia Pacific,-75.69,170.23,57.86,92.39,38.2,45.07,125.3,33.88,Online
2026-04-06T11:25:00Z,GS-01,Geneva Prime,Europe,-70.94,171.82,54.87,105.05,42.39,72.98,74.65,36.36,Online
2026-04-06T11:25:00Z,GS-06,Tanegashima,Asia Pacific,-51.54,171.95,54.34,129.22,46.36,52.54,41.38,34.56,Online
2026-04-06T11:30:00Z,GS-01,Geneva Prime,Europe,-73.61,172.38,56.03,109.12,36.33,71.28,101.92,35.48,Online
2026-04-06T11:30:00Z,GS-06,Tanegashima,Asia Pacific,-94.01,173.16,55.6,151.01,27.43,69.65,145.78,30.92,Online
2026-04-06T11:35:00Z,GS-01,Geneva Prime,Europe,-52.82,174.99,52.61,85.3,53.01,55.08,71.31,35.18,Online
2026-04-06T11:35:00Z,GS-06,Tanegashima,Asia Pacific,-33.69,174.83,53.53,84.51,32.87,68.88,73.86,35.69,Online
2026-04-06T11:40:00Z,GS-01,Geneva Prime,Europe,-64.94,173.7,53.46,97.7,30.53,74.54,54.92,35.37,Online
2026-04-06T11:40:00Z,GS-06,Tanegashima,Asia Pacific,-47.37,172.48,50.61,90.95,34.61,73.81,71.99,35.31,Online
2026-04-06T11:45:00Z,GS-01,Geneva Prime,Europe,-52.3,176.78,52.04,137.11,35.1,73.81,28.51,35.16,Online
2026-04-06T11:45:00Z,GS-06,Tanegashima,Asia Pacific,-81.08,175.62,52.15,85.4,42.82,48.9,40.5,34.73,Online
2026-04-06T11:50:00Z,GS-01,Geneva Prime,Europe,-59.55,176.12,53.96,63.4,40.66,55.95,104.6,34.07,Online
2026-04-06T11:50:00Z,GS-06,Tanegashima,Asia Pacific,-61.62,173.81,53.04,93.47,46.39,54.01,43.77,36.24,Online
2026-04-06T11:55:00Z,GS-01,Geneva Prime,Europe,-86.6,176.64,53.62,119.22,41.09,69.97,97.87,34.35,Online
2026-04-06T11:55:00Z,GS-06,Tanegashima,Asia Pacific,-56.62,179.68,51.67,165.88,42.66,58.69,30.52,33.92,Online
2026-04-06T12:00:00Z,GS-01,Geneva Prime,Europe,-32.06,181.97,48.91,100.9,29.44,52.25,85.98,33.26,Online
2026-04-06T12:00:00Z,GS-06,Tanegashima,Asia Pacific,-75.67,180.98,49.84,52.97,20.1,55.44,16.47,31.2,Online
2026-04-06T12:05:00Z,GS-01,Geneva Prime,Europe,-43.07,181.05,48.81,94.35,31.35,63.29,74.77,32.86,Online
2026-04-06T12:05:00Z,GS-06,Tanegashima,Asia Pacific,-69.11,178.8,48.53,92.81,39.81,60.44,76.86,34.34,Online
2026-04-06T12:10:00Z,GS-01,Geneva Prime,Europe,-45.85,183.69,50.6,74.57,38.9,65.23,106.86,32.98,Online
2026-04-06T12:10:00Z,GS-06,Tanegashima,Asia Pacific,-50.83,180.61,49.65,99.21,28.39,56.53,167.29,34.3,Online
2026-04-06T12:15:00Z,GS-01,Geneva Prime,Europe,-30.0,180.86,49.54,23.97,84.32,65.05,113.52,32.79,Degraded
2026-04-06T12:15:00Z,GS-06,Tanegashima,Asia Pacific,-44.41,182.68,47.71,87.0,31.36,72.56,81.92,35.62,Online
2026-04-06T12:20:00Z,GS-01,Geneva Prime,Europe,-44.33,183.06,49.82,115.1,32.51,63.59,39.08,36.39,Online
2026-04-06T12:20:00Z,GS-06,Tanegashima,Asia Pacific,-47.79,184.86,49.91,52.54,36.01,57.98,169.43,32.37,Online
2026-04-06T12:25:00Z,GS-01,Geneva Prime,Europe,-85.61,183.36,48.55,82.17,43.09,66.1,73.68,34.27,Online
2026-04-06T12:25:00Z,GS-06,Tanegashima,Asia Pacific,-51.97,185.39,46.4,107.26,55.42,53.66,10.0,34.98,Online
2026-04-06T12:30:00Z,GS-01,Geneva Prime,Europe,-46.08,187.9,46.62,83.07,51.0,66.83,82.26,37.69,Online
2026-04-06T12:30:00Z,GS-06,Tanegashima,Asia Pacific,-83.46,187.83,43.74,126.4,26.02,49.33,54.67,34.35,Online
2026-04-06T12:35:00Z,GS-01,Geneva Prime,Europe,-68.93,187.58,45.07,92.73,62.85,65.49,67.02,37.08,Online
2026-04-06T12:35:00Z,GS-06,Tanegashima,Asia Pacific,-52.63,186.81,45.95,116.07,36.75,51.58,83.46,33.39,Online
2026-04-06T12:40:00Z,GS-01,Geneva Prime,Europe,-37.81,191.48,43.51,112.78,60.21,48.85,39.09,33.89,Online
2026-04-06T12:40:00Z,GS-06,Tanegashima,Asia Pacific,-59.47,189.9,44.17,90.22,49.61,69.07,60.76,37.57,Online
2026-04-06T12:45:00Z,GS-01,Geneva Prime,Europe,-30.59,193.91,45.39,160.24,70.06,53.34,58.96,32.38,Online
2026-04-06T12:45:00Z,GS-06,Tanegashima,Asia Pacific,-58.17,191.85,44.55,99.63,46.6,73.89,104.8,35.27,Online
2026-04-06T12:50:00Z,GS-01,Geneva Prime,Europe,-57.14,189.27,39.88,162.48,38.62,55.07,89.83,34.68,Online
2026-04-06T12:50:00Z,GS-06,Tanegashima,Asia Pacific,-49.85,196.05,46.51,75.67,56.62,56.93,74.5,32.22,Online
2026-04-06T12:55:00Z,GS-01,Geneva Prime,Europe,-85.4,193.69,40.96,127.83,41.63,62.47,134.7,31.6,Online
2026-04-06T12:55:00Z,GS-06,Tanegashima,Asia Pacific,-70.87,194.11,43.49,133.1,55.41,60.78,92.14,34.32,Online
2026-04-06T13:00:00Z,GS-01,Geneva Prime,Europe,-82.05,194.69,42.73,113.76,33.91,49.85,70.62,36.75,Online
2026-04-06T13:00:00Z,GS-06,Tanegashima,Asia Pacific,-72.29,197.35,45.4,101.36,36.84,64.1,87.8,32.51,Online
2026-04-06T13:05:00Z,GS-01,Geneva Prime,Europe,-69.88,197.16,43.47,90.32,44.17,65.35,73.1,33.31,Online
2026-04-06T13:05:00Z,GS-06,Tanegashima,Asia Pacific,-71.33,194.7,46.94,94.11,61.38,73.47,72.66,34.31,Online
2026-04-06T13:10:00Z,GS-01,Geneva Prime,Europe,-58.46,194.28,37.87,101.47,39.9,75.13,70.54,36.65,Online
2026-04-06T13:10:00Z,GS-06,Tanegashima,Asia Pacific,-67.15,201.32,41.99,116.9,38.86,64.62,147.71,33.51,Online
2026-04-06T13:15:00Z,GS-01,Geneva Prime,Europe,-65.09,198.26,43.6,125.66,62.37,62.51,81.57,34.32,Online
2026-04-06T13:15:00Z,GS-06,Tanegashima,Asia Pacific,-43.95,198.26,43.09,110.97,20.0,67.07,29.11,34.97,Online
2026-04-06T13:20:00Z,GS-01,Geneva Prime,Europe,-46.48,200.66,40.83,132.97,39.05,66.35,126.52,36.28,Online
2026-04-06T13:20:00Z,GS-06,Tanegashima,Asia Pacific,-76.59,200.82,37.82,69.88,49.31,60.62,125.8,33.12,Online
2026-04-06T13:25:00Z,GS-01,Geneva Prime,Europe,-62.01,201.67,37.4,78.31,58.39,55.61,127.3,34.5,Online
2026-04-06T13:25:00Z,GS-06,Tanegashima,Asia Pacific,-83.21,202.31,40.17,112.69,43.3,52.48,133.85,33.44,Online
2026-04-06T13:30:00Z,GS-01,Geneva Prime,Europe,-73.25,203.41,37.03,71.53,79.16,54.68,43.51,34.75,Online
2026-04-06T13:30:00Z,GS-06,Tanegashima,Asia Pacific,-61.71,205.0,36.81,48.17,46.79,74.85,101.24,38.37,Online
2026-04-06T13:35:00Z,GS-01,Geneva Prime,Europe,-55.02,204.22,33.61,112.84,47.02,56.74,74.53,33.39,Online
2026-04-06T13:35:00Z,GS-06,Tanegashima,Asia Pacific,-62.7,207.93,37.18,105.08,40.15,66.27,87.07,33.07,Online
2026-04-06T13:40:00Z,GS-01,Geneva Prime,Europe,-88.89,205.49,36.7,98.18,30.81,71.47,114.27,35.58,Online
2026-04-06T13:40:00Z,GS-06,Tanegashima,Asia Pacific,-42.8,206.18,35.04,155.3,33.87,57.85,108.28,34.57,Online
2026-04-06T13:45:00Z,GS-01,Geneva Prime,Europe,-51.42,205.45,35.52,176.04,44.53,58.71,51.46,33.75,Maintenance
2026-04-06T13:45:00Z,GS-06,Tanegashima,Asia Pacific,-57.03,206.22,37.49,152.91,37.86,60.34,54.09,33.82,Online
2026-04-06T13:50:00Z,GS-01,Geneva Prime,Europe,-68.53,206.45,33.23,102.93,50.16,74.88,98.78,32.65,Online
2026-04-06T13:50:00Z,GS-06,Tanegashima,Asia Pacific,-80.4,205.06,33.56,156.34,48.45,55.34,41.61,32.04,Online
2026-04-06T13:55:00Z,GS-01,Geneva Prime,Europe,-69.14,211.38,35.51,56.58,72.73,50.88,56.37,35.23,Online
2026-04-06T13:55:00Z,GS-06,Tanegashima,Asia Pacific,-53.77,207.81,33.11,71.0,34.12,60.06,87.64,33.04,Online
2026-04-06T14:00:00Z,GS-01,Geneva Prime,Europe,-60.59,207.9,35.59,138.42,43.05,58.54,83.32,34.87,Online
2026-04-06T14:00:00Z,GS-06,Tanegashima,Asia Pacific,-73.42,212.9,35.84,100.86,59.56,50.54,100.88,33.84,Online
2026-04-06T14:05:00Z,GS-01,Geneva Prime,Europe,-74.03,212.17,35.0,94.64,55.35,55.43,90.81,32.93,Online
2026-04-06T14:05:00Z,GS-06,Tanegashima,Asia Pacific,-69.22,212.26,34.02,55.81,23.39,66.31,31.18,33.55,Online
2026-04-06T14:10:00Z,GS-01,Geneva Prime,Europe,-59.18,211.76,37.79,105.39,54.07,62.28,70.74,33.03,Online
2026-04-06T14:10:00Z,GS-06,Tanegashima,Asia Pacific,-38.12,214.68,37.78,106.65,34.48,56.48,32.49,34.21,Online
2026-04-06T14:15:00Z,GS-01,Geneva Prime,Europe,-68.79,207.64,38.26,82.88,38.08,73.37,31.67,34.69,Online
2026-04-06T14:15:00Z,GS-06,Tanegashima,Asia Pacific,-68.81,211.1,36.74,127.69,95.0,62.94,103.96,31.14,Online
2026-04-06T14:20:00Z,GS-01,Geneva Prime,Europe,-58.33,213.14,30.01,112.33,58.9,56.93,71.52,31.21,Degraded
2026-04-06T14:20:00Z,GS-06,Tanegashima,Asia Pacific,-59.89,216.52,34.38,116.36,37.58,54.8,111.82,34.13,Online
2026-04-06T14:25:00Z,GS-01,Geneva Prime,Europe,-62.58,215.4,34.6,89.2,53.95,58.91,38.1,35.26,Online
2026-04-06T14:25:00Z,GS-06,Tanegashima,Asia Pacific,-58.2,214.83,29.48,61.3,40.53,75.4,56.61,35.01,Online
2026-04-06T14:30:00Z,GS-01,Geneva Prime,Europe,-61.96,215.14,30.79,61.57,34.73,52.91,10.0,35.03,Online
2026-04-06T14:30:00Z,GS-06,Tanegashima,Asia Pacific,-56.83,216.13,32.18,74.94,20.0,80.0,87.58,31.88,Degraded
2026-04-06T14:35:00Z,GS-01,Geneva Prime,Europe,-89.01,215.76,34.53,145.06,54.04,51.08,140.4,33.35,Online
2026-04-06T14:35:00Z,GS-06,Tanegashima,Asia Pacific,-50.18,219.64,28.21,64.06,38.88,65.15,24.78,32.42,Online
2026-04-06T14:40:00Z,GS-01,Geneva Prime,Europe,-62.65,221.59,32.07,69.69,62.36,50.69,123.69,31.77,Degraded
2026-04-06T14:40:00Z,GS-06,Tanegashima,Asia Pacific,-57.54,220.45,31.11,120.23,49.7,66.27,98.58,30.7,Online
2026-04-06T14:45:00Z,GS-01,Geneva Prime,Europe,-55.95,220.12,28.0,91.3,86.5,62.0,122.24,34.47,Online
2026-04-06T14:45:00Z,GS-06,Tanegashima,Asia Pacific,-54.96,222.28,30.41,123.02,50.84,59.56,166.08,31.69,Online
2026-04-06T14:50:00Z,GS-01,Geneva Prime,Europe,-38.18,219.79,31.36,143.1,22.11,61.11,108.62,32.8,Online
2026-04-06T14:50:00Z,GS-06,Tanegashima,Asia Pacific,-54.33,222.77,27.54,171.04,38.96,63.47,54.13,29.01,Online
2026-04-06T14:55:00Z,GS-01,Geneva Prime,Europe,-73.87,220.85,31.44,81.79,38.83,51.49,83.76,31.26,Online
2026-04-06T14:55:00Z,GS-06,Tanegashima,Asia Pacific,-45.11,224.35,28.11,125.51,45.1,60.17,21.49,32.23,Online
2026-04-06T15:00:00Z,GS-01,Geneva Prime,Europe,-55.18,227.67,27.28,168.34,51.68,47.84,46.19,34.37,Online
2026-04-06T15:00:00Z,GS-06,Tanegashima,Asia Pacific,-41.35,225.04,29.09,65.06,60.86,52.1,113.79,34.27,Online
2026-04-06T15:05:00Z,GS-01,Geneva Prime,Europe,-59.28,228.19,32.02,108.04,42.9,59.47,50.28,31.0,Online
2026-04-06T15:05:00Z,GS-06,Tanegashima,Asia Pacific,-53.36,225.92,28.98,55.3,43.89,68.24,35.24,32.17,Online
2026-04-06T15:10:00Z,GS-01,Geneva Prime,Europe,-87.82,224.89,29.5,90.72,66.86,63.46,101.22,30.44,Online
2026-04-06T15:10:00Z,GS-06,Tanegashima,Asia Pacific,-65.78,226.03,25.75,119.92,55.37,63.19,46.88,32.55,Online
2026-04-06T15:15:00Z,GS-01,Geneva Prime,Europe,-88.69,231.4,24.85,66.39,46.38,61.63,77.09,30.29,Online
2026-04-06T15:15:00Z,GS-06,Tanegashima,Asia Pacific,-43.0,225.38,24.48,96.79,64.85,69.78,32.87,34.29,Online
2026-04-06T15:20:00Z,GS-01,Geneva Prime,Europe,-44.47,232.47,30.79,102.44,69.5,59.18,57.33,30.79,Online
2026-04-06T15:20:00Z,GS-06,Tanegashima,Asia Pacific,-57.74,229.38,25.51,92.64,51.59,67.65,15.88,31.4,Online
2026-04-06T15:25:00Z,GS-01,Geneva Prime,Europe,-62.12,228.88,26.36,104.44,51.23,60.62,44.76,34.77,Online
2026-04-06T15:25:00Z,GS-06,Tanegashima,Asia Pacific,-47.56,232.36,28.61,107.34,60.44,60.45,80.07,32.71,Online
2026-04-06T15:30:00Z,GS-01,Geneva Prime,Europe,-36.35,235.52,27.39,115.5,53.35,67.88,131.95,31.3,Online
2026-04-06T15:30:00Z,GS-06,Tanegashima,Asia Pacific,-40.23,233.19,27.5,141.46,53.96,67.33,64.42,33.9,Online
2026-04-06T15:35:00Z,GS-01,Geneva Prime,Europe,-49.56,234.0,28.01,177.63,30.97,53.57,187.41,32.19,Online
2026-04-06T15:35:00Z,GS-06,Tanegashima,Asia Pacific,-57.14,233.52,28.22,178.34,37.02,59.22,65.97,32.65,Online
2026-04-06T15:40:00Z,GS-01,Geneva Prime,Europe,-41.66,238.24,26.96,175.58,38.1,53.32,138.77,31.63,Online
2026-04-06T15:40:00Z,GS-06,Tanegashima,Asia Pacific,-80.64,234.37,25.94,80.61,32.82,58.34,37.42,32.39,Online
2026-04-06T15:45:00Z,GS-01,Geneva Prime,Europe,-89.16,236.43,26.09,97.28,58.12,49.04,51.96,30.84,Online
2026-04-06T15:45:00Z,GS-06,Tanegashima,Asia Pacific,-49.31,236.69,29.34,75.83,28.26,74.31,22.77,32.36,Online
2026-04-06T15:50:00Z,GS-01,Geneva Prime,Europe,-74.68,233.36,23.95,126.98,30.34,64.61,110.51,29.32,Online
2026-04-06T15:50:00Z,GS-06,Tanegashima,Asia Pacific,-63.42,240.65,26.0,92.16,49.98,54.52,124.55,32.89,Online
2026-04-06T15:55:00Z,GS-01,Geneva Prime,Europe,-58.19,239.21,22.36,59.44,40.48,59.3,122.51,32.5,Online
2026-04-06T15:55:00Z,GS-06,Tanegashima,Asia Pacific,-57.23,241.13,22.47,132.32,35.51,69.92,79.47,28.12,Online
2026-04-06T16:00:00Z,GS-01,Geneva Prime,Europe,-49.05,241.62,23.11,88.86,43.09,44.6,10.0,32.95,Online
2026-04-06T16:00:00Z,GS-06,Tanegashima,Asia Pacific,-72.36,243.71,26.76,147.02,62.84,47.13,36.52,30.33,Online
2026-04-06T16:05:00Z,GS-01,Geneva Prime,Europe,-95.6,240.3,23.29,61.17,32.51,58.24,94.25,29.55,Online
2026-04-06T16:05:00Z,GS-06,Tanegashima,Asia Pacific,-55.62,241.52,23.79,80.44,29.0,73.57,105.21,32.39,Online
2026-04-06T16:10:00Z,GS-01,Geneva Prime,Europe,-61.25,242.17,24.37,44.96,31.62,53.62,61.82,29.45,Online
2026-04-06T16:10:00Z,GS-06,Tanegashima,Asia Pacific,-55.01,242.66,26.18,174.21,55.23,61.18,85.82,30.75,Degraded
2026-04-06T16:15:00Z,GS-01,Geneva Prime,Europe,-76.27,241.92,23.57,71.64,46.91,58.03,85.67,29.22,Online
2026-04-06T16:15:00Z,GS-06,Tanegashima,Asia Pacific,-57.64,241.99,23.42,140.18,48.13,62.57,112.69,28.55,Online
2026-04-06T16:20:00Z,GS-01,Geneva Prime,Europe,-34.22,242.89,24.57,122.41,34.17,68.07,99.91,33.37,Online
2026-04-06T16:20:00Z,GS-06,Tanegashima,Asia Pacific,-57.1,244.78,21.78,47.7,68.31,57.79,90.48,28.4,Online
2026-04-06T16:25:00Z,GS-01,Geneva Prime,Europe,-63.59,247.4,23.89,44.21,53.48,58.03,72.6,26.87,Online
2026-04-06T16:25:00Z,GS-06,Tanegashima,Asia Pacific,-37.6,246.6,19.48,111.26,49.13,69.78,67.61,30.43,Online
2026-04-06T16:30:00Z,GS-01,Geneva Prime,Europe,-69.64,248.7,20.72,73.21,44.19,50.19,144.09,33.19,Online
2026-04-06T16:30:00Z,GS-06,Tanegashima,Asia Pacific,-66.8,244.73,22.96,85.54,59.1,53.7,101.78,30.47,Online
2026-04-06T16:35:00Z,GS-01,Geneva Prime,Europe,-70.14,249.23,23.8,102.61,46.17,53.02,125.77,31.74,Online
2026-04-06T16:35:00Z,GS-06,Tanegashima,Asia Pacific,-66.16,248.5,24.87,65.99,52.25,55.53,151.12,30.27,Online
2026-04-06T16:40:00Z,GS-01,Geneva Prime,Europe,-41.09,248.48,19.31,92.97,48.15,55.91,110.33,29.74,Online
2026-04-06T16:40:00Z,GS-06,Tanegashima,Asia Pacific,-91.22,251.11,20.04,89.15,63.64,74.18,56.98,30.92,Online
2026-04-06T16:45:00Z,GS-01,Geneva Prime,Europe,-68.28,250.68,20.38,48.27,46.14,62.31,53.16,31.56,Online
2026-04-06T16:45:00Z,GS-06,Tanegashima,Asia Pacific,-66.54,249.98,22.65,53.72,55.88,56.78,119.57,31.86,Online
2026-04-06T16:50:00Z,GS-01,Geneva Prime,Europe,-50.4,250.88,18.89,56.98,58.23,58.92,56.03,29.61,Online
2026-04-06T16:50:00Z,GS-06,Tanegashima,Asia Pacific,-43.79,254.06,22.27,119.14,47.16,62.42,88.84,29.8,Online
2026-04-06T16:55:00Z,GS-01,Geneva Prime,Europe,-48.7,254.47,19.44,115.87,47.97,64.89,75.83,30.9,Online
2026-04-06T16:55:00Z,GS-06,Tanegashima,Asia Pacific,-60.92,255.2,20.29,88.38,52.22,57.35,168.23,30.53,Degraded
2026-04-06T17:00:00Z,GS-01,Geneva Prime,Europe,-59.63,256.64,20.06,127.69,55.74,70.03,62.37,27.72,Online
2026-04-06T17:00:00Z,GS-06,Tanegashima,Asia Pacific,-69.15,254.44,24.36,165.85,49.14,60.08,66.0,30.79,Online
2026-04-06T17:05:00Z,GS-01,Geneva Prime,Europe,-30.0,259.82,23.14,133.7,54.99,59.62,50.54,29.39,Online
2026-04-06T17:05:00Z,GS-06,Tanegashima,Asia Pacific,-53.66,253.34,20.55,75.22,57.17,55.6,93.13,28.38,Online
2026-04-06T17:10:00Z,GS-01,Geneva Prime,Europe,-36.03,254.1,21.66,61.68,38.89,61.65,90.21,29.64,Online
2026-04-06T17:10:00Z,GS-06,Tanegashima,Asia Pacific,-57.72,256.22,20.38,100.95,47.34,59.47,109.18,29.44,Online
2026-04-06T17:15:00Z,GS-01,Geneva Prime,Europe,-56.98,257.98,18.47,104.62,59.49,63.55,47.3,30.39,Online
2026-04-06T17:15:00Z,GS-06,Tanegashima,Asia Pacific,-65.03,260.18,19.84,110.6,38.78,56.06,17.35,29.94,Online
2026-04-06T17:20:00Z,GS-01,Geneva Prime,Europe,-54.45,260.85,21.01,77.13,56.59,67.94,48.47,29.84,Online
2026-04-06T17:20:00Z,GS-06,Tanegashima,Asia Pacific,-46.88,259.06,19.86,116.02,26.88,51.29,40.41,26.35,Online
2026-04-06T17:25:00Z,GS-01,Geneva Prime,Europe,-43.73,257.27,21.04,124.35,41.48,54.65,89.31,28.92,Online
2026-04-06T17:25:00Z,GS-06,Tanegashima,Asia Pacific,-44.95,255.99,18.51,116.85,45.61,66.02,90.48,28.71,Degraded
2026-04-06T17:30:00Z,GS-01,Geneva Prime,Europe,-64.53,267.15,23.33,114.87,45.94,64.31,113.07,29.41,Online
2026-04-06T17:30:00Z,GS-06,Tanegashima,Asia Pacific,-71.27,266.07,20.75,160.42,47.25,58.03,135.37,29.23,Online
2026-04-06T17:35:00Z,GS-01,Geneva Prime,Europe,-58.0,261.35,21.5,85.2,39.63,56.08,97.56,26.35,Online
2026-04-06T17:35:00Z,GS-06,Tanegashima,Asia Pacific,-63.16,265.71,17.69,105.19,37.42,56.77,146.21,26.18,Online
2026-04-06T17:40:00Z,GS-01,Geneva Prime,Europe,-48.52,264.04,19.06,66.65,54.05,58.47,67.29,28.69,Online
2026-04-06T17:40:00Z,GS-06,Tanegashima,Asia Pacific,-62.55,261.0,19.13,126.86,26.92,51.28,62.93,27.43,Online
2026-04-06T17:45:00Z,GS-01,Geneva Prime,Europe,-60.42,264.06,19.29,98.56,52.79,69.96,69.54,31.22,Online
2026-04-06T17:45:00Z,GS-06,Tanegashima,Asia Pacific,-62.76,267.91,23.93,104.18,28.52,60.73,55.53,27.98,Online
2026-04-06T17:50:00Z,GS-01,Geneva Prime,Europe,-30.23,265.05,20.63,73.67,41.31,65.96,92.73,27.92,Online
2026-04-06T17:50:00Z,GS-06,Tanegashima,Asia Pacific,-69.75,268.13,23.44,72.96,67.94,69.6,134.77,28.72,Online
2026-04-06T17:55:00Z,GS-01,Geneva Prime,Europe,-42.43,266.73,18.67,122.97,48.55,58.81,10.0,27.48,Online
2026-04-06T17:55:00Z,GS-06,Tanegashima,Asia Pacific,-77.61,269.74,19.62,81.15,76.71,68.31,122.23,31.43,Online
2026-04-06T18:00:00Z,GS-01,Geneva Prime,Europe,-47.97,268.46,18.22,128.95,20.29,59.38,10.0,28.15,Online
2026-04-06T18:00:00Z,GS-06,Tanegashima,Asia Pacific,-47.19,270.56,21.88,158.94,43.28,80.0,88.51,29.42,Degraded
2026-04-06T18:05:00Z,GS-01,Geneva Prime,Europe,-69.17,274.49,22.09,144.14,45.65,49.96,98.42,25.32,Online
2026-04-06T18:05:00Z,GS-06,Tanegashima,Asia Pacific,-65.04,271.63,24.76,109.56,46.67,59.5,26.32,28.0,Online
2026-04-06T18:10:00Z,GS-01,Geneva Prime,Europe,-58.46,270.56,17.66,85.55,45.78,56.34,37.96,28.17,Online
2026-04-06T18:10:00Z,GS-06,Tanegashima,Asia Pacific,-51.92,272.74,18.9,117.85,42.71,50.49,121.45,28.27,Online
2026-04-06T18:15:00Z,GS-01,Geneva Prime,Europe,-61.79,270.61,18.57,160.56,26.9,57.99,79.35,28.09,Online
2026-04-06T18:15:00Z,GS-06,Tanegashima,Asia Pacific,-82.46,274.1,16.69,102.92,37.17,53.07,113.39,27.25,Online
2026-04-06T18:20:00Z,GS-01,Geneva Prime,Europe,-52.89,276.01,22.65,63.75,56.03,60.13,64.88,25.75,Online
2026-04-06T18:20:00Z,GS-06,Tanegashima,Asia Pacific,-50.9,273.16,21.15,157.83,56.76,71.13,51.24,28.62,Online
2026-04-06T18:25:00Z,GS-01,Geneva Prime,Europe,-77.16,275.78,23.66,81.76,58.34,68.13,122.99,25.45,Online
2026-04-06T18:25:00Z,GS-06,Tanegashima,Asia Pacific,-52.12,275.94,22.36,50.35,49.41,61.81,10.0,26.02,Online
2026-04-06T18:30:00Z,GS-01,Geneva Prime,Europe,-87.45,276.05,21.36,105.86,47.03,51.68,124.82,27.19,Online
2026-04-06T18:30:00Z,GS-06,Tanegashima,Asia Pacific,-59.49,279.38,18.27,106.86,50.08,55.64,106.09,27.93,Online
2026-04-06T18:35:00Z,GS-01,Geneva Prime,Europe,-61.52,278.49,21.4,123.65,45.75,68.96,106.34,24.4,Online
2026-04-06T18:35:00Z,GS-06,Tanegashima,Asia Pacific,-81.07,281.11,19.86,104.93,58.67,59.95,81.49,25.78,Online
2026-04-06T18:40:00Z,GS-01,Geneva Prime,Europe,-54.45,281.17,19.3,72.34,76.52,59.26,52.65,28.02,Online
2026-04-06T18:40:00Z,GS-06,Tanegashima,Asia Pacific,-60.76,277.83,21.42,74.41,63.92,63.96,68.92,27.12,Online
2026-04-06T18:45:00Z,GS-01,Geneva Prime,Europe,-46.45,281.62,24.82,134.08,50.85,52.5,74.12,27.55,Online
2026-04-06T18:45:00Z,GS-06,Tanegashima,Asia Pacific,-72.34,283.84,18.63,80.88,38.25,65.95,47.8,24.13,Online
2026-04-06T18:50:00Z,GS-01,Geneva Prime,Europe,-43.68,281.61,18.57,77.35,65.6,54.74,75.07,26.03,Online
2026-04-06T18:50:00Z,GS-06,Tanegashima,Asia Pacific,-78.49,281.01,18.11,128.68,46.21,79.86,51.64,25.41,Online
2026-04-06T18:55:00Z,GS-01,Geneva Prime,Europe,-36.99,285.87,21.63,66.59,65.94,59.42,62.77,28.29,Online
2026-04-06T18:55:00Z,GS-06,Tanegashima,Asia Pacific,-60.33,281.42,20.94,76.56,52.02,52.95,58.89,24.84,Online
2026-04-06T19:00:00Z,GS-01,Geneva Prime,Europe,-51.37,283.45,21.98,63.0,55.91,49.79,10.0,28.3,Online
2026-04-06T19:00:00Z,GS-06,Tanegashima,Asia Pacific,-72.84,288.51,22.15,123.71,57.55,60.9,84.96,28.37,Online
2026-04-06T19:05:00Z,GS-01,Geneva Prime,Europe,-58.33,284.79,22.37,36.59,60.83,70.72,127.93,28.06,Online
2026-04-06T19:05:00Z,GS-06,Tanegashima,Asia Pacific,-61.26,286.04,18.74,152.44,39.18,62.72,90.16,24.31,Online
2026-04-06T19:10:00Z,GS-01,Geneva Prime,Europe,-86.17,287.51,20.48,97.32,57.78,61.8,110.34,26.86,Online
2026-04-06T19:10:00Z,GS-06,Tanegashima,Asia Pacific,-64.75,285.5,21.92,102.52,55.98,58.79,68.11,25.85,Online
2026-04-06T19:15:00Z,GS-01,Geneva Prime,Europe,-73.78,291.64,23.87,63.61,54.65,45.24,119.41,25.03,Online
2026-04-06T19:15:00Z,GS-06,Tanegashima,Asia Pacific,-54.6,284.89,19.19,114.06,36.59,53.28,135.83,29.39,Online
2026-04-06T19:20:00Z,GS-01,Geneva Prime,Europe,-45.94,287.82,25.34,53.16,41.35,60.44,156.96,27.32,Online
2026-04-06T19:20:00Z,GS-06,Tanegashima,Asia Pacific,-66.96,288.11,23.81,84.0,47.6,49.04,102.77,26.68,Online
2026-04-06T19:25:00Z,GS-01,Geneva Prime,Europe,-78.62,293.31,23.15,122.2,40.46,61.43,82.54,25.6,Online
2026-04-06T19:25:00Z,GS-06,Tanegashima,Asia Pacific,-57.44,293.76,24.19,64.54,56.82,69.53,73.95,26.59,Online
2026-04-06T19:30:00Z,GS-01,Geneva Prime,Europe,-52.59,290.8,21.52,122.52,39.05,67.8,132.2,27.42,Online
2026-04-06T19:30:00Z,GS-06,Tanegashima,Asia Pacific,-30.3,292.32,22.64,109.62,44.28,64.34,11.55,26.01,Online
2026-04-06T19:35:00Z,GS-01,Geneva Prime,Europe,-80.66,291.82,24.01,94.03,53.37,58.23,124.26,25.22,Online
2026-04-06T19:35:00Z,GS-06,Tanegashima,Asia Pacific,-89.32,294.2,18.2,56.42,34.4,51.94,58.2,24.02,Online
2026-04-06T19:40:00Z,GS-01,Geneva Prime,Europe,-81.09,298.08,21.45,33.08,40.67,51.0,44.6,26.53,Online
2026-04-06T19:40:00Z,GS-06,Tanegashima,Asia Pacific,-66.72,292.69,23.7,134.5,87.1,40.37,35.4,25.54,Online
2026-04-06T19:45:00Z,GS-01,Geneva Prime,Europe,-63.66,295.6,21.13,57.83,69.09,60.22,105.68,25.36,Online
2026-04-06T19:45:00Z,GS-06,Tanegashima,Asia Pacific,-59.3,296.13,20.85,54.57,49.63,61.5,117.53,26.45,Online
2026-04-06T19:50:00Z,GS-01,Geneva Prime,Europe,-72.13,299.77,24.92,120.73,71.99,76.35,107.6,26.08,Online
2026-04-06T19:50:00Z,GS-06,Tanegashima,Asia Pacific,-43.78,296.33,22.25,120.2,34.72,64.74,86.27,23.95,Online
2026-04-06T19:55:00Z,GS-01,Geneva Prime,Europe,-59.61,301.36,23.86,102.6,48.95,63.67,66.77,25.64,Online
2026-04-06T19:55:00Z,GS-06,Tanegashima,Asia Pacific,-75.74,297.15,22.36,114.09,46.92,58.93,107.63,25.68,Online
2026-04-06T20:00:00Z,GS-01,Geneva Prime,Europe,-64.35,297.93,22.38,56.0,46.69,53.1,60.19,24.81,Online
2026-04-06T20:00:00Z,GS-06,Tanegashima,Asia Pacific,-44.34,301.86,23.91,137.97,20.85,75.02,107.7,25.15,Online
2026-04-06T20:05:00Z,GS-01,Geneva Prime,Europe,-73.37,300.37,25.57,118.96,53.02,54.17,42.81,25.18,Online
2026-04-06T20:05:00Z,GS-06,Tanegashima,Asia Pacific,-48.45,301.26,27.32,100.99,44.99,65.36,128.77,22.86,Online
2026-04-06T20:10:00Z,GS-01,Geneva Prime,Europe,-76.77,301.87,31.02,92.16,43.54,64.95,119.08,25.03,Online
2026-04-06T20:10:00Z,GS-06,Tanegashima,Asia Pacific,-42.53,300.11,23.17,134.87,45.13,49.9,27.1,23.56,Online
2026-04-06T20:15:00Z,GS-01,Geneva Prime,Europe,-59.97,304.68,24.4,111.55,39.76,69.79,182.07,24.08,Degraded
2026-04-06T20:15:00Z,GS-06,Tanegashima,Asia Pacific,-52.8,304.55,25.33,119.6,50.75,56.23,132.66,24.97,Online
2026-04-06T20:20:00Z,GS-01,Geneva Prime,Europe,-65.77,309.89,25.19,107.65,47.11,58.96,97.95,23.29,Online
2026-04-06T20:20:00Z,GS-06,Tanegashima,Asia Pacific,-51.05,301.48,22.83,154.77,29.93,44.32,30.74,27.17,Degraded
2026-04-06T20:25:00Z,GS-01,Geneva Prime,Europe,-86.88,304.34,22.89,91.78,39.77,56.15,154.25,22.65,Online
2026-04-06T20:25:00Z,GS-06,Tanegashima,Asia Pacific,-61.53,306.93,23.85,114.6,76.48,62.99,75.68,21.38,Online
2026-04-06T20:30:00Z,GS-01,Geneva Prime,Europe,-40.41,311.64,25.85,73.06,63.07,75.12,73.25,24.02,Online
2026-04-06T20:30:00Z,GS-06,Tanegashima,Asia Pacific,-61.2,304.15,25.62,151.45,42.98,51.68,99.87,23.35,Online
2026-04-06T20:35:00Z,GS-01,Geneva Prime,Europe,-61.0,306.21,24.53,122.13,46.39,53.79,84.78,23.33,Online
2026-04-06T20:35:00Z,GS-06,Tanegashima,Asia Pacific,-71.76,311.08,28.17,99.36,46.73,59.93,99.48,23.05,Online
2026-04-06T20:40:00Z,GS-01,Geneva Prime,Europe,-47.06,310.71,26.49,85.37,55.09,58.8,52.04,23.57,Online
2026-04-06T20:40:00Z,GS-06,Tanegashima,Asia Pacific,-48.46,306.78,26.31,132.12,42.98,62.18,123.47,25.48,Online
2026-04-06T20:45:00Z,GS-01,Geneva Prime,Europe,-66.6,310.99,29.25,128.18,43.94,59.57,90.71,26.09,Online
2026-04-06T20:45:00Z,GS-06,Tanegashima,Asia Pacific,-43.99,312.64,25.29,91.75,42.33,71.35,70.45,25.92,Online
2026-04-06T20:50:00Z,GS-01,Geneva Prime,Europe,-68.56,311.52,28.84,147.04,42.46,40.0,17.43,24.39,Online
2026-04-06T20:50:00Z,GS-06,Tanegashima,Asia Pacific,-82.12,310.77,27.91,26.52,40.44,50.68,20.03,22.74,Online
2026-04-06T20:55:00Z,GS-01,Geneva Prime,Europe,-76.04,314.69,30.72,89.07,37.85,56.69,35.67,21.92,Online
2026-04-06T20:55:00Z,GS-06,Tanegashima,Asia Pacific,-84.68,311.09,31.59,79.29,20.0,55.3,16.38,23.94,Online
2026-04-06T21:00:00Z,GS-01,Geneva Prime,Europe,-60.73,315.11,28.71,88.82,27.53,59.4,120.76,26.48,Maintenance
2026-04-06T21:00:00Z,GS-06,Tanegashima,Asia Pacific,-63.57,314.74,29.79,144.8,39.16,65.54,47.09,24.25,Online
2026-04-06T21:05:00Z,GS-01,Geneva Prime,Europe,-45.44,313.67,28.2,128.64,52.39,68.29,113.94,23.15,Online
2026-04-06T21:05:00Z,GS-06,Tanegashima,Asia Pacific,-30.0,316.52,23.14,91.53,39.37,66.36,61.95,25.31,Online
2026-04-06T21:10:00Z,GS-01,Geneva Prime,Europe,-51.63,315.5,29.45,76.73,47.22,53.75,82.98,23.17,Online
2026-04-06T21:10:00Z,GS-06,Tanegashima,Asia Pacific,-62.28,321.6,29.01,41.97,57.19,68.06,10.0,22.52,Online
2026-04-06T21:15:00Z,GS-01,Geneva Prime,Europe,-53.46,319.8,30.21,100.53,33.74,40.8,161.98,22.04,Online
2026-04-06T21:15:00Z,GS-06,Tanegashima,Asia Pacific,-57.35,318.43,32.01,103.45,46.84,40.0,46.67,24.61,Online
2026-04-06T21:20:00Z,GS-01,Geneva Prime,Europe,-50.18,318.1,27.56,103.8,20.0,50.81,150.41,25.57,Online
2026-04-06T21:20:00Z,GS-06,Tanegashima,Asia Pacific,-52.69,320.61,26.82,77.78,41.46,54.24,65.99,25.35,Online
2026-04-06T21:25:00Z,GS-01,Geneva Prime,Europe,-68.13,320.57,32.7,57.42,34.92,54.1,82.22,22.8,Online
2026-04-06T21:25:00Z,GS-06,Tanegashima,Asia Pacific,-64.7,319.92,29.08,118.27,40.95,64.95,35.53,22.32,Online
2026-04-06T21:30:00Z,GS-01,Geneva Prime,Europe,-63.32,322.24,33.25,87.08,53.96,63.0,75.73,21.81,Online
2026-04-06T21:30:00Z,GS-06,Tanegashima,Asia Pacific,-48.65,320.65,31.69,98.38,42.51,56.89,47.12,20.81,Online
2026-04-06T21:35:00Z,GS-01,Geneva Prime,Europe,-38.94,322.77,32.0,95.97,85.64,75.47,86.39,22.93,Online
2026-04-06T21:35:00Z,GS-06,Tanegashima,Asia Pacific,-76.85,320.86,28.71,76.12,20.0,68.63,96.92,22.78,Online
2026-04-06T21:40:00Z,GS-01,Geneva Prime,Europe,-43.36,322.86,31.15,41.99,54.29,53.52,80.63,24.59,Online
2026-04-06T21:40:00Z,GS-06,Tanegashima,Asia Pacific,-39.44,324.94,33.56,72.88,65.2,58.67,83.21,22.47,Online
2026-04-06T21:45:00Z,GS-01,Geneva Prime,Europe,-42.01,326.65,34.85,110.62,42.36,67.44,93.81,21.57,Online
2026-04-06T21:45:00Z,GS-06,Tanegashima,Asia Pacific,-74.84,326.55,35.15,149.18,23.67,60.21,99.59,23.45,Online
2026-04-06T21:50:00Z,GS-01,Geneva Prime,Europe,-44.86,328.81,31.91,69.56,48.75,67.92,85.74,20.57,Online
2026-04-06T21:50:00Z,GS-06,Tanegashima,Asia Pacific,-75.71,328.88,33.18,103.54,57.79,50.38,63.43,22.16,Online
2026-04-06T21:55:00Z,GS-01,Geneva Prime,Europe,-54.67,330.3,31.48,99.83,55.43,45.16,77.42,21.05,Online
2026-04-06T21:55:00Z,GS-06,Tanegashima,Asia Pacific,-69.62,323.74,37.22,89.33,35.31,62.63,38.31,21.16,Maintenance
2026-04-06T22:00:00Z,GS-01,Geneva Prime,Europe,-37.35,333.62,33.82,132.02,49.27,48.69,42.87,25.13,Degraded
2026-04-06T22:00:00Z,GS-06,Tanegashima,Asia Pacific,-81.4,334.56,33.86,147.42,41.33,66.4,135.8,24.89,Online
2026-04-06T22:05:00Z,GS-01,Geneva Prime,Europe,-68.77,329.54,35.41,60.99,47.87,53.43,123.31,21.88,Online
2026-04-06T22:05:00Z,GS-06,Tanegashima,Asia Pacific,-86.13,334.05,35.94,100.87,58.13,66.97,49.53,22.06,Online
2026-04-06T22:10:00Z,GS-01,Geneva Prime,Europe,-76.69,329.57,37.3,111.77,54.13,70.25,110.98,23.97,Degraded
2026-04-06T22:10:00Z,GS-06,Tanegashima,Asia Pacific,-91.17,331.89,38.08,64.95,46.1,64.16,97.71,23.23,Online
2026-04-06T22:15:00Z,GS-01,Geneva Prime,Europe,-51.02,334.11,33.81,115.21,48.42,48.4,135.19,23.42,Online
2026-04-06T22:15:00Z,GS-06,Tanegashima,Asia Pacific,-80.71,332.12,35.6,83.06,48.52,52.19,125.13,24.19,Online
2026-04-06T22:20:00Z,GS-01,Geneva Prime,Europe,-50.71,335.09,39.2,91.72,36.31,69.52,92.7,21.54,Online
2026-04-06T22:20:00Z,GS-06,Tanegashima,Asia Pacific,-66.27,333.53,41.37,100.12,46.89,65.77,31.39,24.21,Online
2026-04-06T22:25:00Z,GS-01,Geneva Prime,Europe,-69.12,339.91,37.29,131.13,20.0,50.6,68.26,19.46,Online
2026-04-06T22:25:00Z,GS-06,Tanegashima,Asia Pacific,-50.99,336.88,35.94,99.52,54.68,43.18,29.06,22.01,Online
2026-04-06T22:30:00Z,GS-01,Geneva Prime,Europe,-59.64,337.38,40.3,114.32,53.36,48.88,85.79,22.0,Online
2026-04-06T22:30:00Z,GS-06,Tanegashima,Asia Pacific,-38.07,337.85,37.18,125.58,51.76,53.43,66.06,21.96,Online
2026-04-06T22:35:00Z,GS-01,Geneva Prime,Europe,-41.59,339.16,40.58,85.2,49.02,70.43,65.56,22.58,Online
2026-04-06T22:35:00Z,GS-06,Tanegashima,Asia Pacific,-80.45,337.22,38.46,68.17,60.86,53.3,111.47,22.69,Online
2026-04-06T22:40:00Z,GS-01,Geneva Prime,Europe,-59.54,342.97,35.22,94.11,32.04,44.31,32.21,22.39,Online
2026-04-06T22:40:00Z,GS-06,Tanegashima,Asia Pacific,-70.88,341.79,39.31,90.26,41.16,59.21,63.26,21.08,Online
2026-04-06T22:45:00Z,GS-01,Geneva Prime,Europe,-45.16,340.0,39.59,112.88,48.82,52.85,110.2,23.12,Online
2026-04-06T22:45:00Z,GS-06,Tanegashima,Asia Pacific,-57.33,340.39,39.54,93.95,30.22,59.69,115.68,23.63,Online
2026-04-06T22:50:00Z,GS-01,Geneva Prime,Europe,-65.71,344.63,44.79,90.51,53.3,41.9,29.67,22.41,Online
2026-04-06T22:50:00Z,GS-06,Tanegashima,Asia Pacific,-75.1,346.58,42.17,128.97,44.65,51.97,59.25,22.66,Online
2026-04-06T22:55:00Z,GS-01,Geneva Prime,Europe,-69.57,345.09,43.03,100.15,23.09,73.72,71.49,26.3,Online
2026-04-06T22:55:00Z,GS-06,Tanegashima,Asia Pacific,-50.21,343.33,42.5,39.42,57.31,80.0,10.0,21.81,Online
2026-04-06T23:00:00Z,GS-01,Geneva Prime,Europe,-61.58,346.75,46.45,111.49,70.7,61.36,98.06,22.7,Online
2026-04-06T23:00:00Z,GS-06,Tanegashima,Asia Pacific,-41.7,344.16,43.87,63.08,41.59,54.91,83.52,21.73,Online
2026-04-06T23:05:00Z,GS-01,Geneva Prime,Europe,-43.02,344.49,39.41,59.28,56.93,52.24,95.91,21.73,Online
2026-04-06T23:05:00Z,GS-06,Tanegashima,Asia Pacific,-47.64,345.79,48.4,156.94,41.22,56.38,200.0,20.55,Online
2026-04-06T23:10:00Z,GS-01,Geneva Prime,Europe,-60.83,347.54,43.5,47.84,50.96,52.24,137.44,19.96,Online
2026-04-06T23:10:00Z,GS-06,Tanegashima,Asia Pacific,-59.11,343.07,39.2,74.82,36.62,71.73,78.38,24.08,Online
2026-04-06T23:15:00Z,GS-01,Geneva Prime,Europe,-65.7,349.96,42.7,76.2,23.15,62.69,90.48,23.28,Online
2026-04-06T23:15:00Z,GS-06,Tanegashima,Asia Pacific,-56.78,352.8,44.5,129.75,41.11,52.73,108.71,21.98,Online
2026-04-06T23:20:00Z,GS-01,Geneva Prime,Europe,-47.52,350.71,43.2,132.23,34.55,65.0,131.26,21.51,Online
2026-04-06T23:20:00Z,GS-06,Tanegashima,Asia Pacific,-42.66,350.8,46.49,74.9,47.57,48.74,148.45,19.07,Degraded
2026-04-06T23:25:00Z,GS-01,Geneva Prime,Europe,-65.32,349.39,46.79,157.72,52.86,80.0,24.88,20.12,Online
2026-04-06T23:25:00Z,GS-06,Tanegashima,Asia Pacific,-73.4,351.49,43.38,77.45,52.45,50.09,34.67,21.47,Online
2026-04-06T23:30:00Z,GS-01,Geneva Prime,Europe,-64.57,354.52,44.28,78.39,51.98,66.41,137.15,22.76,Online
2026-04-06T23:30:00Z,GS-06,Tanegashima,Asia Pacific,-58.04,353.65,45.55,91.76,23.71,67.15,88.46,23.22,Online
2026-04-06T23:35:00Z,GS-01,Geneva Prime,Europe,-102.24,353.66,45.02,145.04,52.37,61.87,62.72,22.63,Online
2026-04-06T23:35:00Z,GS-06,Tanegashima,Asia Pacific,-73.92,353.55,45.58,167.99,62.64,68.5,20.39,23.33,Online
2026-04-06T23:40:00Z,GS-01,Geneva Prime,Europe,-57.18,357.45,48.03,99.8,47.81,45.55,49.3,22.58,Maintenance
2026-04-06T23:40:00Z,GS-06,Tanegashima,Asia Pacific,-42.91,353.9,47.3,51.97,62.51,68.91,106.08,22.63,Online
2026-04-06T23:45:00Z,GS-01,Geneva Prime,Europe,-36.71,354.64,46.21,131.85,56.93,50.45,58.75,24.55,Online
2026-04-06T23:45:00Z,GS-06,Tanegashima,Asia Pacific,-53.82,357.82,45.72,119.7,27.97,44.16,109.07,24.16,Online
2026-04-06T23:50:00Z,GS-01,Geneva Prime,Europe,-63.81,356.41,52.11,94.16,44.21,73.55,65.86,21.02,Online
2026-04-06T23:50:00Z,GS-06,Tanegashima,Asia Pacific,-47.77,356.08,48.4,60.43,77.46,60.54,118.72,23.29,Online
2026-04-06T23:55:00Z,GS-01,Geneva Prime,Europe,-51.73,359.54,49.2,118.29,31.65,41.21,126.48,23.01,Online
2026-04-06T23:55:00Z,GS-06,Tanegashima,Asia Pacific,-61.9,0.9,47.88,78.84,34.87,64.54,16.68,20.85,Online
2026-04-07T00:00:00Z,GS-01,Geneva Prime,Europe,-55.65,357.59,48.68,33.65,52.27,54.5,36.03,20.06,Online
2026-04-07T00:00:00Z,GS-06,Tanegashima,Asia Pacific,-66.27,356.84,53.88,28.46,39.59,60.86,48.98,22.32,Online
2026-04-07T00:05:00Z,GS-01,Geneva Prime,Europe,-71.99,4.31,48.42,29.46,29.42,63.09,75.28,23.13,Degraded
2026-04-07T00:05:00Z,GS-06,Tanegashima,Asia Pacific,-52.47,359.98,49.68,88.44,67.61,65.53,155.67,23.26,Online
2026-04-07T00:10:00Z,GS-01,Geneva Prime,Europe,-60.95,0.46,51.71,98.17,43.88,58.33,10.0,23.9,Online
2026-04-07T00:10:00Z,GS-06,Tanegashima,Asia Pacific,-60.76,359.67,52.27,74.32,51.75,67.05,120.79,21.76,Online
2026-04-07T00:15:00Z,GS-01,Geneva Prime,Europe,-66.21,2.5,50.52,99.48,42.49,53.4,34.25,21.85,Online
2026-04-07T00:15:00Z,GS-06,Tanegashima,Asia Pacific,-66.51,1.47,53.62,153.16,56.55,54.24,77.99,24.32,Online
2026-04-07T00:20:00Z,GS-01,Geneva Prime,Europe,-77.61,6.57,49.72,150.52,39.84,77.83,149.12,21.86,Online
2026-04-07T00:20:00Z,GS-06,Tanegashima,Asia Pacific,-70.79,5.39,52.25,87.95,25.1,55.88,35.58,22.85,Online
2026-04-07T00:25:00Z,GS-01,Geneva Prime,Europe,-45.13,7.73,53.95,74.41,47.46,66.34,56.55,22.21,Online
2026-04-07T00:25:00Z,GS-06,Tanegashima,Asia Pacific,-62.18,9.57,54.97,118.27,24.4,61.38,73.8,21.79,Degraded
2026-04-07T00:30:00Z,GS-01,Geneva Prime,Europe,-83.45,5.32,53.78,133.43,37.91,56.8,151.24,21.61,Online
2026-04-07T00:30:00Z,GS-06,Tanegashima,Asia Pacific,-61.93,7.27,51.22,117.15,37.17,59.76,97.77,24.97,Online
2026-04-07T00:35:00Z,GS-01,Geneva Prime,Europe,-79.77,10.48,56.3,80.85,52.19,73.15,49.4,22.43,Online
2026-04-07T00:35:00Z,GS-06,Tanegashima,Asia Pacific,-53.93,9.82,56.1,104.99,51.16,52.71,86.56,21.36,Online
2026-04-07T00:40:00Z,GS-01,Geneva Prime,Europe,-78.45,8.98,55.75,113.07,29.78,52.5,108.99,22.85,Online
2026-04-07T00:40:00Z,GS-06,Tanegashima,Asia Pacific,-46.69,12.74,56.29,87.56,46.38,73.28,190.58,22.79,Online
2026-04-07T00:45:00Z,GS-01,Geneva Prime,Europe,-51.97,12.7,55.9,134.92,57.1,62.84,67.28,19.83,Online
2026-04-07T00:45:00Z,GS-06,Tanegashima,Asia Pacific,-49.01,11.68,54.38,66.1,52.94,47.19,91.99,23.38,Online
2026-04-07T00:50:00Z,GS-01,Geneva Prime,Europe,-51.75,11.72,53.99,117.61,59.41,55.42,100.28,24.51,Online
2026-04-07T00:50:00Z,GS-06,Tanegashima,Asia Pacific,-54.92,11.71,58.57,77.87,29.42,66.5,63.75,21.67,Degraded
2026-04-07T00:55:00Z,GS-01,Geneva Prime,Europe,-69.4,12.8,59.94,149.87,66.54,68.72,98.65,20.02,Online
2026-04-07T00:55:00Z,GS-06,Tanegashima,Asia Pacific,-62.81,18.06,56.26,145.42,45.66,40.0,105.62,24.07,Online
2026-04-07T01:00:00Z,GS-01,Geneva Prime,Europe,-60.73,17.47,54.43,58.43,47.46,63.82,134.26,23.16,Online
2026-04-07T01:00:00Z,GS-06,Tanegashima,Asia Pacific,-77.9,15.43,58.97,43.77,44.48,57.32,53.81,22.95,Online
2026-04-07T01:05:00Z,GS-01,Geneva Prime,Europe,-77.25,17.08,59.51,132.51,31.52,47.96,91.16,21.81,Online
2026-04-07T01:05:00Z,GS-06,Tanegashima,Asia Pacific,-30.0,17.17,58.51,94.82,30.38,64.51,76.83,22.12,Online
2026-04-07T01:10:00Z,GS-01,Geneva Prime,Europe,-58.58,17.94,55.54,125.11,61.42,58.9,131.44,24.95,Online
2026-04-07T01:10:00Z,GS-06,Tanegashima,Asia Pacific,-85.51,17.56,59.57,54.77,54.63,60.93,87.77,20.9,Online
2026-04-07T01:15:00Z,GS-01,Geneva Prime,Europe,-53.81,20.43,59.9,84.58,39.77,61.76,81.95,23.68,Online
2026-04-07T01:15:00Z,GS-06,Tanegashima,Asia Pacific,-67.2,16.31,60.36,85.67,54.4,60.06,106.19,20.8,Online
2026-04-07T01:20:00Z,GS-01,Geneva Prime,Europe,-57.85,18.6,57.82,74.17,38.47,69.96,57.16,20.45,Online
2026-04-07T01:20:00Z,GS-06,Tanegashima,Asia Pacific,-58.03,20.06,59.28,95.16,56.71,65.37,103.37,20.59,Online
2026-04-07T01:25:00Z,GS-01,Geneva Prime,Europe,-30.0,23.35,61.91,65.07,56.37,55.99,72.23,19.89,Online
2026-04-07T01:25:00Z,GS-06,Tanegashima,Asia Pacific,-78.62,22.13,62.89,120.55,52.81,59.48,63.73,22.84,Online
2026-04-07T01:30:00Z,GS-01,Geneva Prime,Europe,-47.68,22.51,63.9,93.55,33.24,59.92,84.24,22.33,Online
2026-04-07T01:30:00Z,GS-06,Tanegashima,Asia Pacific,-40.79,24.11,58.62,146.03,20.0,77.21,68.51,22.17,Online
2026-04-07T01:35:00Z,GS-01,Geneva Prime,Europe,-60.9,24.52,62.08,96.0,60.71,64.52,41.65,23.62,Online
2026-04-07T01:35:00Z,GS-06,Tanegashima,Asia Pacific,-52.14,22.66,63.67,95.27,42.34,58.01,10.0,21.72,Online
2026-04-07T01:40:00Z,GS-01,Geneva Prime,Europe,-49.3,24.96,60.11,128.94,41.42,50.23,168.24,20.98,Online
2026-04-07T01:40:00Z,GS-06,Tanegashima,Asia Pacific,-46.81,23.46,62.95,72.93,30.13,64.18,96.21,24.28,Online
2026-04-07T01:45:00Z,GS-01,Geneva Prime,Europe,-60.52,30.69,63.81,117.0,28.7,55.09,100.79,22.49,Online
2026-04-07T01:45:00Z,GS-06,Tanegashima,Asia Pacific,-57.18,24.62,63.51,103.56,30.83,65.14,12.0,22.9,Online
2026-04-07T01:50:00Z,GS-01,Geneva Prime,Europe,-33.52,28.86,65.2,73.08,66.23,71.01,46.26,21.97,Online
2026-04-07T01:50:00Z,GS-06,Tanegashima,Asia Pacific,-41.18,31.09,61.32,69.89,43.27,42.63,80.76,24.46,Online
2026-04-07T01:55:00Z,GS-01,Geneva Prime,Europe,-81.58,29.0,63.27,149.2,38.16,72.15,56.1,23.9,Online
2026-04-07T01:55:00Z,GS-06,Tanegashima,Asia Pacific,-56.22,28.47,62.85,109.69,39.71,54.48,138.91,23.56,Online
2026-04-07T02:00:00Z,GS-01,Geneva Prime,Europe,-50.35,29.22,64.63,92.54,49.05,65.13,78.79,21.61,Online
2026-04-07T02:00:00Z,GS-06,Tanegashima,Asia Pacific,-48.59,30.07,62.12,35.94,48.57,53.36,97.24,21.64,Online
2026-04-07T02:05:00Z,GS-01,Geneva Prime,Europe,-58.0,30.49,69.07,128.51,61.17,60.19,112.89,23.01,Online
2026-04-07T02:05:00Z,GS-06,Tanegashima,Asia Pacific,-37.96,31.1,62.77,40.04,65.02,63.83,101.77,25.11,Online
2026-04-07T02:10:00Z,GS-01,Geneva Prime,Europe,-84.78,31.78,65.65,122.27,36.69,50.39,31.59,24.66,Online
2026-04-07T02:10:00Z,GS-06,Tanegashima,Asia Pacific,-71.14,31.4,67.39,79.03,24.54,47.35,77.73,23.69,Online
2026-04-07T02:15:00Z,GS-01,Geneva Prime,Europe,-63.03,34.61,63.44,53.64,72.05,69.86,110.76,22.02,Online
2026-04-07T02:15:00Z,GS-06,Tanegashima,Asia Pacific,-63.57,33.75,69.3,112.08,51.31,58.66,111.71,23.46,Degraded
2026-04-07T02:20:00Z,GS-01,Geneva Prime,Europe,-59.34,33.51,66.98,67.61,44.52,60.71,10.0,22.74,Online
2026-04-07T02:20:00Z,GS-06,Tanegashima,Asia Pacific,-77.64,36.0,68.48,87.21,51.59,64.73,70.81,25.39,Online
2026-04-07T02:25:00Z,GS-01,Geneva Prime,Europe,-70.88,39.19,67.29,74.7,60.99,51.2,111.38,20.76,Online
2026-04-07T02:25:00Z,GS-06,Tanegashima,Asia Pacific,-39.16,34.38,69.41,100.73,48.25,55.28,94.11,23.36,Online
2026-04-07T02:30:00Z,GS-01,Geneva Prime,Europe,-81.87,35.57,67.18,77.35,60.03,60.06,48.85,22.5,Online
2026-04-07T02:30:00Z,GS-06,Tanegashima,Asia Pacific,-67.57,36.92,66.11,75.58,54.2,61.48,73.91,23.24,Online
2026-04-07T02:35:00Z,GS-01,Geneva Prime,Europe,-60.68,38.33,69.81,113.29,26.14,58.95,19.77,24.27,Online
2026-04-07T02:35:00Z,GS-06,Tanegashima,Asia Pacific,-48.49,37.53,68.54,36.66,56.67,65.68,126.0,25.55,Online
2026-04-07T02:40:00Z,GS-01,Geneva Prime,Europe,-78.36,41.78,72.24,55.16,42.95,57.09,114.22,19.81,Online
2026-04-07T02:40:00Z,GS-06,Tanegashima,Asia Pacific,-32.76,39.77,71.12,98.19,50.91,41.43,64.6,24.68,Online
2026-04-07T02:45:00Z,GS-01,Geneva Prime,Europe,-55.67,37.98,69.9,75.44,34.13,47.83,104.75,25.16,Online
2026-04-07T02:45:00Z,GS-06,Tanegashima,Asia Pacific,-30.0,38.3,71.32,125.0,38.03,52.66,36.57,22.7,Online
2026-04-07T02:50:00Z,GS-01,Geneva Prime,Europe,-56.96,45.22,72.48,51.54,35.53,70.4,50.76,23.49,Online
2026-04-07T02:50:00Z,GS-06,Tanegashima,Asia Pacific,-85.58,44.81,66.44,50.72,57.61,75.36,68.38,23.51,Online
2026-04-07T02:55:00Z,GS-01,Geneva Prime,Europe,-46.38,44.33,70.0,85.44,26.2,61.86,76.32,23.01,Online
2026-04-07T02:55:00Z,GS-06,Tanegashima,Asia Pacific,-75.03,41.95,71.98,126.45,41.07,56.54,45.85,25.07,Online
2026-04-07T03:00:00Z,GS-01,Geneva Prime,Europe,-59.54,45.74,71.93,90.77,31.02,52.03,125.12,22.67,Degraded
2026-04-07T03:00:00Z,GS-06,Tanegashima,Asia Pacific,-66.16,42.73,68.78,76.93,65.26,65.26,58.93,25.38,Online
2026-04-07T03:05:00Z,GS-01,Geneva Prime,Europe,-62.28,48.96,76.09,130.84,46.13,65.59,80.6,21.1,Online
2026-04-07T03:05:00Z,GS-06,Tanegashima,Asia Pacific,-69.82,44.35,70.32,153.81,58.47,63.53,112.49,21.01,Online
2026-04-07T03:10:00Z,GS-01,Geneva Prime,Europe,-49.08,49.38,67.64,122.96,27.91,44.24,133.05,22.44,Online
2026-04-07T03:10:00Z,GS-06,Tanegashima,Asia Pacific,-70.74,49.48,71.51,94.6,42.57,62.78,70.95,24.12,Online
2026-04-07T03:15:00Z,GS-01,Geneva Prime,Europe,-67.55,49.45,73.18,156.94,40.42,58.53,89.55,25.49,Online
2026-04-07T03:15:00Z,GS-06,Tanegashima,Asia Pacific,-76.37,48.96,67.54,91.85,57.87,54.19,87.07,23.25,Online
2026-04-07T03:20:00Z,GS-01,Geneva Prime,Europe,-72.89,51.94,70.89,108.79,48.7,53.19,86.23,22.74,Online
2026-04-07T03:20:00Z,GS-06,Tanegashima,Asia Pacific,-52.17,47.37,72.3,92.42,58.36,61.12,118.2,24.98,Online
2026-04-07T03:25:00Z,GS-01,Geneva Prime,Europe,-51.78,50.59,75.44,89.31,24.24,58.28,98.14,21.83,Degraded
2026-04-07T03:25:00Z,GS-06,Tanegashima,Asia Pacific,-73.28,48.79,74.97,150.19,42.48,64.25,100.22,26.58,Online
2026-04-07T03:30:00Z,GS-01,Geneva Prime,Europe,-69.79,52.06,73.12,102.26,75.05,60.25,45.81,22.62,Online
2026-04-07T03:30:00Z,GS-06,Tanegashima,Asia Pacific,-41.21,50.78,75.13,79.61,29.8,64.84,54.77,24.99,Online
2026-04-07T03:35:00Z,GS-01,Geneva Prime,Europe,-52.51,54.84,73.66,120.59,33.93,40.37,108.28,24.7,Online
2026-04-07T03:35:00Z,GS-06,Tanegashima,Asia Pacific,-69.15,50.81,70.12,101.55,64.79,58.89,65.55,24.42,Online
2026-04-07T03:40:00Z,GS-01,Geneva Prime,Europe,-30.0,56.5,72.71,100.84,48.99,51.55,110.37,23.33,Online
2026-04-07T03:40:00Z,GS-06,Tanegashima,Asia Pacific,-82.66,55.15,74.41,99.97,35.82,55.0,125.14,25.22,Online
2026-04-07T03:45:00Z,GS-01,Geneva Prime,Europe,-74.35,52.35,73.12,104.72,37.42,54.32,56.43,24.56,Online
2026-04-07T03:45:00Z,GS-06,Tanegashima,Asia Pacific,-48.23,56.25,75.07,93.25,39.01,67.15,109.7,27.73,Online
2026-04-07T03:50:00Z,GS-01,Geneva Prime,Europe,-50.84,56.5,73.49,128.59,35.22,66.48,49.6,25.3,Online
2026-04-07T03:50:00Z,GS-06,Tanegashima,Asia Pacific,-75.9,59.06,72.83,108.19,42.63,60.81,64.17,24.15,Online
2026-04-07T03:55:00Z,GS-01,Geneva Prime,Europe,-57.68,56.75,73.63,89.24,40.23,51.96,116.97,24.39,Online
2026-04-07T03:55:00Z,GS-06,Tanegashima,Asia Pacific,-63.4,56.09,79.79,172.81,35.64,69.81,76.33,27.29,Online
2026-04-07T04:00:00Z,GS-01,Geneva Prime,Europe,-54.96,60.2,70.98,73.64,45.25,61.59,31.41,23.91,Online
2026-04-07T04:00:00Z,GS-06,Tanegashima,Asia Pacific,-51.7,57.23,76.25,137.14,49.63,62.68,10.0,23.77,Online
2026-04-07T04:05:00Z,GS-01,Geneva Prime,Europe,-30.0,60.05,78.83,81.67,41.67,64.12,84.03,25.69,Online
2026-04-07T04:05:00Z,GS-06,Tanegashima,Asia Pacific,-72.28,58.98,74.53,84.03,42.25,68.3,83.49,25.84,Online
2026-04-07T04:10:00Z,GS-01,Geneva Prime,Europe,-57.88,60.27,76.64,103.92,87.36,51.45,10.0,25.49,Online
2026-04-07T04:10:00Z,GS-06,Tanegashima,Asia Pacific,-54.69,62.14,76.67,126.36,39.49,57.77,83.16,23.4,Online
2026-04-07T04:15:00Z,GS-01,Geneva Prime,Europe,-62.28,63.62,80.18,91.06,47.4,67.35,46.5,27.41,Online
2026-04-07T04:15:00Z,GS-06,Tanegashima,Asia Pacific,-33.54,63.69,75.83,148.81,54.55,60.66,137.07,27.33,Online
2026-04-07T04:20:00Z,GS-01,Geneva Prime,Europe,-65.04,65.5,78.34,100.86,28.31,52.49,25.67,26.2,Online
2026-04-07T04:20:00Z,GS-06,Tanegashima,Asia Pacific,-77.77,65.38,80.85,142.83,22.95,49.77,48.94,23.71,Online
2026-04-07T04:25:00Z,GS-01,Geneva Prime,Europe,-84.81,66.23,78.87,128.62,39.31,57.82,94.23,25.42,Online
2026-04-07T04:25:00Z,GS-06,Tanegashima,Asia Pacific,-47.84,67.11,76.71,44.3,62.99,54.51,94.3,22.71,Online
2026-04-07T04:30:00Z,GS-01,Geneva Prime,Europe,-60.17,67.7,78.01,190.41,37.43,66.57,100.93,24.69,Online
2026-04-07T04:30:00Z,GS-06,Tanegashima,Asia Pacific,-47.91,67.17,79.47,158.83,46.81,57.75,122.06,27.8,Online
2026-04-07T04:35:00Z,GS-01,Geneva Prime,Europe,-73.25,67.84,79.31,96.04,33.55,64.33,106.86,25.32,Online
2026-04-07T04:35:00Z,GS-06,Tanegashima,Asia Pacific,-59.08,67.6,75.77,85.09,45.89,48.2,63.04,25.96,Degraded
2026-04-07T04:40:00Z,GS-01,Geneva Prime,Europe,-42.08,69.37,75.7,93.71,38.2,64.42,66.48,21.88,Online
2026-04-07T04:40:00Z,GS-06,Tanegashima,Asia Pacific,-30.0,70.28,78.37,53.76,52.75,59.26,93.45,27.0,Online
2026-04-07T04:45:00Z,GS-01,Geneva Prime,Europe,-56.44,68.88,73.4,96.99,38.59,49.9,113.12,23.71,Online
2026-04-07T04:45:00Z,GS-06,Tanegashima,Asia Pacific,-50.75,68.43,78.68,128.02,40.94,73.52,156.72,26.43,Online
2026-04-07T04:50:00Z,GS-01,Geneva Prime,Europe,-51.88,74.62,79.7,113.12,38.71,46.5,24.4,29.77,Online
2026-04-07T04:50:00Z,GS-06,Tanegashima,Asia Pacific,-55.16,72.01,81.14,77.52,52.0,60.62,98.4,25.69,Online
2026-04-07T04:55:00Z,GS-01,Geneva Prime,Europe,-74.47,72.1,77.23,99.91,26.33,50.02,85.42,26.13,Online
2026-04-07T04:55:00Z,GS-06,Tanegashima,Asia Pacific,-57.15,73.66,83.84,103.8,40.45,60.81,120.8,26.25,Online
2026-04-07T05:00:00Z,GS-01,Geneva Prime,Europe,-49.73,75.79,78.4,103.33,64.19,61.94,40.56,25.97,Online
2026-04-07T05:00:00Z,GS-06,Tanegashima,Asia Pacific,-91.71,75.27,81.6,59.76,46.8,67.88,123.65,28.37,Online
2026-04-07T05:05:00Z,GS-01,Geneva Prime,Europe,-88.02,77.26,76.13,70.05,54.85,61.26,109.05,25.18,Online
2026-04-07T05:05:00Z,GS-06,Tanegashima,Asia Pacific,-37.9,77.63,80.92,67.59,59.06,57.47,55.55,27.51,Online
2026-04-07T05:10:00Z,GS-01,Geneva Prime,Europe,-51.25,75.81,83.4,154.43,52.26,63.44,93.19,24.38,Online
2026-04-07T05:10:00Z,GS-06,Tanegashima,Asia Pacific,-58.31,77.7,78.14,90.72,20.0,51.22,116.87,29.3,Online
2026-04-07T05:15:00Z,GS-01,Geneva Prime,Europe,-74.15,79.12,81.62,84.39,53.11,59.73,127.62,24.91,Online
2026-04-07T05:15:00Z,GS-06,Tanegashima,Asia Pacific,-76.57,79.31,79.62,98.31,51.91,52.55,25.22,26.08,Online
2026-04-07T05:20:00Z,GS-01,Geneva Prime,Europe,-65.82,79.43,82.08,123.11,51.4,61.78,62.63,25.68,Online
2026-04-07T05:20:00Z,GS-06,Tanegashima,Asia Pacific,-77.96,78.61,79.46,65.35,47.03,58.44,64.11,28.7,Online
2026-04-07T05:25:00Z,GS-01,Geneva Prime,Europe,-96.91,80.48,74.95,107.16,54.15,49.19,31.08,24.54,Online
2026-04-07T05:25:00Z,GS-06,Tanegashima,Asia Pacific,-59.05,80.57,79.09,88.96,33.32,69.05,90.89,25.31,Online
2026-04-07T05:30:00Z,GS-01,Geneva Prime,Europe,-70.51,80.76,82.56,121.34,43.48,73.66,138.08,26.87,Online
2026-04-07T05:30:00Z,GS-06,Tanegashima,Asia Pacific,-66.16,81.78,77.84,152.02,32.92,66.95,107.62,26.76,Online
2026-04-07T05:35:00Z,GS-01,Geneva Prime,Europe,-32.85,80.63,79.66,85.33,56.53,62.83,10.91,29.21,Online
2026-04-07T05:35:00Z,GS-06,Tanegashima,Asia Pacific,-52.72,81.68,79.12,61.0,42.95,61.2,66.61,26.67,Maintenance
2026-04-07T05:40:00Z,GS-01,Geneva Prime,Europe,-84.19,85.67,76.04,100.93,23.41,60.4,79.76,28.08,Online
2026-04-07T05:40:00Z,GS-06,Tanegashima,Asia Pacific,-47.07,87.1,76.67,98.25,69.13,60.95,46.75,27.36,Online
2026-04-07T05:45:00Z,GS-01,Geneva Prime,Europe,-65.75,83.9,81.67,117.53,28.99,59.25,57.34,25.21,Online
2026-04-07T05:45:00Z,GS-06,Tanegashima,Asia Pacific,-81.22,83.72,79.82,86.26,33.49,56.86,109.9,28.14,Online
2026-04-07T05:50:00Z,GS-01,Geneva Prime,Europe,-44.97,87.04,83.18,110.44,39.13,60.74,30.08,27.28,Offline
2026-04-07T05:50:00Z,GS-06,Tanegashima,Asia Pacific,-53.55,88.72,79.15,182.02,42.93,46.57,128.53,28.65,Online
2026-04-07T05:55:00Z,GS-01,Geneva Prime,Europe,-56.52,87.82,80.78,148.57,47.42,48.24,10.0,28.45,Online
2026-04-07T05:55:00Z,GS-06,Tanegashima,Asia Pacific,-74.79,88.55,78.37,73.57,35.82,54.6,111.05,28.73,Online
2026-04-07T06:00:00Z,GS-01,Geneva Prime,Europe,-78.12,87.86,80.76,131.58,57.45,51.98,119.57,25.34,Online
2026-04-07T06:00:00Z,GS-06,Tanegashima,Asia Pacific,-63.04,90.97,75.84,162.79,60.92,65.18,41.4,27.9,Online
2026-04-07T06:05:00Z,GS-01,Geneva Prime,Europe,-48.14,89.0,79.63,127.31,27.06,62.66,10.0,26.72,Online
2026-04-07T06:05:00Z,GS-06,Tanegashima,Asia Pacific,-67.57,92.28,78.59,103.77,36.75,55.76,130.03,26.41,Online
2026-04-07T06:10:00Z,GS-01,Geneva Prime,Europe,-48.61,92.5,78.82,63.47,70.82,54.09,74.0,29.17,Online
2026-04-07T06:10:00Z,GS-06,Tanegashima,Asia Pacific,-64.5,92.03,79.8,114.3,52.74,48.9,68.72,30.1,Online
2026-04-07T06:15:00Z,GS-01,Geneva Prime,Europe,-79.74,93.9,79.59,83.0,64.09,60.29,140.45,28.4,Online
2026-04-07T06:15:00Z,GS-06,Tanegashima,Asia Pacific,-53.1,92.6,78.8,112.28,50.13,64.78,95.07,26.39,Degraded
2026-04-07T06:20:00Z,GS-01,Geneva Prime,Europe,-72.1,96.7,75.97,108.78,43.66,66.8,96.66,27.53,Online
2026-04-07T06:20:00Z,GS-06,Tanegashima,Asia Pacific,-70.64,93.95,81.05,30.93,46.89,52.94,87.63,29.04,Degraded
2026-04-07T06:25:00Z,GS-01,Geneva Prime,Europe,-84.93,95.8,80.13,102.64,43.53,50.23,37.25,26.59,Degraded
2026-04-07T06:25:00Z,GS-06,Tanegashima,Asia Pacific,-51.69,96.02,79.72,48.84,44.6,65.07,10.0,27.85,Online
2026-04-07T06:30:00Z,GS-01,Geneva Prime,Europe,-83.56,96.66,77.94,111.43,47.03,70.33,77.84,29.29,Online
2026-04-07T06:30:00Z,GS-06,Tanegashima,Asia Pacific,-68.37,95.29,81.41,137.3,53.47,61.05,41.04,30.5,Online
2026-04-07T06:35:00Z,GS-01,Geneva Prime,Europe,-51.31,102.8,77.34,125.88,51.59,57.26,134.55,29.52,Online
2026-04-07T06:35:00Z,GS-06,Tanegashima,Asia Pacific,-74.05,98.51,77.75,85.94,53.45,67.91,88.85,27.79,Online
2026-04-07T06:40:00Z,GS-01,Geneva Prime,Europe,-54.28,101.45,75.6,103.49,42.72,67.63,95.43,29.77,Maintenance
2026-04-07T06:40:00Z,GS-06,Tanegashima,Asia Pacific,-67.23,100.0,81.43,98.05,47.1,47.71,77.26,26.02,Online
2026-04-07T06:45:00Z,GS-01,Geneva Prime,Europe,-67.74,101.38,80.96,70.03,49.48,71.75,54.37,26.85,Online
2026-04-07T06:45:00Z,GS-06,Tanegashima,Asia Pacific,-55.65,98.87,77.79,127.7,67.52,51.99,50.5,28.51,Online
2026-04-07T06:50:00Z,GS-01,Geneva Prime,Europe,-68.22,106.37,78.23,88.37,64.39,64.61,119.44,27.94,Degraded
2026-04-07T06:50:00Z,GS-06,Tanegashima,Asia Pacific,-67.95,100.42,80.89,136.76,37.8,57.09,67.18,26.98,Online
2026-04-07T06:55:00Z,GS-01,Geneva Prime,Europe,-70.11,105.3,77.39,102.79,29.3,58.85,57.47,27.59,Online
2026-04-07T06:55:00Z,GS-06,Tanegashima,Asia Pacific,-48.14,105.44,77.2,93.51,45.53,45.48,24.12,31.36,Online
2026-04-07T07:00:00Z,GS-01,Geneva Prime,Europe,-75.98,107.52,76.29,119.76,41.26,58.63,154.24,27.67,Degraded
2026-04-07T07:00:00Z,GS-06,Tanegashima,Asia Pacific,-51.08,106.11,85.0,67.69,37.49,66.53,71.99,28.86,Online
2026-04-07T07:05:00Z,GS-01,Geneva Prime,Europe,-45.64,105.72,77.02,121.79,49.5,57.5,65.59,28.31,Online
2026-04-07T07:05:00Z,GS-06,Tanegashima,Asia Pacific,-49.12,105.53,77.26,61.43,49.71,55.93,10.0,27.87,Online
2026-04-07T07:10:00Z,GS-01,Geneva Prime,Europe,-63.5,107.09,78.12,88.52,52.95,53.0,127.35,31.36,Online
2026-04-07T07:10:00Z,GS-06,Tanegashima,Asia Pacific,-51.33,108.48,80.42,66.38,45.4,51.04,35.88,30.36,Online
2026-04-07T07:15:00Z,GS-01,Geneva Prime,Europe,-45.8,108.36,81.71,106.35,35.68,51.31,120.73,30.12,Online
2026-04-07T07:15:00Z,GS-06,Tanegashima,Asia Pacific,-49.86,103.43,78.9,84.65,53.3,59.5,123.67,33.33,Online
2026-04-07T07:20:00Z,GS-01,Geneva Prime,Europe,-56.37,108.58,76.65,128.89,33.04,64.98,91.75,30.33,Online
2026-04-07T07:20:00Z,GS-06,Tanegashima,Asia Pacific,-83.52,109.29,75.27,82.35,56.01,69.85,88.56,29.2,Online
2026-04-07T07:25:00Z,GS-01,Geneva Prime,Europe,-36.18,110.08,75.69,120.89,50.49,55.66,84.01,30.84,Online
2026-04-07T07:25:00Z,GS-06,Tanegashima,Asia Pacific,-56.94,112.17,76.95,115.79,45.21,56.23,70.16,30.03,Maintenance
2026-04-07T07:30:00Z,GS-01,Geneva Prime,Europe,-81.68,111.23,77.85,59.47,37.56,79.08,34.83,29.72,Online
2026-04-07T07:30:00Z,GS-06,Tanegashima,Asia Pacific,-72.51,112.27,76.09,92.7,36.38,68.44,83.27,28.79,Online
2026-04-07T07:35:00Z,GS-01,Geneva Prime,Europe,-47.39,111.83,74.33,99.91,67.89,45.38,26.76,31.55,Online
2026-04-07T07:35:00Z,GS-06,Tanegashima,Asia Pacific,-69.63,114.97,75.78,104.26,65.93,50.44,120.95,31.44,Online
2026-04-07T07:40:00Z,GS-01,Geneva Prime,Europe,-82.34,116.12,77.33,102.73,49.04,57.2,82.8,30.9,Degraded
2026-04-07T07:40:00Z,GS-06,Tanegashima,Asia Pacific,-48.81,111.95,79.77,65.34,54.14,60.64,28.75,31.33,Online
2026-04-07T07:45:00Z,GS-01,Geneva Prime,Europe,-74.18,118.39,75.48,55.15,63.41,61.45,114.69,29.38,Online
2026-04-07T07:45:00Z,GS-06,Tanegashima,Asia Pacific,-88.38,119.6,76.89,114.74,52.88,57.32,89.05,33.04,Online
2026-04-07T07:50:00Z,GS-01,Geneva Prime,Europe,-60.49,119.38,72.63,133.71,26.74,68.08,95.63,30.63,Online
2026-04-07T07:50:00Z,GS-06,Tanegashima,Asia Pacific,-61.49,116.99,74.97,93.82,71.5,70.42,45.16,31.17,Online
2026-04-07T07:55:00Z,GS-01,Geneva Prime,Europe,-58.56,118.47,74.3,113.38,55.15,53.33,158.22,33.17,Online
2026-04-07T07:55:00Z,GS-06,Tanegashima,Asia Pacific,-51.78,116.29,77.1,108.46,51.16,72.72,72.96,33.96,Online
2026-04-07T08:00:00Z,GS-01,Geneva Prime,Europe,-53.9,119.42,80.78,124.9,39.54,60.67,105.41,30.77,Online
2026-04-07T08:00:00Z,GS-06,Tanegashima,Asia Pacific,-57.99,118.37,72.61,103.19,46.68,64.22,56.95,28.99,Online
2026-04-07T08:05:00Z,GS-01,Geneva Prime,Europe,-74.48,123.36,74.31,86.74,41.25,55.05,52.27,29.81,Online
2026-04-07T08:05:00Z,GS-06,Tanegashima,Asia Pacific,-38.99,122.61,78.14,143.48,20.0,62.75,56.55,32.79,Online
2026-04-07T08:10:00Z,GS-01,Geneva Prime,Europe,-71.12,120.39,72.43,90.92,55.98,62.05,31.89,34.45,Online
2026-04-07T08:10:00Z,GS-06,Tanegashima,Asia Pacific,-50.26,124.05,77.87,50.79,34.06,66.58,47.57,30.81,Online
2026-04-07T08:15:00Z,GS-01,Geneva Prime,Europe,-61.17,121.2,74.22,127.44,53.75,68.9,120.4,31.94,Online
2026-04-07T08:15:00Z,GS-06,Tanegashima,Asia Pacific,-55.1,124.26,73.69,69.1,36.72,57.39,53.77,31.95,Online
2026-04-07T08:20:00Z,GS-01,Geneva Prime,Europe,-56.97,125.62,75.28,135.87,44.9,68.07,100.66,33.14,Degraded
2026-04-07T08:20:00Z,GS-06,Tanegashima,Asia Pacific,-35.78,126.15,74.78,102.92,39.36,55.97,116.08,30.0,Online
2026-04-07T08:25:00Z,GS-01,Geneva Prime,Europe,-35.78,125.95,79.92,79.21,48.0,57.19,48.28,33.14,Online
2026-04-07T08:25:00Z,GS-06,Tanegashima,Asia Pacific,-76.58,124.9,75.37,122.35,28.3,64.65,85.16,30.17,Online
2026-04-07T08:30:00Z,GS-01,Geneva Prime,Europe,-71.83,123.43,77.24,130.46,29.53,66.39,57.04,33.02,Online
2026-04-07T08:30:00Z,GS-06,Tanegashima,Asia Pacific,-67.44,126.77,73.22,80.28,61.79,67.19,84.4,33.19,Online
2026-04-07T08:35:00Z,GS-01,Geneva Prime,Europe,-84.41,126.29,74.35,122.07,48.35,44.94,37.51,32.38,Online
2026-04-07T08:35:00Z,GS-06,Tanegashima,Asia Pacific,-30.0,131.19,76.55,110.19,48.99,51.73,118.07,31.65,Online
2026-04-07T08:40:00Z,GS-01,Geneva Prime,Europe,-49.61,130.06,73.54,97.37,47.7,68.0,29.35,29.62,Online
2026-04-07T08:40:00Z,GS-06,Tanegashima,Asia Pacific,-53.61,132.88,76.37,63.27,40.17,48.17,57.98,33.54,Online
2026-04-07T08:45:00Z,GS-01,Geneva Prime,Europe,-60.19,130.5,73.65,76.15,64.12,60.06,63.93,32.84,Online
2026-04-07T08:45:00Z,GS-06,Tanegashima,Asia Pacific,-45.91,134.44,72.14,132.58,46.21,55.11,48.93,30.31,Online
2026-04-07T08:50:00Z,GS-01,Geneva Prime,Europe,-71.13,134.73,73.53,62.76,24.04,51.1,48.93,31.6,Online
2026-04-07T08:50:00Z,GS-06,Tanegashima,Asia Pacific,-42.41,131.4,75.48,49.59,40.82,66.28,113.89,31.55,Online
2026-04-07T08:55:00Z,GS-01,Geneva Prime,Europe,-44.97,135.37,70.31,109.45,53.44,55.12,147.77,30.9,Online
2026-04-07T08:55:00Z,GS-06,Tanegashima,Asia Pacific,-57.84,131.25,71.88,67.99,41.47,47.31,111.99,32.68,Online
2026-04-07T09:00:00Z,GS-01,Geneva Prime,Europe,-43.69,134.3,73.48,101.18,46.36,76.91,60.61,34.08,Online
2026-04-07T09:00:00Z,GS-06,Tanegashima,Asia Pacific,-52.8,133.86,68.58,69.01,58.57,73.88,83.66,32.46,Online
2026-04-07T09:05:00Z,GS-01,Geneva Prime,Europe,-48.35,136.4,72.94,108.75,46.63,54.41,42.19,27.6,Online
2026-04-07T09:05:00Z,GS-06,Tanegashima,Asia Pacific,-41.49,135.96,69.94,41.45,37.32,53.83,48.21,32.83,Online
2026-04-07T09:10:00Z,GS-01,Geneva Prime,Europe,-58.17,134.78,67.67,61.01,66.73,71.94,45.91,29.46,Online
2026-04-07T09:10:00Z,GS-06,Tanegashima,Asia Pacific,-58.08,137.59,70.9,122.24,50.42,51.07,91.76,33.7,Online
2026-04-07T09:15:00Z,GS-01,Geneva Prime,Europe,-70.86,139.35,68.67,159.89,29.08,69.25,13.17,35.2,Online
2026-04-07T09:15:00Z,GS-06,Tanegashima,Asia Pacific,-77.12,139.13,66.52,59.5,55.77,68.23,89.57,33.62,Online
2026-04-07T09:20:00Z,GS-01,Geneva Prime,Europe,-44.33,138.63,66.49,99.59,38.07,63.11,101.92,31.57,Online
2026-04-07T09:20:00Z,GS-06,Tanegashima,Asia Pacific,-49.44,141.31,70.73,87.77,54.36,64.16,105.61,35.11,Online
2026-04-07T09:25:00Z,GS-01,Geneva Prime,Europe,-55.08,140.04,66.56,133.84,49.29,73.36,10.0,34.05,Online
2026-04-07T09:25:00Z,GS-06,Tanegashima,Asia Pacific,-63.92,140.54,67.25,126.99,52.36,50.86,86.6,33.74,Online
2026-04-07T09:30:00Z,GS-01,Geneva Prime,Europe,-57.33,144.72,67.68,32.37,47.24,61.45,92.45,34.42,Online
2026-04-07T09:30:00Z,GS-06,Tanegashima,Asia Pacific,-89.29,142.02,66.42,63.76,44.13,65.61,92.04,31.73,Online
2026-04-07T09:35:00Z,GS-01,Geneva Prime,Europe,-62.18,145.61,69.11,83.42,37.59,46.27,62.82,30.23,Online
2026-04-07T09:35:00Z,GS-06,Tanegashima,Asia Pacific,-30.0,142.04,69.96,154.54,47.59,59.2,27.11,32.08,Online
2026-04-07T09:40:00Z,GS-01,Geneva Prime,Europe,-35.94,145.7,67.26,139.36,53.36,58.82,88.65,31.76,Online
2026-04-07T09:40:00Z,GS-06,Tanegashima,Asia Pacific,-68.42,144.59,68.32,62.58,45.91,56.88,43.96,32.34,Online
2026-04-07T09:45:00Z,GS-01,Geneva Prime,Europe,-94.82,144.73,64.47,91.6,20.0,61.53,116.38,32.81,Online
2026-04-07T09:45:00Z,GS-06,Tanegashima,Asia Pacific,-52.52,145.22,63.56,100.05,53.16,49.4,61.39,32.62,Online
2026-04-07T09:50:00Z,GS-01,Geneva Prime,Europe,-30.0,147.95,62.31,35.41,53.77,79.88,68.76,32.55,Online
2026-04-07T09:50:00Z,GS-06,Tanegashima,Asia Pacific,-53.54,145.9,61.03,131.12,37.64,68.4,49.56,33.24,Online
2026-04-07T09:55:00Z,GS-01,Geneva Prime,Europe,-47.18,150.89,66.03,105.5,52.44,63.71,28.35,31.22,Degraded
2026-04-07T09:55:00Z,GS-06,Tanegashima,Asia Pacific,-91.64,150.28,64.77,124.61,49.84,51.98,75.19,32.45,Online
2026-04-07T10:00:00Z,GS-01,Geneva Prime,Europe,-69.14,151.83,70.02,133.49,44.68,70.08,148.52,31.11,Online
2026-04-07T10:00:00Z,GS-06,Tanegashima,Asia Pacific,-41.63,151.54,67.38,124.4,42.27,76.26,93.58,32.54,Online
2026-04-07T10:05:00Z,GS-01,Geneva Prime,Europe,-52.41,153.19,64.62,111.79,46.06,54.72,47.13,31.16,Online
2026-04-07T10:05:00Z,GS-06,Tanegashima,Asia Pacific,-37.23,150.8,57.57,111.9,49.51,45.07,46.7,31.95,Online
2026-04-07T10:10:00Z,GS-01,Geneva Prime,Europe,-71.13,154.93,63.55,87.18,84.52,63.96,10.36,32.4,Online
2026-04-07T10:10:00Z,GS-06,Tanegashima,Asia Pacific,-55.17,150.63,67.91,103.39,35.96,51.02,117.1,32.35,Online
2026-04-07T10:15:00Z,GS-01,Geneva Prime,Europe,-54.3,151.45,63.41,80.92,79.36,53.63,121.03,32.64,Degraded
2026-04-07T10:15:00Z,GS-06,Tanegashima,Asia Pacific,-62.15,153.56,66.49,126.71,54.49,47.38,53.74,35.16,Online
2026-04-07T10:20:00Z,GS-01,Geneva Prime,Europe,-77.56,155.17,60.55,71.05,65.17,65.75,119.33,34.61,Offline
2026-04-07T10:20:00Z,GS-06,Tanegashima,Asia Pacific,-62.09,153.62,61.87,94.25,66.32,49.31,57.85,32.07,Online
2026-04-07T10:25:00Z,GS-01,Geneva Prime,Europe,-44.15,159.96,62.7,111.73,46.1,63.5,110.93,34.13,Online
2026-04-07T10:25:00Z,GS-06,Tanegashima,Asia Pacific,-52.52,157.8,58.53,100.06,48.66,63.33,73.16,33.73,Online
2026-04-07T10:30:00Z,GS-01,Geneva Prime,Europe,-70.8,153.95,63.45,65.97,43.07,54.01,143.48,33.42,Online
2026-04-07T10:30:00Z,GS-06,Tanegashima,Asia Pacific,-64.66,159.0,65.79,112.17,40.47,65.57,17.09,33.61,Online
2026-04-07T10:35:00Z,GS-01,Geneva Prime,Europe,-30.09,159.07,61.09,100.62,40.25,62.52,111.01,33.09,Online
2026-04-07T10:35:00Z,GS-06,Tanegashima,Asia Pacific,-97.36,159.68,65.14,88.71,27.35,65.42,149.75,34.39,Online
2026-04-07T10:40:00Z,GS-01,Geneva Prime,Europe,-34.13,161.59,61.67,84.46,48.42,59.76,77.45,33.26,Online
2026-04-07T10:40:00Z,GS-06,Tanegashima,Asia Pacific,-56.62,157.41,61.88,73.67,42.0,62.64,42.91,30.69,Online
2026-04-07T10:45:00Z,GS-01,Geneva Prime,Europe,-65.75,158.39,61.07,65.39,62.82,59.95,82.37,30.71,Online
2026-04-07T10:45:00Z,GS-06,Tanegashima,Asia Pacific,-57.83,161.09,57.05,102.62,40.22,58.27,81.04,32.97,Online
2026-04-07T10:50:00Z,GS-01,Geneva Prime,Europe,-56.3,162.33,59.97,84.14,32.22,54.33,137.71,35.16,Online
2026-04-07T10:50:00Z,GS-06,Tanegashima,Asia Pacific,-41.8,165.07,58.09,108.87,45.91,65.28,68.43,33.86,Online
2026-04-07T10:55:00Z,GS-01,Geneva Prime,Europe,-58.92,164.81,59.71,102.81,46.49,61.81,145.86,31.17,Online
2026-04-07T10:55:00Z,GS-06,Tanegashima,Asia Pacific,-74.55,165.1,58.93,107.88,53.01,61.71,57.63,34.7,Online
2026-04-07T11:00:00Z,GS-01,Geneva Prime,Europe,-59.69,164.1,59.15,119.53,47.58,73.74,133.07,35.3,Online
2026-04-07T11:00:00Z,GS-06,Tanegashima,Asia Pacific,-30.0,164.71,56.83,125.81,79.01,60.1,40.56,34.71,Online
2026-04-07T11:05:00Z,GS-01,Geneva Prime,Europe,-82.07,166.06,57.1,86.92,23.91,45.88,50.15,34.64,Online
2026-04-07T11:05:00Z,GS-06,Tanegashima,Asia Pacific,-55.67,166.22,55.36,110.23,23.41,40.83,70.28,33.01,Online
2026-04-07T11:10:00Z,GS-01,Geneva Prime,Europe,-44.8,167.82,59.79,83.55,50.84,57.98,135.27,33.55,Offline
2026-04-07T11:10:00Z,GS-06,Tanegashima,Asia Pacific,-47.18,165.34,55.66,97.48,60.16,42.42,66.69,33.31,Online
2026-04-07T11:15:00Z,GS-01,Geneva Prime,Europe,-91.15,167.82,52.77,30.08,41.85,57.63,70.2,34.26,Online
2026-04-07T11:15:00Z,GS-06,Tanegashima,Asia Pacific,-73.19,172.33,55.79,138.59,24.84,53.32,107.45,33.54,Online
2026-04-07T11:20:00Z,GS-01,Geneva Prime,Europe,-76.1,166.32,56.68,119.55,47.92,56.03,35.48,33.83,Online
2026-04-07T11:20:00Z,GS-06,Tanegashima,Asia Pacific,-79.73,168.5,57.73,44.47,53.13,71.95,112.65,34.51,Online
2026-04-07T11:25:00Z,GS-01,Geneva Prime,Europe,-66.95,169.96,50.07,101.11,40.17,54.42,79.2,34.02,Online
2026-04-07T11:25:00Z,GS-06,Tanegashima,Asia Pacific,-69.53,174.48,56.02,126.89,43.76,64.09,44.17,34.93,Online
2026-04-07T11:30:00Z,GS-01,Geneva Prime,Europe,-63.07,170.46,53.87,91.24,72.88,63.48,143.19,35.65,Online
2026-04-07T11:30:00Z,GS-06,Tanegashima,Asia Pacific,-59.43,171.61,50.44,73.87,52.95,57.58,95.03,30.9,Online
2026-04-07T11:35:00Z,GS-01,Geneva Prime,Europe,-53.2,175.94,49.71,111.15,61.12,73.44,59.86,35.13,Online
2026-04-07T11:35:00Z,GS-06,Tanegashima,Asia Pacific,-38.55,174.55,55.84,98.92,49.73,55.03,73.42,34.61,Online
2026-04-07T11:40:00Z,GS-01,Geneva Prime,Europe,-70.45,174.55,54.14,161.58,20.41,75.81,69.61,35.42,Online
2026-04-07T11:40:00Z,GS-06,Tanegashima,Asia Pacific,-42.58,178.13,51.16,93.24,44.36,57.14,132.75,33.86,Online
2026-04-07T11:45:00Z,GS-01,Geneva Prime,Europe,-84.28,174.98,48.81,93.15,53.07,54.76,63.88,33.58,Online
2026-04-07T11:45:00Z,GS-06,Tanegashima,Asia Pacific,-57.89,177.28,53.58,167.67,46.48,65.89,16.5,33.42,Online
2026-04-07T11:50:00Z,GS-01,Geneva Prime,Europe,-64.06,175.47,50.24,96.78,38.94,80.0,100.49,37.0,Online
2026-04-07T11:50:00Z,GS-06,Tanegashima,Asia Pacific,-37.61,176.22,51.38,86.96,43.06,52.19,62.34,34.53,Online
2026-04-07T11:55:00Z,GS-01,Geneva Prime,Europe,-55.0,179.26,50.54,125.82,41.92,71.13,10.0,34.98,Online
2026-04-07T11:55:00Z,GS-06,Tanegashima,Asia Pacific,-52.67,177.4,49.94,113.94,55.99,46.0,105.13,33.31,Online
2026-04-07T12:00:00Z,GS-01,Geneva Prime,Europe,-43.12,176.32,54.89,73.42,62.16,59.45,47.25,34.4,Online
2026-04-07T12:00:00Z,GS-06,Tanegashima,Asia Pacific,-44.56,176.89,51.4,99.63,51.92,60.09,57.13,32.33,Online
2026-04-07T12:05:00Z,GS-01,Geneva Prime,Europe,-49.91,182.58,50.67,112.83,56.34,71.25,10.0,30.49,Online
2026-04-07T12:05:00Z,GS-06,Tanegashima,Asia Pacific,-34.23,178.57,47.17,91.37,25.15,56.95,42.08,33.65,Online
2026-04-07T12:10:00Z,GS-01,Geneva Prime,Europe,-55.8,181.81,47.9,107.74,57.53,72.82,71.26,36.73,Online
2026-04-07T12:10:00Z,GS-06,Tanegashima,Asia Pacific,-46.85,180.04,46.17,82.68,62.34,55.99,10.0,33.65,Online
2026-04-07T12:15:00Z,GS-01,Geneva Prime,Europe,-89.71,181.64,46.86,104.49,57.29,65.55,32.83,33.43,Online
2026-04-07T12:15:00Z,GS-06,Tanegashima,Asia Pacific,-58.85,183.23,47.5,48.32,31.17,56.78,10.0,34.95,Online
2026-04-07T12:20:00Z,GS-01,Geneva Prime,Europe,-80.59,186.37,48.58,83.69,57.01,65.95,67.64,33.34,Online
2026-04-07T12:20:00Z,GS-06,Tanegashima,Asia Pacific,-43.54,185.46,49.47,28.33,46.18,47.38,78.97,35.05,Online
2026-04-07T12:25:00Z,GS-01,Geneva Prime,Europe,-33.91,184.37,45.68,97.13,33.31,67.83,77.2,34.15,Online
2026-04-07T12:25:00Z,GS-06,Tanegashima,Asia Pacific,-50.7,186.11,45.1,98.11,34.73,60.86,119.88,32.2,Online
2026-04-07T12:30:00Z,GS-01,Geneva Prime,Europe,-82.99,187.6,44.55,100.95,48.84,42.85,107.59,32.19,Online
2026-04-07T12:30:00Z,GS-06,Tanegashima,Asia Pacific,-60.34,186.18,44.98,150.82,48.83,67.24,86.04,34.88,Online
2026-04-07T12:35:00Z,GS-01,Geneva Prime,Europe,-53.74,189.26,47.65,104.7,72.42,67.68,34.42,33.67,Online
2026-04-07T12:35:00Z,GS-06,Tanegashima,Asia Pacific,-54.04,188.84,46.81,123.91,28.68,70.25,60.13,33.04,Online
2026-04-07T12:40:00Z,GS-01,Geneva Prime,Europe,-68.99,191.62,44.26,80.09,39.91,45.64,46.31,32.05,Degraded
2026-04-07T12:40:00Z,GS-06,Tanegashima,Asia Pacific,-64.04,191.33,45.9,137.7,57.41,55.77,80.76,33.86,Online
2026-04-07T12:45:00Z,GS-01,Geneva Prime,Europe,-92.27,188.82,43.81,94.81,51.15,63.71,10.0,34.66,Online
2026-04-07T12:45:00Z,GS-06,Tanegashima,Asia Pacific,-57.32,192.5,46.28,95.71,59.95,52.88,42.17,34.53,Online
2026-04-07T12:50:00Z,GS-01,Geneva Prime,Europe,-65.53,193.02,47.49,111.8,47.55,53.05,12.0,33.75,Online
2026-04-07T12:50:00Z,GS-06,Tanegashima,Asia Pacific,-44.0,191.85,44.31,142.79,61.82,63.43,86.8,31.58,Online
2026-04-07T12:55:00Z,GS-01,Geneva Prime,Europe,-69.45,193.19,41.16,107.45,67.94,72.14,89.76,35.0,Online
2026-04-07T12:55:00Z,GS-06,Tanegashima,Asia Pacific,-70.93,196.68,39.75,127.38,77.71,53.95,71.65,32.13,Online
2026-04-07T13:00:00Z,GS-01,Geneva Prime,Europe,-76.37,191.82,43.77,136.16,20.0,74.71,79.52,34.23,Online
2026-04-07T13:00:00Z,GS-06,Tanegashima,Asia Pacific,-82.09,197.64,42.64,134.16,59.65,70.68,54.07,33.48,Online
2026-04-07T13:05:00Z,GS-01,Geneva Prime,Europe,-69.18,198.04,42.27,132.07,58.35,46.18,134.03,35.19,Online
2026-04-07T13:05:00Z,GS-06,Tanegashima,Asia Pacific,-65.54,196.95,41.36,118.48,40.54,63.83,82.69,33.11,Online
2026-04-07T13:10:00Z,GS-01,Geneva Prime,Europe,-57.15,202.91,39.61,92.5,36.98,55.49,112.63,34.8,Online
2026-04-07T13:10:00Z,GS-06,Tanegashima,Asia Pacific,-60.09,199.55,42.57,95.13,26.59,66.64,86.79,33.76,Online
2026-04-07T13:15:00Z,GS-01,Geneva Prime,Europe,-66.99,200.24,41.05,92.9,30.29,68.54,104.2,34.06,Online
2026-04-07T13:15:00Z,GS-06,Tanegashima,Asia Pacific,-99.85,198.67,39.87,81.45,93.67,65.72,97.47,35.24,Online
2026-04-07T13:20:00Z,GS-01,Geneva Prime,Europe,-75.33,199.09,39.89,81.34,53.73,55.82,131.93,32.24,Online
2026-04-07T13:20:00Z,GS-06,Tanegashima,Asia Pacific,-30.0,204.06,39.55,134.39,40.19,68.11,72.96,31.71,Online
2026-04-07T13:25:00Z,GS-01,Geneva Prime,Europe,-112.99,200.71,39.68,139.91,45.44,68.02,61.84,33.09,Online
2026-04-07T13:25:00Z,GS-06,Tanegashima,Asia Pacific,-44.19,196.32,39.15,88.0,82.04,55.77,100.66,34.97,Online
2026-04-07T13:30:00Z,GS-01,Geneva Prime,Europe,-82.39,202.22,37.66,128.39,53.1,58.13,38.1,35.1,Online
2026-04-07T13:30:00Z,GS-06,Tanegashima,Asia Pacific,-61.01,199.26,35.45,113.13,29.69,74.88,42.52,33.54,Online
2026-04-07T13:35:00Z,GS-01,Geneva Prime,Europe,-57.61,202.29,33.44,105.73,35.96,60.93,75.11,33.89,Online
2026-04-07T13:35:00Z,GS-06,Tanegashima,Asia Pacific,-36.57,202.66,36.98,50.03,42.66,63.28,60.66,34.12,Online
2026-04-07T13:40:00Z,GS-01,Geneva Prime,Europe,-62.66,202.4,37.95,93.83,46.47,55.46,53.78,33.67,Online
2026-04-07T13:40:00Z,GS-06,Tanegashima,Asia Pacific,-63.46,208.45,38.92,116.35,42.87,43.79,47.7,32.47,Online
2026-04-07T13:45:00Z,GS-01,Geneva Prime,Europe,-64.12,206.18,38.04,108.19,58.91,57.5,90.29,33.9,Online
2026-04-07T13:45:00Z,GS-06,Tanegashima,Asia Pacific,-56.31,208.81,38.34,60.42,43.63,59.89,166.06,32.89,Online
2026-04-07T13:50:00Z,GS-01,Geneva Prime,Europe,-74.74,208.38,37.14,97.79,42.36,67.59,45.86,32.81,Online
2026-04-07T13:50:00Z,GS-06,Tanegashima,Asia Pacific,-67.83,209.69,36.72,68.05,33.43,74.99,123.33,34.58,Online
2026-04-07T13:55:00Z,GS-01,Geneva Prime,Europe,-59.82,211.77,33.36,122.59,39.68,58.01,109.03,33.05,Online
2026-04-07T13:55:00Z,GS-06,Tanegashima,Asia Pacific,-66.52,207.76,31.6,122.9,32.92,74.87,68.5,35.22,Online
2026-04-07T14:00:00Z,GS-01,Geneva Prime,Europe,-87.14,211.46,36.98,139.11,26.66,54.38,103.06,33.42,Online
2026-04-07T14:00:00Z,GS-06,Tanegashima,Asia Pacific,-55.6,209.28,38.1,178.25,46.25,63.63,82.25,35.12,Online
2026-04-07T14:05:00Z,GS-01,Geneva Prime,Europe,-47.56,209.12,33.21,69.72,77.34,65.08,56.17,32.12,Online
2026-04-07T14:05:00Z,GS-06,Tanegashima,Asia Pacific,-47.92,213.06,36.03,87.23,48.67,60.89,42.55,31.74,Online
2026-04-07T14:10:00Z,GS-01,Geneva Prime,Europe,-53.82,212.89,34.99,123.73,62.99,53.79,105.21,34.18,Online
2026-04-07T14:10:00Z,GS-06,Tanegashima,Asia Pacific,-64.68,212.74,33.31,163.26,46.26,63.61,69.44,32.34,Online
2026-04-07T14:15:00Z,GS-01,Geneva Prime,Europe,-79.53,215.95,34.87,90.97,34.2,61.44,60.09,32.66,Online
2026-04-07T14:15:00Z,GS-06,Tanegashima,Asia Pacific,-78.95,214.18,33.81,132.84,43.19,57.33,17.73,34.64,Online
2026-04-07T14:20:00Z,GS-01,Geneva Prime,Europe,-46.61,215.06,30.13,63.56,38.43,67.72,91.61,30.67,Online
2026-04-07T14:20:00Z,GS-06,Tanegashima,Asia Pacific,-53.94,213.32,31.75,129.15,54.19,68.74,79.07,34.24,Online
2026-04-07T14:25:00Z,GS-01,Geneva Prime,Europe,-68.79,215.73,31.61,100.72,29.56,58.2,138.07,31.2,Online
2026-04-07T14:25:00Z,GS-06,Tanegashima,Asia Pacific,-79.94,213.75,37.58,113.95,41.76,60.55,89.11,31.88,Online
2026-04-07T14:30:00Z,GS-01,Geneva Prime,Europe,-67.76,217.18,30.29,88.09,49.24,52.02,184.4,33.89,Online
2026-04-07T14:30:00Z,GS-06,Tanegashima,Asia Pacific,-79.05,212.54,30.36,120.53,50.89,59.11,55.94,31.4,Online
2026-04-07T14:35:00Z,GS-01,Geneva Prime,Europe,-66.04,216.73,30.42,139.93,35.75,64.89,110.54,31.06,Online
2026-04-07T14:35:00Z,GS-06,Tanegashima,Asia Pacific,-72.65,220.89,29.37,98.28,69.48,67.84,83.41,33.94,Online
2026-04-07T14:40:00Z,GS-01,Geneva Prime,Europe,-60.84,222.04,26.62,95.82,20.0,61.29,70.55,34.64,Online
2026-04-07T14:40:00Z,GS-06,Tanegashima,Asia Pacific,-49.32,218.95,29.9,111.42,38.13,59.74,132.67,31.35,Online
2026-04-07T14:45:00Z,GS-01,Geneva Prime,Europe,-66.72,220.64,36.54,118.25,58.58,66.15,113.42,33.22,Online
2026-04-07T14:45:00Z,GS-06,Tanegashima,Asia Pacific,-54.52,218.35,30.94,96.75,51.55,59.43,110.53,33.92,Online
2026-04-07T14:50:00Z,GS-01,Geneva Prime,Europe,-103.68,221.63,26.02,107.17,41.39,70.85,88.29,31.7,Online
2026-04-07T14:50:00Z,GS-06,Tanegashima,Asia Pacific,-45.92,221.86,28.74,111.81,64.36,66.83,102.68,36.55,Online
2026-04-07T14:55:00Z,GS-01,Geneva Prime,Europe,-70.99,222.24,29.55,145.45,33.7,74.04,22.44,32.15,Online
2026-04-07T14:55:00Z,GS-06,Tanegashima,Asia Pacific,-57.4,221.98,28.01,123.9,62.3,43.08,87.21,32.16,Online
2026-04-07T15:00:00Z,GS-01,Geneva Prime,Europe,-58.39,224.37,26.21,146.27,58.91,59.17,60.47,31.33,Degraded
2026-04-07T15:00:00Z,GS-06,Tanegashima,Asia Pacific,-98.78,225.71,30.35,104.14,43.96,61.07,45.87,31.49,Online
2026-04-07T15:05:00Z,GS-01,Geneva Prime,Europe,-62.49,227.64,31.09,93.13,32.46,60.29,160.46,30.71,Online
2026-04-07T15:05:00Z,GS-06,Tanegashima,Asia Pacific,-46.71,228.92,27.61,78.98,51.9,62.83,107.79,35.26,Online
2026-04-07T15:10:00Z,GS-01,Geneva Prime,Europe,-57.49,225.12,28.01,107.25,60.21,58.43,63.64,30.0,Online
2026-04-07T15:10:00Z,GS-06,Tanegashima,Asia Pacific,-51.79,234.2,27.44,113.56,38.43,49.75,97.37,32.1,Online
2026-04-07T15:15:00Z,GS-01,Geneva Prime,Europe,-95.78,231.97,28.28,102.22,39.94,63.24,98.06,32.56,Online
2026-04-07T15:15:00Z,GS-06,Tanegashima,Asia Pacific,-43.98,231.34,31.46,74.89,63.68,62.89,48.84,31.03,Online
2026-04-07T15:20:00Z,GS-01,Geneva Prime,Europe,-52.87,231.8,29.57,94.22,50.56,61.94,80.71,30.63,Online
2026-04-07T15:20:00Z,GS-06,Tanegashima,Asia Pacific,-74.15,231.33,25.35,46.69,44.62,71.64,10.0,31.42,Online
2026-04-07T15:25:00Z,GS-01,Geneva Prime,Europe,-49.87,227.6,26.18,65.82,32.91,56.78,35.07,29.95,Online
2026-04-07T15:25:00Z,GS-06,Tanegashima,Asia Pacific,-60.89,235.7,28.12,130.32,54.57,54.42,92.43,33.4,Online
2026-04-07T15:30:00Z,GS-01,Geneva Prime,Europe,-47.57,232.89,27.24,173.89,55.07,57.48,77.04,30.07,Online
2026-04-07T15:30:00Z,GS-06,Tanegashima,Asia Pacific,-30.0,235.71,26.37,165.42,52.59,56.55,116.26,32.25,Online
2026-04-07T15:35:00Z,GS-01,Geneva Prime,Europe,-47.43,231.01,24.19,144.65,65.32,71.32,168.75,32.41,Online
2026-04-07T15:35:00Z,GS-06,Tanegashima,Asia Pacific,-52.39,231.92,24.65,40.35,41.14,43.53,123.24,32.13,Online
2026-04-07T15:40:00Z,GS-01,Geneva Prime,Europe,-90.39,234.62,29.36,96.23,33.02,45.72,10.0,32.24,Online
2026-04-07T15:40:00Z,GS-06,Tanegashima,Asia Pacific,-66.51,234.3,24.57,95.79,30.27,62.53,23.09,30.31,Online
2026-04-07T15:45:00Z,GS-01,Geneva Prime,Europe,-44.84,237.0,26.43,164.51,44.28,60.17,69.43,30.67,Online
2026-04-07T15:45:00Z,GS-06,Tanegashima,Asia Pacific,-75.16,236.42,25.77,112.32,45.77,67.41,81.18,30.72,Online
2026-04-07T15:50:00Z,GS-01,Geneva Prime,Europe,-73.9,234.4,27.62,79.03,33.89,56.66,68.86,33.68,Online
2026-04-07T15:50:00Z,GS-06,Tanegashima,Asia Pacific,-64.92,242.77,24.83,161.71,55.73,62.89,143.11,32.91,Online
2026-04-07T15:55:00Z,GS-01,Geneva Prime,Europe,-50.48,243.39,23.36,70.15,36.89,74.02,138.03,30.32,Online
2026-04-07T15:55:00Z,GS-06,Tanegashima,Asia Pacific,-95.32,238.34,22.33,85.18,32.35,47.12,155.33,30.09,Online
2026-04-07T16:00:00Z,GS-01,Geneva Prime,Europe,-38.81,239.56,21.76,115.27,40.31,58.34,85.8,29.78,Online
2026-04-07T16:00:00Z,GS-06,Tanegashima,Asia Pacific,-84.32,239.9,25.95,72.95,46.85,72.04,76.41,31.13,Online
2026-04-07T16:05:00Z,GS-01,Geneva Prime,Europe,-59.17,239.89,21.71,70.32,49.42,66.06,112.2,30.32,Online
2026-04-07T16:05:00Z,GS-06,Tanegashima,Asia Pacific,-43.6,241.86,23.84,1.0,35.19,47.83,105.08,31.03,Online
2026-04-07T16:10:00Z,GS-01,Geneva Prime,Europe,-76.08,243.11,20.54,68.69,36.48,64.32,135.98,29.89,Online
2026-04-07T16:10:00Z,GS-06,Tanegashima,Asia Pacific,-40.16,242.59,23.86,98.09,42.63,63.51,109.61,29.44,Online
2026-04-07T16:15:00Z,GS-01,Geneva Prime,Europe,-62.84,247.09,23.45,108.6,59.01,55.99,78.64,31.88,Online
2026-04-07T16:15:00Z,GS-06,Tanegashima,Asia Pacific,-41.42,239.02,21.62,70.05,43.51,52.62,106.56,30.91,Degraded
2026-04-07T16:20:00Z,GS-01,Geneva Prime,Europe,-46.66,246.91,24.17,89.93,46.25,56.31,25.41,31.97,Online
2026-04-07T16:20:00Z,GS-06,Tanegashima,Asia Pacific,-61.26,241.99,23.88,93.28,20.28,49.01,51.98,30.85,Online
2026-04-07T16:25:00Z,GS-01,Geneva Prime,Europe,-48.18,247.76,23.75,98.97,65.67,65.6,88.88,31.27,Online
2026-04-07T16:25:00Z,GS-06,Tanegashima,Asia Pacific,-65.99,246.14,18.38,88.4,66.12,61.19,84.27,31.91,Online
2026-04-07T16:30:00Z,GS-01,Geneva Prime,Europe,-54.63,245.93,22.33,65.94,47.2,53.3,117.13,29.53,Online
2026-04-07T16:30:00Z,GS-06,Tanegashima,Asia Pacific,-72.37,247.27,23.01,63.78,38.74,60.84,133.53,26.5,Online
2026-04-07T16:35:00Z,GS-01,Geneva Prime,Europe,-50.77,247.98,21.05,79.57,40.63,64.97,58.53,32.66,Online
2026-04-07T16:35:00Z,GS-06,Tanegashima,Asia Pacific,-50.64,249.15,21.71,135.7,61.03,50.71,51.92,31.13,Online
2026-04-07T16:40:00Z,GS-01,Geneva Prime,Europe,-45.95,249.4,20.32,102.36,62.72,60.33,29.44,30.22,Online
2026-04-07T16:40:00Z,GS-06,Tanegashima,Asia Pacific,-48.26,249.8,24.33,125.98,44.26,60.35,10.0,31.87,Degraded
2026-04-07T16:45:00Z,GS-01,Geneva Prime,Europe,-64.94,250.45,20.49,113.7,31.46,52.13,77.9,28.99,Online
2026-04-07T16:45:00Z,GS-06,Tanegashima,Asia Pacific,-54.97,250.07,24.78,120.8,53.17,55.16,176.23,29.27,Online
2026-04-07T16:50:00Z,GS-01,Geneva Prime,Europe,-70.71,253.91,21.78,75.45,71.35,67.8,80.16,33.41,Online
2026-04-07T16:50:00Z,GS-06,Tanegashima,Asia Pacific,-47.84,252.48,25.95,119.77,52.38,56.91,81.98,29.19,Online
2026-04-07T16:55:00Z,GS-01,Geneva Prime,Europe,-38.4,250.53,23.93,73.68,44.3,57.64,59.19,30.71,Online
2026-04-07T16:55:00Z,GS-06,Tanegashima,Asia Pacific,-60.08,252.41,21.51,79.12,38.55,48.02,61.99,30.42,Online
2026-04-07T17:00:00Z,GS-01,Geneva Prime,Europe,-59.44,258.63,26.25,86.07,35.0,69.04,93.41,31.26,Online
2026-04-07T17:00:00Z,GS-06,Tanegashima,Asia Pacific,-54.02,254.61,20.64,112.98,42.47,69.76,27.91,31.37,Online
2026-04-07T17:05:00Z,GS-01,Geneva Prime,Europe,-88.1,256.54,20.2,54.51,20.28,51.22,81.83,28.52,Online
2026-04-07T17:05:00Z,GS-06,Tanegashima,Asia Pacific,-75.61,258.95,18.4,120.37,34.33,51.02,55.85,30.36,Online
2026-04-07T17:10:00Z,GS-01,Geneva Prime,Europe,-80.57,258.07,18.79,76.58,49.81,77.39,43.56,30.38,Online
2026-04-07T17:10:00Z,GS-06,Tanegashima,Asia Pacific,-64.69,256.55,22.85,74.69,31.15,63.68,143.79,30.42,Online
2026-04-07T17:15:00Z,GS-01,Geneva Prime,Europe,-81.11,257.52,22.54,147.43,47.74,55.37,145.84,29.06,Online
2026-04-07T17:15:00Z,GS-06,Tanegashima,Asia Pacific,-69.09,257.2,18.19,185.01,62.05,54.75,149.27,29.97,Online
2026-04-07T17:20:00Z,GS-01,Geneva Prime,Europe,-52.89,258.56,19.43,98.73,21.41,56.11,80.18,31.01,Online
2026-04-07T17:20:00Z,GS-06,Tanegashima,Asia Pacific,-69.25,261.62,16.33,135.01,34.2,61.04,96.25,29.36,Online
2026-04-07T17:25:00Z,GS-01,Geneva Prime,Europe,-61.6,258.77,18.57,129.89,37.83,59.17,20.32,30.2,Online
2026-04-07T17:25:00Z,GS-06,Tanegashima,Asia Pacific,-79.79,263.08,18.22,130.44,45.12,55.53,144.02,28.81,Online
2026-04-07T17:30:00Z,GS-01,Geneva Prime,Europe,-65.43,264.32,17.3,24.19,58.9,53.31,114.58,28.85,Online
2026-04-07T17:30:00Z,GS-06,Tanegashima,Asia Pacific,-77.46,263.71,19.44,67.68,32.38,46.14,96.12,27.38,Online
2026-04-07T17:35:00Z,GS-01,Geneva Prime,Europe,-60.52,263.39,18.3,54.31,75.4,59.61,152.94,30.4,Online
2026-04-07T17:35:00Z,GS-06,Tanegashima,Asia Pacific,-64.82,264.11,20.48,155.33,54.96,53.54,94.06,29.86,Online
2026-04-07T17:40:00Z,GS-01,Geneva Prime,Europe,-77.63,265.99,22.81,74.28,36.37,69.28,65.83,27.05,Online
2026-04-07T17:40:00Z,GS-06,Tanegashima,Asia Pacific,-46.77,266.15,20.3,133.74,59.35,59.34,158.97,30.9,Online
2026-04-07T17:45:00Z,GS-01,Geneva Prime,Europe,-89.76,264.19,15.55,90.26,30.47,53.49,123.62,25.76,Online
2026-04-07T17:45:00Z,GS-06,Tanegashima,Asia Pacific,-58.05,266.5,19.9,103.92,20.0,53.52,141.72,26.6,Online
2026-04-07T17:50:00Z,GS-01,Geneva Prime,Europe,-35.0,264.69,16.97,71.45,58.55,55.63,93.82,28.37,Online
2026-04-07T17:50:00Z,GS-06,Tanegashima,Asia Pacific,-60.82,270.05,21.57,65.71,41.69,73.95,92.78,26.0,Online
2026-04-07T17:55:00Z,GS-01,Geneva Prime,Europe,-81.56,270.53,21.41,72.36,53.97,72.8,138.31,30.54,Online
2026-04-07T17:55:00Z,GS-06,Tanegashima,Asia Pacific,-51.67,268.39,19.2,99.48,66.67,57.13,131.0,25.72,Online
2026-04-07T18:00:00Z,GS-01,Geneva Prime,Europe,-83.11,271.66,19.3,42.23,44.26,58.37,62.76,29.03,Online
2026-04-07T18:00:00Z,GS-06,Tanegashima,Asia Pacific,-80.0,270.03,19.58,101.13,24.21,55.82,80.79,28.81,Online
2026-04-07T18:05:00Z,GS-01,Geneva Prime,Europe,-32.3,272.86,20.93,138.14,41.35,72.43,124.77,27.2,Online
2026-04-07T18:05:00Z,GS-06,Tanegashima,Asia Pacific,-31.14,272.14,24.39,109.1,38.26,53.86,65.77,27.01,Online
2026-04-07T18:10:00Z,GS-01,Geneva Prime,Europe,-40.93,272.44,16.8,106.39,46.51,56.25,90.7,27.67,Online
2026-04-07T18:10:00Z,GS-06,Tanegashima,Asia Pacific,-50.49,273.65,20.76,61.03,70.43,47.55,74.85,26.1,Online
2026-04-07T18:15:00Z,GS-01,Geneva Prime,Europe,-54.05,274.03,19.73,145.53,58.3,57.38,112.17,29.95,Online
2026-04-07T18:15:00Z,GS-06,Tanegashima,Asia Pacific,-43.48,273.48,16.88,109.74,53.02,53.84,80.9,27.48,Online
2026-04-07T18:20:00Z,GS-01,Geneva Prime,Europe,-39.18,278.71,22.46,97.43,58.77,65.19,77.0,30.62,Online
2026-04-07T18:20:00Z,GS-06,Tanegashima,Asia Pacific,-71.07,276.21,21.79,91.38,51.71,67.56,89.79,28.19,Online
2026-04-07T18:25:00Z,GS-01,Geneva Prime,Europe,-58.42,277.85,19.72,90.65,45.25,69.47,10.11,25.98,Online
2026-04-07T18:25:00Z,GS-06,Tanegashima,Asia Pacific,-30.0,276.8,19.36,123.85,35.58,43.18,94.19,26.25,Online
2026-04-07T18:30:00Z,GS-01,Geneva Prime,Europe,-58.48,278.16,20.54,48.73,45.32,63.56,24.0,24.94,Online
2026-04-07T18:30:00Z,GS-06,Tanegashima,Asia Pacific,-76.04,278.99,16.26,124.89,49.7,57.94,20.77,26.02,Online
2026-04-07T18:35:00Z,GS-01,Geneva Prime,Europe,-48.27,281.26,18.29,134.26,53.23,59.95,50.49,26.22,Online
2026-04-07T18:35:00Z,GS-06,Tanegashima,Asia Pacific,-32.66,279.11,23.01,107.25,39.57,64.67,166.31,26.12,Online
2026-04-07T18:40:00Z,GS-01,Geneva Prime,Europe,-46.29,280.38,17.56,55.84,39.58,62.78,115.13,24.6,Online
2026-04-07T18:40:00Z,GS-06,Tanegashima,Asia Pacific,-50.21,279.76,20.46,117.66,65.95,62.43,25.73,26.68,Online
2026-04-07T18:45:00Z,GS-01,Geneva Prime,Europe,-47.22,283.02,21.91,84.7,28.59,64.72,31.43,27.87,Online
2026-04-07T18:45:00Z,GS-06,Tanegashima,Asia Pacific,-49.6,280.31,20.35,105.96,37.62,48.95,78.43,26.93,Online
2026-04-07T18:50:00Z,GS-01,Geneva Prime,Europe,-39.58,280.94,22.85,65.59,28.86,57.59,42.36,24.66,Online
2026-04-07T18:50:00Z,GS-06,Tanegashima,Asia Pacific,-30.84,281.6,25.33,70.16,24.5,70.33,50.93,26.91,Online
2026-04-07T18:55:00Z,GS-01,Geneva Prime,Europe,-80.33,283.67,18.12,97.78,39.31,61.84,105.03,26.94,Online
2026-04-07T18:55:00Z,GS-06,Tanegashima,Asia Pacific,-53.23,283.53,19.99,114.1,43.66,59.41,95.91,25.02,Online
2026-04-07T19:00:00Z,GS-01,Geneva Prime,Europe,-38.56,284.5,21.27,98.66,52.83,62.71,78.0,28.62,Online
2026-04-07T19:00:00Z,GS-06,Tanegashima,Asia Pacific,-108.05,287.49,22.86,44.93,56.15,68.47,102.47,24.11,Online
2026-04-07T19:05:00Z,GS-01,Geneva Prime,Europe,-49.76,288.26,20.05,113.23,40.76,67.08,67.46,25.45,Online
2026-04-07T19:05:00Z,GS-06,Tanegashima,Asia Pacific,-60.59,283.57,20.92,110.86,55.44,61.99,22.7,28.35,Online
2026-04-07T19:10:00Z,GS-01,Geneva Prime,Europe,-38.46,287.73,19.88,84.05,42.56,62.23,67.82,24.91,Online
2026-04-07T19:10:00Z,GS-06,Tanegashima,Asia Pacific,-44.65,288.01,19.28,108.74,46.94,54.26,127.8,26.4,Online
2026-04-07T19:15:00Z,GS-01,Geneva Prime,Europe,-63.25,288.58,22.48,97.83,44.03,68.53,23.26,24.19,Online
2026-04-07T19:15:00Z,GS-06,Tanegashima,Asia Pacific,-48.35,293.58,23.35,155.93,39.79,54.9,98.26,27.5,Online
2026-04-07T19:20:00Z,GS-01,Geneva Prime,Europe,-79.67,289.57,21.76,79.63,38.25,66.74,98.79,27.15,Online
2026-04-07T19:20:00Z,GS-06,Tanegashima,Asia Pacific,-54.95,288.25,22.66,71.44,63.67,51.71,55.56,26.08,Online
2026-04-07T19:25:00Z,GS-01,Geneva Prime,Europe,-66.86,289.48,24.32,96.41,38.66,51.34,10.0,25.49,Online
2026-04-07T19:25:00Z,GS-06,Tanegashima,Asia Pacific,-80.67,292.67,22.1,146.75,47.68,54.19,10.0,27.04,Online
2026-04-07T19:30:00Z,GS-01,Geneva Prime,Europe,-79.48,291.68,25.63,118.33,78.31,67.55,116.28,28.08,Online
2026-04-07T19:30:00Z,GS-06,Tanegashima,Asia Pacific,-69.03,291.75,20.44,99.02,43.41,45.96,53.84,27.86,Online
2026-04-07T19:35:00Z,GS-01,Geneva Prime,Europe,-56.34,295.18,22.3,43.39,43.46,68.33,32.57,26.7,Online
2026-04-07T19:35:00Z,GS-06,Tanegashima,Asia Pacific,-85.53,293.79,23.63,90.64,74.67,56.05,56.86,25.89,Online
2026-04-07T19:40:00Z,GS-01,Geneva Prime,Europe,-71.32,292.12,20.62,122.74,41.34,73.62,62.35,26.53,Online
2026-04-07T19:40:00Z,GS-06,Tanegashima,Asia Pacific,-52.34,294.09,21.05,48.05,51.64,69.59,16.4,24.91,Online
2026-04-07T19:45:00Z,GS-01,Geneva Prime,Europe,-70.0,297.35,22.44,139.69,40.39,50.11,61.25,24.81,Online
2026-04-07T19:45:00Z,GS-06,Tanegashima,Asia Pacific,-52.11,295.5,23.97,76.29,41.46,53.72,46.13,27.26,Online
2026-04-07T19:50:00Z,GS-01,Geneva Prime,Europe,-70.73,296.8,25.48,122.5,64.69,63.86,55.98,28.32,Online
2026-04-07T19:50:00Z,GS-06,Tanegashima,Asia Pacific,-51.27,297.19,23.5,105.38,42.16,48.99,145.07,25.2,Online
2026-04-07T19:55:00Z,GS-01,Geneva Prime,Europe,-57.25,302.91,22.33,119.66,35.49,62.57,88.06,26.3,Online
2026-04-07T19:55:00Z,GS-06,Tanegashima,Asia Pacific,-41.88,297.59,26.53,144.62,42.0,59.95,60.23,24.66,Online
2026-04-07T20:00:00Z,GS-01,Geneva Prime,Europe,-78.05,301.56,19.92,79.09,44.45,70.4,58.19,25.64,Online
2026-04-07T20:00:00Z,GS-06,Tanegashima,Asia Pacific,-61.21,301.89,24.77,124.91,38.39,51.89,94.69,24.27,Online
2026-04-07T20:05:00Z,GS-01,Geneva Prime,Europe,-59.55,301.88,26.84,123.6,36.83,50.84,148.3,22.51,Online
2026-04-07T20:05:00Z,GS-06,Tanegashima,Asia Pacific,-66.79,302.54,27.63,94.31,45.33,53.0,85.06,23.16,Online
2026-04-07T20:10:00Z,GS-01,Geneva Prime,Europe,-71.25,304.03,23.83,127.52,43.16,49.05,126.73,22.8,Online
2026-04-07T20:10:00Z,GS-06,Tanegashima,Asia Pacific,-69.03,302.1,26.71,84.21,33.88,61.3,71.44,24.08,Online
2026-04-07T20:15:00Z,GS-01,Geneva Prime,Europe,-56.75,301.34,21.61,164.16,46.25,61.39,48.72,26.01,Online
2026-04-07T20:15:00Z,GS-06,Tanegashima,Asia Pacific,-68.0,298.18,23.92,91.56,42.96,58.41,54.2,23.55,Online
2026-04-07T20:20:00Z,GS-01,Geneva Prime,Europe,-64.47,301.71,21.51,102.94,46.38,67.04,69.78,22.77,Online
2026-04-07T20:20:00Z,GS-06,Tanegashima,Asia Pacific,-89.09,303.22,26.27,143.24,45.65,50.29,44.8,23.29,Online
2026-04-07T20:25:00Z,GS-01,Geneva Prime,Europe,-66.09,308.49,28.2,94.83,47.2,53.62,11.6,27.13,Online
2026-04-07T20:25:00Z,GS-06,Tanegashima,Asia Pacific,-94.84,302.58,29.4,100.5,31.49,65.46,110.92,22.45,Online
2026-04-07T20:30:00Z,GS-01,Geneva Prime,Europe,-67.99,309.25,24.57,108.46,62.1,40.86,66.35,24.74,Online
2026-04-07T20:30:00Z,GS-06,Tanegashima,Asia Pacific,-86.88,306.44,28.29,78.87,27.19,69.05,97.78,24.24,Online
2026-04-07T20:35:00Z,GS-01,Geneva Prime,Europe,-61.48,310.81,27.19,119.37,36.69,44.66,104.88,25.9,Online
2026-04-07T20:35:00Z,GS-06,Tanegashima,Asia Pacific,-63.37,310.53,25.93,97.28,66.03,57.67,65.98,21.44,Offline
2026-04-07T20:40:00Z,GS-01,Geneva Prime,Europe,-49.65,308.58,27.31,90.55,39.65,59.06,78.37,25.91,Online
2026-04-07T20:40:00Z,GS-06,Tanegashima,Asia Pacific,-37.2,311.3,29.56,125.62,50.94,71.64,27.66,23.12,Online
2026-04-07T20:45:00Z,GS-01,Geneva Prime,Europe,-72.31,310.65,28.82,66.55,51.03,55.3,66.12,24.34,Online
2026-04-07T20:45:00Z,GS-06,Tanegashima,Asia Pacific,-34.78,309.83,27.28,67.65,36.34,51.3,89.79,24.68,Online
2026-04-07T20:50:00Z,GS-01,Geneva Prime,Europe,-49.69,310.99,28.9,103.39,44.31,50.07,86.13,24.22,Online
2026-04-07T20:50:00Z,GS-06,Tanegashima,Asia Pacific,-58.47,313.3,29.27,67.06,42.4,64.13,69.26,25.39,Online
2026-04-07T20:55:00Z,GS-01,Geneva Prime,Europe,-58.65,309.84,30.01,96.49,23.76,57.98,29.27,24.98,Online
2026-04-07T20:55:00Z,GS-06,Tanegashima,Asia Pacific,-60.54,311.9,29.95,113.76,42.17,50.04,46.3,22.56,Online
2026-04-07T21:00:00Z,GS-01,Geneva Prime,Europe,-48.8,311.64,28.69,92.49,57.43,61.86,101.41,22.97,Online
2026-04-07T21:00:00Z,GS-06,Tanegashima,Asia Pacific,-78.46,314.35,30.34,123.25,39.83,53.11,37.73,23.55,Online
2026-04-07T21:05:00Z,GS-01,Geneva Prime,Europe,-57.95,319.2,29.5,118.41,73.69,60.33,85.6,23.46,Degraded
2026-04-07T21:05:00Z,GS-06,Tanegashima,Asia Pacific,-60.33,316.5,30.22,135.07,20.0,68.91,11.57,24.13,Online
2026-04-07T21:10:00Z,GS-01,Geneva Prime,Europe,-30.0,317.41,30.09,90.69,89.66,62.9,52.96,23.4,Online
2026-04-07T21:10:00Z,GS-06,Tanegashima,Asia Pacific,-76.78,317.26,28.89,104.1,36.48,58.28,80.35,23.69,Online
2026-04-07T21:15:00Z,GS-01,Geneva Prime,Europe,-55.89,318.4,28.65,102.46,42.85,68.2,126.03,21.43,Online
2026-04-07T21:15:00Z,GS-06,Tanegashima,Asia Pacific,-50.74,320.39,27.53,117.38,55.75,52.4,70.55,23.77,Online
2026-04-07T21:20:00Z,GS-01,Geneva Prime,Europe,-51.44,318.02,33.03,39.12,60.88,64.4,55.13,24.7,Online
2026-04-07T21:20:00Z,GS-06,Tanegashima,Asia Pacific,-75.72,320.23,31.19,107.08,34.92,56.03,85.07,22.31,Online
2026-04-07T21:25:00Z,GS-01,Geneva Prime,Europe,-55.93,320.02,33.22,146.88,41.43,67.36,71.51,21.92,Online
2026-04-07T21:25:00Z,GS-06,Tanegashima,Asia Pacific,-66.39,321.42,27.65,118.77,46.03,68.0,104.33,23.5,Online
2026-04-07T21:30:00Z,GS-01,Geneva Prime,Europe,-65.34,325.55,36.08,89.83,57.51,54.35,56.49,22.66,Online
2026-04-07T21:30:00Z,GS-06,Tanegashima,Asia Pacific,-49.73,320.35,34.84,128.14,52.94,57.65,113.18,18.86,Online
2026-04-07T21:35:00Z,GS-01,Geneva Prime,Europe,-53.39,324.07,28.49,112.19,52.09,45.17,32.53,26.26,Online
2026-04-07T21:35:00Z,GS-06,Tanegashima,Asia Pacific,-62.8,325.7,34.51,111.82,57.21,43.1,70.78,18.54,Online
2026-04-07T21:40:00Z,GS-01,Geneva Prime,Europe,-86.19,323.91,31.46,101.24,44.75,61.07,86.99,23.58,Online
2026-04-07T21:40:00Z,GS-06,Tanegashima,Asia Pacific,-74.39,323.55,32.72,99.36,32.02,68.65,108.99,21.8,Online
2026-04-07T21:45:00Z,GS-01,Geneva Prime,Europe,-63.13,330.27,33.65,111.87,37.69,57.5,140.45,23.18,Online
2026-04-07T21:45:00Z,GS-06,Tanegashima,Asia Pacific,-61.06,326.27,38.42,101.19,35.04,54.76,111.23,20.87,Online
2026-04-07T21:50:00Z,GS-01,Geneva Prime,Europe,-53.24,326.05,30.16,70.6,45.33,71.16,116.53,22.5,Online
2026-04-07T21:50:00Z,GS-06,Tanegashima,Asia Pacific,-45.42,326.79,30.95,100.63,26.93,66.33,112.24,21.62,Online
2026-04-07T21:55:00Z,GS-01,Geneva Prime,Europe,-57.82,329.02,36.18,62.65,52.19,49.47,111.09,24.46,Online
2026-04-07T21:55:00Z,GS-06,Tanegashima,Asia Pacific,-70.04,331.19,31.29,132.99,62.26,62.77,72.18,23.34,Online
2026-04-07T22:00:00Z,GS-01,Geneva Prime,Europe,-69.06,335.25,33.83,139.52,36.11,72.77,160.49,23.38,Online
2026-04-07T22:00:00Z,GS-06,Tanegashima,Asia Pacific,-55.7,328.09,32.85,108.94,62.5,55.61,168.32,21.89,Online
2026-04-07T22:05:00Z,GS-01,Geneva Prime,Europe,-56.56,331.71,35.37,38.69,37.57,61.6,76.16,23.69,Online
2026-04-07T22:05:00Z,GS-06,Tanegashima,Asia Pacific,-48.65,330.77,33.65,146.45,28.73,55.24,46.0,23.86,Online
2026-04-07T22:10:00Z,GS-01,Geneva Prime,Europe,-40.24,332.15,36.61,112.86,66.65,45.81,109.77,23.24,Online
2026-04-07T22:10:00Z,GS-06,Tanegashima,Asia Pacific,-65.56,333.15,37.63,117.49,70.9,61.02,81.08,22.41,Online
2026-04-07T22:15:00Z,GS-01,Geneva Prime,Europe,-51.71,333.69,36.76,100.53,43.38,55.13,96.72,22.19,Degraded
2026-04-07T22:15:00Z,GS-06,Tanegashima,Asia Pacific,-50.79,333.97,35.96,146.94,43.77,64.98,52.0,19.58,Online
2026-04-07T22:20:00Z,GS-01,Geneva Prime,Europe,-68.5,330.73,36.85,144.06,55.48,43.15,140.01,21.85,Online
2026-04-07T22:20:00Z,GS-06,Tanegashima,Asia Pacific,-60.24,336.58,38.37,122.52,55.81,46.03,23.43,24.32,Online
2026-04-07T22:25:00Z,GS-01,Geneva Prime,Europe,-71.73,334.9,35.39,87.85,40.81,52.5,37.88,22.99,Online
2026-04-07T22:25:00Z,GS-06,Tanegashima,Asia Pacific,-72.12,335.04,33.55,158.15,56.3,56.04,44.04,22.52,Online
2026-04-07T22:30:00Z,GS-01,Geneva Prime,Europe,-60.25,334.95,33.42,84.22,26.24,61.37,87.12,21.0,Online
2026-04-07T22:30:00Z,GS-06,Tanegashima,Asia Pacific,-68.02,341.03,40.07,86.43,72.5,50.42,47.49,22.29,Online
2026-04-07T22:35:00Z,GS-01,Geneva Prime,Europe,-82.97,342.33,39.49,76.3,50.37,61.17,67.81,20.6,Online
2026-04-07T22:35:00Z,GS-06,Tanegashima,Asia Pacific,-81.54,343.12,36.42,150.94,34.86,66.32,98.62,23.41,Online
2026-04-07T22:40:00Z,GS-01,Geneva Prime,Europe,-49.02,336.78,38.39,58.96,47.27,49.41,10.0,22.01,Online
2026-04-07T22:40:00Z,GS-06,Tanegashima,Asia Pacific,-93.14,340.52,37.22,74.78,20.0,73.2,21.48,21.82,Online
2026-04-07T22:45:00Z,GS-01,Geneva Prime,Europe,-86.88,339.58,43.86,108.92,36.32,59.73,57.58,22.18,Online
2026-04-07T22:45:00Z,GS-06,Tanegashima,Asia Pacific,-48.84,340.59,40.8,107.09,41.09,54.11,58.99,23.37,Online
2026-04-07T22:50:00Z,GS-01,Geneva Prime,Europe,-48.26,340.22,40.46,77.41,54.6,56.23,168.04,22.6,Degraded
2026-04-07T22:50:00Z,GS-06,Tanegashima,Asia Pacific,-42.27,340.47,41.0,118.49,32.6,60.16,122.07,21.79,Online
2026-04-07T22:55:00Z,GS-01,Geneva Prime,Europe,-72.78,347.36,39.26,104.68,36.5,52.51,109.67,21.93,Online
2026-04-07T22:55:00Z,GS-06,Tanegashima,Asia Pacific,-53.91,339.24,42.61,78.38,22.45,75.08,104.04,22.58,Online
2026-04-07T23:00:00Z,GS-01,Geneva Prime,Europe,-41.26,345.5,40.64,94.75,36.86,56.0,29.69,20.75,Online
2026-04-07T23:00:00Z,GS-06,Tanegashima,Asia Pacific,-46.58,345.66,41.23,69.16,40.14,46.53,85.07,23.62,Online
2026-04-07T23:05:00Z,GS-01,Geneva Prime,Europe,-30.0,344.04,44.68,78.78,31.46,50.97,85.63,20.78,Online
2026-04-07T23:05:00Z,GS-06,Tanegashima,Asia Pacific,-69.1,345.37,41.39,75.62,20.0,60.7,82.71,20.98,Online
2026-04-07T23:10:00Z,GS-01,Geneva Prime,Europe,-54.59,350.29,43.55,139.91,71.86,80.0,32.47,20.37,Online
2026-04-07T23:10:00Z,GS-06,Tanegashima,Asia Pacific,-66.67,347.76,46.68,118.82,30.56,55.11,78.32,19.91,Online
2026-04-07T23:15:00Z,GS-01,Geneva Prime,Europe,-59.79,346.37,40.85,71.59,49.93,63.23,83.87,23.6,Online
2026-04-07T23:15:00Z,GS-06,Tanegashima,Asia Pacific,-46.72,349.16,44.28,103.89,43.23,42.61,125.42,22.71,Online
2026-04-07T23:20:00Z,GS-01,Geneva Prime,Europe,-78.24,352.86,43.61,96.77,57.28,61.76,133.42,21.56,Online
2026-04-07T23:20:00Z,GS-06,Tanegashima,Asia Pacific,-34.63,348.44,47.43,32.05,31.8,62.38,63.98,21.98,Online
2026-04-07T23:25:00Z,GS-01,Geneva Prime,Europe,-59.38,348.87,43.2,106.96,37.0,70.73,72.32,23.15,Online
2026-04-07T23:25:00Z,GS-06,Tanegashima,Asia Pacific,-53.36,350.05,41.48,135.55,33.25,56.77,73.97,21.99,Online
2026-04-07T23:30:00Z,GS-01,Geneva Prime,Europe,-45.57,352.51,45.83,130.55,52.21,54.12,34.11,20.82,Online
2026-04-07T23:30:00Z,GS-06,Tanegashima,Asia Pacific,-60.74,350.01,46.27,96.12,20.0,48.75,10.0,21.54,Online
2026-04-07T23:35:00Z,GS-01,Geneva Prime,Europe,-43.89,349.97,44.09,95.09,32.23,51.45,101.66,21.29,Online
2026-04-07T23:35:00Z,GS-06,Tanegashima,Asia Pacific,-82.3,349.57,51.15,133.85,39.58,60.7,60.46,22.8,Online
2026-04-07T23:40:00Z,GS-01,Geneva Prime,Europe,-72.81,353.91,48.3,143.62,53.9,69.87,67.5,21.09,Online
2026-04-07T23:40:00Z,GS-06,Tanegashima,Asia Pacific,-89.08,355.14,48.14,91.0,70.12,69.95,105.27,23.99,Online
2026-04-07T23:45:00Z,GS-01,Geneva Prime,Europe,-74.3,354.83,50.44,98.58,38.17,56.0,79.56,23.52,Online
2026-04-07T23:45:00Z,GS-06,Tanegashima,Asia Pacific,-62.41,357.83,48.97,73.65,34.45,56.4,26.53,21.24,Online
2026-04-07T23:50:00Z,GS-01,Geneva Prime,Europe,-37.3,357.44,47.16,157.47,33.83,52.3,129.18,23.0,Online
2026-04-07T23:50:00Z,GS-06,Tanegashima,Asia Pacific,-61.95,359.16,49.29,64.41,20.0,55.46,123.4,21.36,Online
2026-04-07T23:55:00Z,GS-01,Geneva Prime,Europe,-53.1,359.12,45.96,87.81,49.31,53.7,65.5,22.59,Online
2026-04-07T23:55:00Z,GS-06,Tanegashima,Asia Pacific,-58.91,0.84,50.11,71.32,39.27,60.16,133.54,21.29,Online
